filename,document_type,source_dataset,authenticity,width,height,file_size_bytes,aspect_ratio,mean_brightness,std_brightness,dark_pixel_ratio,color_saturation_mean
rahunok/rahunok_0000.png,рахунок,RVL-CDIP,,802,1000,100163,0.802,250.87102119700748,26.578633941083485,0.015261845386533666,0.0
rahunok/rahunok_0001.png,рахунок,RVL-CDIP,,777,1000,198897,0.777,234.1956241956242,65.28471613656995,0.08022393822393822,0.0
rahunok/rahunok_0002.png,рахунок,RVL-CDIP,,754,1000,349049,0.754,231.76577453580902,62.040539479943504,0.08344694960212201,0.0
rahunok/rahunok_0003.png,рахунок,RVL-CDIP,,776,1000,136111,0.776,246.79900128865978,39.76648984017525,0.03168298969072165,0.0
rahunok/rahunok_0004.png,рахунок,RVL-CDIP,,775,1000,188636,0.775,244.55639096774195,42.62921063559114,0.03992,0.0
rahunok/rahunok_0005.png,рахунок,RVL-CDIP,,777,1000,362129,0.777,245.13606435006434,37.58229317942048,0.028882882882882883,0.0
rahunok/rahunok_0006.png,рахунок,RVL-CDIP,,754,1000,109755,0.754,248.29549602122015,35.176456820751376,0.025830238726790453,0.0
rahunok/rahunok_0007.png,рахунок,RVL-CDIP,,762,1000,142980,0.762,224.93609186351705,78.34672692054318,0.11760761154855644,0.0
rahunok/rahunok_0008.png,рахунок,RVL-CDIP,,767,1000,159303,0.767,246.58745110821383,38.87913273818183,0.031985658409387226,0.0
rahunok/rahunok_0009.png,рахунок,RVL-CDIP,,754,1000,235243,0.754,242.17153050397877,43.37266189776546,0.047563660477453584,0.0
rahunok/rahunok_0010.png,рахунок,RVL-CDIP,,762,1000,175521,0.762,217.5041784776903,86.08100994922692,0.146503937007874,0.0
rahunok/rahunok_0011.png,рахунок,RVL-CDIP,,738,1000,205941,0.738,247.14064769647698,34.27527775788181,0.029437669376693766,0.0
rahunok/rahunok_0012.png,рахунок,RVL-CDIP,,786,1000,156732,0.786,248.810524173028,31.062289871991954,0.02352417302798982,0.0
rahunok/rahunok_0013.png,рахунок,RVL-CDIP,,754,1000,162672,0.754,247.00432360742707,36.96318316498704,0.029053050397877984,0.0
rahunok/rahunok_0014.png,рахунок,RVL-CDIP,,777,1000,150359,0.777,149.09228314028314,123.3776622738982,0.41517889317889317,0.0
rahunok/rahunok_0015.png,рахунок,RVL-CDIP,,777,1000,258873,0.777,213.7346640926641,89.08133804910808,0.16156113256113255,0.0
rahunok/rahunok_0016.png,рахунок,RVL-CDIP,,754,1000,247195,0.754,242.3562944297082,46.43683469632245,0.04611936339522547,0.0
rahunok/rahunok_0017.png,рахунок,RVL-CDIP,,779,1000,373137,0.779,239.48059306803594,48.92007763324927,0.04881643132220796,0.0
rahunok/rahunok_0018.png,рахунок,RVL-CDIP,,762,1000,139390,0.762,241.4814475065617,52.23164628510914,0.05233202099737533,0.0
rahunok/rahunok_0019.png,рахунок,RVL-CDIP,,762,1000,142258,0.762,247.43966404199475,36.52322854142597,0.02947244094488189,0.0
rahunok/rahunok_0020.png,рахунок,RVL-CDIP,,762,1000,158845,0.762,217.79789763779527,86.304589813501,0.14571391076115486,0.0
rahunok/rahunok_0021.png,рахунок,RVL-CDIP,,754,1000,107295,0.754,248.1891326259947,35.310718057717835,0.025580901856763927,0.0
rahunok/rahunok_0022.png,рахунок,RVL-CDIP,,772,1000,120316,0.772,247.02499093264248,38.7850069659612,0.0311580310880829,0.0
rahunok/rahunok_0023.png,рахунок,RVL-CDIP,,776,1000,174850,0.776,244.9052719072165,43.48271207648601,0.03871907216494845,0.0
rahunok/rahunok_0024.png,рахунок,RVL-CDIP,,754,1000,268216,0.754,240.87874137931036,47.330169527908346,0.05140053050397878,0.0
rahunok/rahunok_0025.png,рахунок,RVL-CDIP,,787,1000,96868,0.787,250.40965692503175,28.69954394900778,0.017829733163913595,0.0
rahunok/rahunok_0026.png,рахунок,RVL-CDIP,,754,1000,168383,0.754,243.4387427055703,42.66072922297106,0.044051724137931035,0.0
rahunok/rahunok_0027.png,рахунок,RVL-CDIP,,778,1000,292679,0.778,241.02834575835476,48.41355978512747,0.05429177377892031,0.0
rahunok/rahunok_0028.png,рахунок,RVL-CDIP,,762,1000,77672,0.762,217.3528188976378,88.47946560522446,0.14835958005249344,0.0
rahunok/rahunok_0029.png,рахунок,RVL-CDIP,,770,1000,117619,0.77,247.89877272727273,36.6955231856752,0.027346753246753248,0.0
rahunok/rahunok_0030.png,рахунок,RVL-CDIP,,762,1000,167124,0.762,218.4037309711286,85.38305492445257,0.14298031496062993,0.0
rahunok/rahunok_0031.png,рахунок,RVL-CDIP,,754,1000,177316,0.754,244.2430305039788,43.487293288424446,0.040956233421750664,0.0
rahunok/rahunok_0032.png,рахунок,RVL-CDIP,,767,1000,151746,0.767,246.7103142112125,38.74690610526828,0.03115775749674055,0.0
rahunok/rahunok_0033.png,рахунок,RVL-CDIP,,762,1000,110628,0.762,247.58096981627295,37.07231629518045,0.028311023622047245,0.0
rahunok/rahunok_0034.png,рахунок,RVL-CDIP,,754,1000,346818,0.754,238.69282891246684,50.87858059045194,0.057677718832891245,0.0
rahunok/rahunok_0035.png,рахунок,RVL-CDIP,,754,1000,154010,0.754,246.900099469496,36.805370600360675,0.03112599469496021,0.0
rahunok/rahunok_0036.png,рахунок,RVL-CDIP,,754,1000,93289,0.754,249.7428594164456,31.096434556320332,0.020221485411140584,0.0
rahunok/rahunok_0037.png,рахунок,RVL-CDIP,,754,1000,203935,0.754,242.04197347480107,48.95779619753316,0.045917771883289125,0.0
rahunok/rahunok_0038.png,рахунок,RVL-CDIP,,754,1000,165616,0.754,242.53464323607426,48.61111438504582,0.04763793103448276,0.0
rahunok/rahunok_0039.png,рахунок,RVL-CDIP,,754,1000,187868,0.754,243.859400530504,44.528349548201184,0.04269098143236074,0.0
rahunok/rahunok_0040.png,рахунок,RVL-CDIP,,777,1000,177918,0.777,240.71067953667955,53.63589879803312,0.05507979407979408,0.0
rahunok/rahunok_0041.png,рахунок,RVL-CDIP,,762,1000,60395,0.762,251.6227965879265,25.446127484110924,0.013241469816272966,0.0
rahunok/rahunok_0042.png,рахунок,RVL-CDIP,,802,1000,210935,0.802,242.7070162094763,47.28848847018954,0.04797381546134663,0.0
rahunok/rahunok_0043.png,рахунок,RVL-CDIP,,773,1000,491050,0.773,221.29329236739974,74.44723612499402,0.12772833117723156,0.0
rahunok/rahunok_0044.png,рахунок,RVL-CDIP,,777,1000,402649,0.777,232.66479279279278,62.11271436722023,0.08344144144144144,0.0
rahunok/rahunok_0045.png,рахунок,RVL-CDIP,,754,1000,111236,0.754,246.60766047745358,40.781908022475974,0.03191777188328913,0.0
rahunok/rahunok_0046.png,рахунок,RVL-CDIP,,754,1000,170575,0.754,243.35073872679044,45.01071917261171,0.04496949602122016,0.0
rahunok/rahunok_0047.png,рахунок,RVL-CDIP,,762,1000,138888,0.762,244.79692913385827,43.62876054250558,0.039993438320209976,0.0
rahunok/rahunok_0048.png,рахунок,RVL-CDIP,,754,1000,109914,0.754,249.98874933687003,29.018076172885117,0.019510610079575597,0.0
rahunok/rahunok_0049.png,рахунок,RVL-CDIP,,762,1000,445176,0.762,233.11756824146983,54.963934732496675,0.07000656167979002,0.0
rahunok/rahunok_0050.png,рахунок,RVL-CDIP,,754,1000,208274,0.754,241.88679973474802,47.83715711472946,0.04996419098143236,0.0
rahunok/rahunok_0051.png,рахунок,RVL-CDIP,,754,1000,246806,0.754,245.4651153846154,35.41622049725654,0.031496021220159154,0.0
rahunok/rahunok_0052.png,рахунок,RVL-CDIP,,777,1000,213669,0.777,248.4581994851995,30.040268563087867,0.02058815958815959,0.0
rahunok/rahunok_0053.png,рахунок,RVL-CDIP,,754,1000,215969,0.754,241.3615623342175,49.344263781813495,0.053622015915119364,0.0
rahunok/rahunok_0054.png,рахунок,RVL-CDIP,,754,1000,524068,0.754,68.61240318302387,102.3099235835297,0.7350344827586207,0.0
rahunok/rahunok_0055.png,рахунок,RVL-CDIP,,754,1000,60948,0.754,252.25074801061007,22.323232553599215,0.010594164456233422,0.0
rahunok/rahunok_0056.png,рахунок,RVL-CDIP,,754,1000,68941,0.754,251.833200265252,23.884293727616384,0.012033156498673741,0.0
rahunok/rahunok_0057.png,рахунок,RVL-CDIP,,775,1000,155053,0.775,233.58019096774194,66.86295802987979,0.08333548387096774,0.0
rahunok/rahunok_0058.png,рахунок,RVL-CDIP,,777,1000,226357,0.777,239.88588545688546,53.40616677581084,0.05792406692406692,0.0
rahunok/rahunok_0059.png,рахунок,RVL-CDIP,,754,1000,212472,0.754,239.08391114058355,53.843410474202216,0.061409814323607426,0.0
rahunok/rahunok_0060.png,рахунок,RVL-CDIP,,754,1000,183959,0.754,239.35849602122016,54.803854735459694,0.060628647214854114,0.0
rahunok/rahunok_0061.png,рахунок,RVL-CDIP,,777,1000,308008,0.777,237.54904247104247,55.580502483826976,0.06355341055341056,0.0
rahunok/rahunok_0062.png,рахунок,RVL-CDIP,,763,1000,154052,0.763,243.8879384010485,46.256588371334196,0.042605504587155965,0.0
rahunok/rahunok_0063.png,рахунок,RVL-CDIP,,754,1000,104365,0.754,248.3374694960212,35.51258689348196,0.025741379310344828,0.0
rahunok/rahunok_0064.png,рахунок,RVL-CDIP,,754,1000,135253,0.754,247.7260225464191,35.89702190590495,0.027057029177718833,0.0
rahunok/rahunok_0065.png,рахунок,RVL-CDIP,,785,1000,250781,0.785,242.870276433121,45.73327677870039,0.04521656050955414,0.0
rahunok/rahunok_0066.png,рахунок,RVL-CDIP,,777,1000,325648,0.777,239.7396422136422,45.48254072850791,0.05832947232947233,0.0
rahunok/rahunok_0067.png,рахунок,RVL-CDIP,,772,1000,360898,0.772,234.3781230569948,57.75413890379232,0.07976036269430052,0.0
rahunok/rahunok_0068.png,рахунок,RVL-CDIP,,777,1000,259486,0.777,244.71359459459458,41.34257516765621,0.03637323037323038,0.0
rahunok/rahunok_0069.png,рахунок,RVL-CDIP,,754,1000,328851,0.754,234.66794297082228,58.38763939752871,0.07753183023872678,0.0
rahunok/rahunok_0070.png,рахунок,RVL-CDIP,,813,1000,203505,0.813,245.30883886838868,38.355071715516964,0.037211562115621155,0.0
rahunok/rahunok_0071.png,рахунок,RVL-CDIP,,777,1000,176045,0.777,233.86105791505793,66.49571701296797,0.08133590733590734,0.0
rahunok/rahunok_0072.png,рахунок,RVL-CDIP,,754,1000,157891,0.754,240.05935809018567,54.37358062258342,0.05796286472148541,0.0
rahunok/rahunok_0073.png,рахунок,RVL-CDIP,,777,1000,237808,0.777,241.5764272844273,49.99288339884414,0.05080952380952381,0.0
rahunok/rahunok_0074.png,рахунок,RVL-CDIP,,754,1000,100443,0.754,250.74566180371352,27.628385201561013,0.015935013262599468,0.0
rahunok/rahunok_0075.png,рахунок,RVL-CDIP,,777,1000,146903,0.777,239.1115842985843,57.963575285551705,0.061047619047619045,0.0
rahunok/rahunok_0076.png,рахунок,RVL-CDIP,,754,1000,80362,0.754,246.81382625994695,40.69548546155025,0.031816976127320956,0.0
rahunok/rahunok_0077.png,рахунок,RVL-CDIP,,808,1000,620962,0.808,220.95865099009902,73.3776807371178,0.11966460396039603,0.0
rahunok/rahunok_0078.png,рахунок,RVL-CDIP,,754,1000,198063,0.754,243.2261697612732,46.81378567192251,0.044084880636604776,0.0
rahunok/rahunok_0079.png,рахунок,RVL-CDIP,,777,1000,264365,0.777,132.87300128700127,123.79401465489799,0.47794465894465893,0.0
rahunok/rahunok_0080.png,рахунок,RVL-CDIP,,808,1000,70412,0.808,252.49505816831683,20.450453959813668,0.009466584158415841,0.0
rahunok/rahunok_0081.png,рахунок,RVL-CDIP,,784,1000,268072,0.784,237.83916836734693,52.572950948669835,0.06722576530612245,0.0
rahunok/rahunok_0082.png,рахунок,RVL-CDIP,,777,1000,219509,0.777,230.11022393822392,71.23843479468216,0.09552252252252252,0.0
rahunok/rahunok_0083.png,рахунок,RVL-CDIP,,754,1000,215264,0.754,238.98684350132626,52.83667587597391,0.06254907161803713,0.0
rahunok/rahunok_0084.png,рахунок,RVL-CDIP,,777,1000,236702,0.777,243.45520463320463,45.59004377259591,0.04236808236808237,0.0
rahunok/rahunok_0085.png,рахунок,RVL-CDIP,,790,1000,529747,0.79,240.47141772151897,40.97642981977415,0.03256962025316456,0.0
rahunok/rahunok_0086.png,рахунок,RVL-CDIP,,754,1000,97687,0.754,250.9583673740053,26.71029496112181,0.015360742705570292,0.0
rahunok/rahunok_0087.png,рахунок,RVL-CDIP,,762,1000,125565,0.762,216.4695813648294,88.06687643845028,0.15051443569553805,0.0
rahunok/rahunok_0088.png,рахунок,RVL-CDIP,,754,1000,60244,0.754,252.47911140583554,20.979932277335777,0.009745358090185676,0.0
rahunok/rahunok_0089.png,рахунок,RVL-CDIP,,754,1000,144007,0.754,247.74235145888593,35.48481844452545,0.02693633952254642,0.0
rahunok/rahunok_0090.png,рахунок,RVL-CDIP,,754,1000,152482,0.754,243.1143023872679,47.91244533232347,0.04603978779840849,0.0
rahunok/rahunok_0091.png,рахунок,RVL-CDIP,,754,1000,97523,0.754,251.20927055702919,24.3985914386343,0.014282493368700265,0.0
rahunok/rahunok_0092.png,рахунок,RVL-CDIP,,773,1000,117332,0.773,247.97699223803363,36.47569148909943,0.027746442432082793,0.0
rahunok/rahunok_0093.png,рахунок,RVL-CDIP,,754,1000,143194,0.754,246.46157957559683,39.88712590543041,0.03294297082228117,0.0
rahunok/rahunok_0094.png,рахунок,RVL-CDIP,,777,1000,271811,0.777,221.2842368082368,80.74243395255233,0.13108108108108107,0.0
rahunok/rahunok_0095.png,рахунок,RVL-CDIP,,754,1000,88399,0.754,242.9610901856764,51.14673752289483,0.046648541114058355,0.0
rahunok/rahunok_0096.png,рахунок,RVL-CDIP,,754,1000,217659,0.754,237.66935411140582,54.00033444568615,0.06676923076923078,0.0
rahunok/rahunok_0097.png,рахунок,RVL-CDIP,,754,1000,90391,0.754,248.61003580901857,35.48418141718256,0.025107427055702916,0.0
rahunok/rahunok_0098.png,рахунок,RVL-CDIP,,781,1000,305832,0.781,233.62180025608194,60.56463536704569,0.0831472471190781,0.0
rahunok/rahunok_0099.png,рахунок,RVL-CDIP,,754,1000,156472,0.754,240.71060344827586,52.78379000257922,0.055997347480106104,0.0
rahunok/rahunok_0100.png,рахунок,RVL-CDIP,,754,1000,138926,0.754,245.34870424403184,42.21606273796208,0.03674137931034483,0.0
rahunok/rahunok_0101.png,рахунок,RVL-CDIP,,754,1000,90146,0.754,250.7094098143236,26.380763559669813,0.01637002652519894,0.0
rahunok/rahunok_0102.png,рахунок,RVL-CDIP,,776,1000,123937,0.776,235.70332860824743,64.07767383235544,0.07478350515463918,0.0
rahunok/rahunok_0103.png,рахунок,RVL-CDIP,,754,1000,90680,0.754,251.76720689655173,22.830697979599933,0.011721485411140584,0.0
rahunok/rahunok_0104.png,рахунок,RVL-CDIP,,754,1000,185830,0.754,245.91209549071618,37.16257350634135,0.03461405835543767,0.0
rahunok/rahunok_0105.png,рахунок,RVL-CDIP,,754,1000,349184,0.754,227.86909681697614,67.45860330686251,0.10340318302387268,0.0
rahunok/rahunok_0106.png,рахунок,RVL-CDIP,,754,1000,152207,0.754,239.17472546419097,56.67407455777582,0.06147082228116711,0.0
rahunok/rahunok_0107.png,рахунок,RVL-CDIP,,783,1000,274737,0.783,241.55555172413793,45.36335834729278,0.05280715197956577,0.0
rahunok/rahunok_0108.png,рахунок,RVL-CDIP,,762,1000,153944,0.762,216.09365091863518,87.93371169282926,0.15196719160104988,0.0
rahunok/rahunok_0109.png,рахунок,RVL-CDIP,,754,1000,107580,0.754,248.9348076923077,32.95693316431264,0.02380636604774536,0.0
rahunok/rahunok_0110.png,рахунок,RVL-CDIP,,780,1000,174713,0.78,238.69803333333334,57.02178931915294,0.06363974358974359,0.0
rahunok/rahunok_0111.png,рахунок,RVL-CDIP,,772,1000,280009,0.772,229.42228626943006,68.81099983954635,0.10293005181347151,0.0
rahunok/rahunok_0112.png,рахунок,RVL-CDIP,,762,1000,395026,0.762,245.529968503937,34.72457289559024,0.027026246719160103,0.0
rahunok/rahunok_0113.png,рахунок,RVL-CDIP,,772,1000,111539,0.772,245.7573147668394,42.90644970650063,0.03606217616580311,0.0
rahunok/rahunok_0114.png,рахунок,RVL-CDIP,,771,1000,270495,0.771,239.4900025940337,53.55910466511905,0.05866407263294423,0.0
rahunok/rahunok_0115.png,рахунок,RVL-CDIP,,762,1000,157206,0.762,235.15895406824146,59.24791915243019,0.07796062992125984,0.0
rahunok/rahunok_0116.png,рахунок,RVL-CDIP,,768,1000,189896,0.768,242.50694661458334,46.45703249682671,0.04836328125,0.0
rahunok/rahunok_0117.png,рахунок,RVL-CDIP,,754,1000,144576,0.754,243.96909681697613,46.2737696167316,0.042014588859416446,0.0
rahunok/rahunok_0118.png,рахунок,RVL-CDIP,,777,1000,433260,0.777,234.04420463320463,58.73986410775047,0.0753011583011583,0.0
rahunok/rahunok_0119.png,рахунок,RVL-CDIP,,778,1000,962743,0.778,206.2388856041131,79.2307775572813,0.1684228791773779,0.0
rahunok/rahunok_0120.png,рахунок,RVL-CDIP,,770,1000,137912,0.77,248.5673961038961,33.80697508294237,0.024203896103896103,0.0
rahunok/rahunok_0121.png,рахунок,RVL-CDIP,,777,1000,318660,0.777,229.6065160875161,69.52904318402702,0.0958005148005148,0.0
rahunok/rahunok_0122.png,рахунок,RVL-CDIP,,777,1000,93027,0.777,250.38447876447876,28.995915853489212,0.017262548262548263,0.0
rahunok/rahunok_0123.png,рахунок,RVL-CDIP,,752,1000,192915,0.752,245.96284175531915,38.30299670737072,0.034761968085106384,0.0
rahunok/rahunok_0124.png,рахунок,RVL-CDIP,,776,1000,473875,0.776,237.6701082474227,49.53775160221459,0.05861855670103093,0.0
rahunok/rahunok_0125.png,рахунок,RVL-CDIP,,762,1000,125935,0.762,247.08383333333333,37.39585969550536,0.028454068241469815,0.0
rahunok/rahunok_0126.png,рахунок,RVL-CDIP,,787,1000,251038,0.787,227.59302668360863,73.36449971694213,0.10750190597204574,0.0
rahunok/rahunok_0127.png,рахунок,RVL-CDIP,,772,1000,160842,0.772,216.765457253886,87.53508856074545,0.14904922279792746,0.0
rahunok/rahunok_0128.png,рахунок,RVL-CDIP,,777,1000,391958,0.777,193.17482239382238,103.19499654678752,0.24319305019305018,0.0
rahunok/rahunok_0129.png,рахунок,RVL-CDIP,,754,1000,207051,0.754,242.6130079575597,45.22699920753353,0.04595490716180371,0.0
rahunok/rahunok_0130.png,рахунок,RVL-CDIP,,762,1000,189419,0.762,240.82011286089238,50.968952287741764,0.05320472440944882,0.0
rahunok/rahunok_0131.png,рахунок,RVL-CDIP,,754,1000,150677,0.754,245.57681962864723,40.74414134144707,0.03629575596816976,0.0
rahunok/rahunok_0132.png,рахунок,RVL-CDIP,,782,1000,113103,0.782,250.94591560102302,25.164962056140563,0.015675191815856776,0.0
rahunok/rahunok_0133.png,рахунок,RVL-CDIP,,777,1000,171896,0.777,248.13011196911197,34.60578628070553,0.023911196911196912,0.0
rahunok/rahunok_0134.png,рахунок,RVL-CDIP,,754,1000,96242,0.754,249.68590848806366,31.981863317670232,0.01889389920424403,0.0
rahunok/rahunok_0135.png,рахунок,RVL-CDIP,,784,1000,664963,0.784,229.57092857142857,59.63175403286167,0.08231632653061224,0.0
rahunok/rahunok_0136.png,рахунок,RVL-CDIP,,766,1000,323010,0.766,193.2034686684073,102.41514545984414,0.23820496083550913,0.0
rahunok/rahunok_0137.png,рахунок,RVL-CDIP,,785,1000,471914,0.785,226.25122420382166,68.92801803213919,0.10872484076433121,0.0
rahunok/rahunok_0138.png,рахунок,RVL-CDIP,,772,1000,153799,0.772,239.0533121761658,56.718860791362,0.06241062176165803,0.0
rahunok/rahunok_0139.png,рахунок,RVL-CDIP,,762,1000,703130,0.762,218.2226377952756,71.15796162959036,0.13051837270341207,0.0
rahunok/rahunok_0140.png,рахунок,RVL-CDIP,,787,1000,328777,0.787,176.95333036848794,111.97798975317771,0.30464930114358324,0.0
rahunok/rahunok_0141.png,рахунок,RVL-CDIP,,754,1000,74980,0.754,246.79876392572945,42.18023730565981,0.032124668435013264,0.0
rahunok/rahunok_0142.png,рахунок,RVL-CDIP,,803,1000,191349,0.803,245.53186301369863,40.848918869331044,0.034620174346201744,0.0
rahunok/rahunok_0143.png,рахунок,RVL-CDIP,,754,1000,103674,0.754,250.55570424403183,28.039430609776765,0.016782493368700264,0.0
rahunok/rahunok_0144.png,рахунок,RVL-CDIP,,777,1000,244602,0.777,242.17944272844272,47.957051273459,0.04642213642213642,0.0
rahunok/rahunok_0145.png,рахунок,RVL-CDIP,,754,1000,211247,0.754,243.40238726790452,45.05184219337909,0.044850132625994694,0.0
rahunok/rahunok_0146.png,рахунок,RVL-CDIP,,728,1000,93549,0.728,251.513114010989,22.949997450278083,0.013239010989010988,0.0
rahunok/rahunok_0147.png,рахунок,RVL-CDIP,,754,1000,631995,0.754,223.4789098143236,65.27397463578527,0.11035278514588859,0.0
rahunok/rahunok_0148.png,рахунок,RVL-CDIP,,754,1000,131236,0.754,246.67596419098143,39.71944772173542,0.033555702917771886,0.0
rahunok/rahunok_0149.png,рахунок,RVL-CDIP,,752,1000,176129,0.752,244.5509720744681,44.060878764340615,0.03998537234042553,0.0
rahunok/rahunok_0150.png,рахунок,RVL-CDIP,,768,1000,162435,0.768,244.16366145833334,45.457792366128565,0.04182291666666667,0.0
rahunok/rahunok_0151.png,рахунок,RVL-CDIP,,772,1000,302946,0.772,238.62945725388602,50.13069418915695,0.06176683937823834,0.0
rahunok/rahunok_0152.png,рахунок,RVL-CDIP,,754,1000,178626,0.754,241.89006896551723,49.87030111935657,0.05047745358090186,0.0
rahunok/rahunok_0153.png,рахунок,RVL-CDIP,,754,1000,350662,0.754,242.3432228116711,40.69632627937511,0.040489389920424404,0.0
rahunok/rahunok_0154.png,рахунок,RVL-CDIP,,754,1000,80109,0.754,249.91698673740052,31.74740692086146,0.01963527851458886,0.0
rahunok/rahunok_0155.png,рахунок,RVL-CDIP,,784,1000,261687,0.784,233.37395280612245,64.1581395440826,0.08328826530612245,0.0
rahunok/rahunok_0156.png,рахунок,RVL-CDIP,,787,1000,211424,0.787,240.43675095298602,51.109264641684156,0.05663913595933926,0.0
rahunok/rahunok_0157.png,рахунок,RVL-CDIP,,754,1000,129429,0.754,243.5461525198939,48.28333932820209,0.04453846153846154,0.0
rahunok/rahunok_0158.png,рахунок,RVL-CDIP,,754,1000,183200,0.754,236.33499336870025,58.98492650927859,0.0729973474801061,0.0
rahunok/rahunok_0159.png,рахунок,RVL-CDIP,,754,1000,131719,0.754,247.408850132626,37.8601274962974,0.029249336870026524,0.0
rahunok/rahunok_0160.png,рахунок,RVL-CDIP,,754,1000,214034,0.754,232.6648846153846,66.53528663378754,0.08688328912466843,0.0
rahunok/rahunok_0161.png,рахунок,RVL-CDIP,,754,1000,92062,0.754,251.36109549071617,25.26234194193824,0.01366976127320955,0.0
rahunok/rahunok_0162.png,рахунок,RVL-CDIP,,754,1000,199292,0.754,244.9512970822281,41.651813840402696,0.03722413793103448,0.0
rahunok/rahunok_0163.png,рахунок,RVL-CDIP,,770,1000,187152,0.77,240.93074415584417,51.71877533169039,0.054976623376623374,0.0
rahunok/rahunok_0164.png,рахунок,RVL-CDIP,,781,1000,196034,0.781,244.95371702944942,42.02194491031332,0.03897951344430218,0.0
rahunok/rahunok_0165.png,рахунок,RVL-CDIP,,777,1000,158432,0.777,248.19327541827542,34.50456619968052,0.024882882882882883,0.0
rahunok/rahunok_0166.png,рахунок,RVL-CDIP,,754,1000,114438,0.754,249.58023342175068,29.980754618232517,0.020586206896551724,0.0
rahunok/rahunok_0167.png,рахунок,RVL-CDIP,,777,1000,607821,0.777,232.43084041184042,53.51201700003572,0.07345431145431146,0.0
rahunok/rahunok_0168.png,рахунок,RVL-CDIP,,754,1000,301659,0.754,228.84930371352786,68.706970774948,0.10185809018567639,0.0
rahunok/rahunok_0169.png,рахунок,RVL-CDIP,,808,1000,658569,0.808,218.9639962871287,74.25881767170807,0.12871163366336633,0.0
rahunok/rahunok_0170.png,рахунок,RVL-CDIP,,754,1000,289846,0.754,223.90739389920424,76.36724729829612,0.1200132625994695,0.0
rahunok/rahunok_0171.png,рахунок,RVL-CDIP,,754,1000,142258,0.754,245.90769098143235,39.595650402149346,0.03166710875331565,0.0
rahunok/rahunok_0172.png,рахунок,RVL-CDIP,,807,1000,189335,0.807,245.34113382899628,41.22505290556159,0.034949194547707556,0.0
rahunok/rahunok_0173.png,рахунок,RVL-CDIP,,762,1000,103419,0.762,226.8321089238845,77.11770087115005,0.11044750656167979,0.0
rahunok/rahunok_0174.png,рахунок,RVL-CDIP,,773,1000,118849,0.773,248.08833893919794,36.04079687935372,0.026415265200517464,0.0
rahunok/rahunok_0175.png,рахунок,RVL-CDIP,,777,1000,171492,0.777,243.7976628056628,46.7567453114303,0.04295624195624195,0.0
rahunok/rahunok_0176.png,рахунок,RVL-CDIP,,754,1000,112686,0.754,248.51547612732097,34.488242978231824,0.024907161803713527,0.0
rahunok/rahunok_0177.png,рахунок,RVL-CDIP,,770,1000,119838,0.77,248.46775194805195,35.15051046623893,0.025118181818181817,0.0
rahunok/rahunok_0178.png,рахунок,RVL-CDIP,,754,1000,267595,0.754,238.96809416445623,52.57403363374011,0.06147082228116711,0.0
rahunok/rahunok_0179.png,рахунок,RVL-CDIP,,754,1000,205158,0.754,244.95631830238727,39.99431921364426,0.032590185676392575,0.0
rahunok/rahunok_0180.png,рахунок,RVL-CDIP,,754,1000,109355,0.754,237.95501061007957,60.44760345748379,0.06657559681697613,0.0
rahunok/rahunok_0181.png,рахунок,RVL-CDIP,,777,1000,323053,0.777,214.45842084942086,86.96493984824419,0.15544144144144145,0.0
rahunok/rahunok_0182.png,рахунок,RVL-CDIP,,754,1000,400182,0.754,223.29988328912466,73.60677940599079,0.12185145888594165,0.0
rahunok/rahunok_0183.png,рахунок,RVL-CDIP,,754,1000,115562,0.754,250.0261326259947,29.318269647491036,0.018843501326259948,0.0
rahunok/rahunok_0184.png,рахунок,RVL-CDIP,,754,1000,309323,0.754,237.4775344827586,54.60239009955842,0.06758355437665782,0.0
rahunok/rahunok_0185.png,рахунок,RVL-CDIP,,752,1000,203489,0.752,243.32511436170213,45.38173090705004,0.0449375,0.0
rahunok/rahunok_0186.png,рахунок,RVL-CDIP,,767,1000,169408,0.767,233.01796088657105,66.4180437282435,0.08589960886571056,0.0
rahunok/rahunok_0187.png,рахунок,RVL-CDIP,,754,1000,176825,0.754,247.38233819628647,34.85314449083305,0.029461538461538463,0.0
rahunok/rahunok_0188.png,рахунок,RVL-CDIP,,762,1000,147951,0.762,244.7813503937008,44.08064730273231,0.03899868766404199,0.0
lyst/lyst_0000.png,лист,RVL-CDIP,,762,1000,122757,0.762,248.8393845144357,33.135183215244055,0.023141732283464566,0.0
lyst/lyst_0001.png,лист,RVL-CDIP,,777,1000,687080,0.777,233.61567824967824,50.5425450536357,0.05978249678249678,0.0
lyst/lyst_0002.png,лист,RVL-CDIP,,783,1000,93820,0.783,251.9041264367816,21.7370889694962,0.01149169859514687,0.0
lyst/lyst_0003.png,лист,RVL-CDIP,,754,1000,85674,0.754,250.27427055702918,29.42644854216668,0.017681697612732094,0.0
lyst/lyst_0004.png,лист,RVL-CDIP,,803,1000,237318,0.803,243.50259900373598,44.600778472114754,0.04323785803237858,0.0
lyst/lyst_0005.png,лист,RVL-CDIP,,754,1000,128987,0.754,245.32948806366048,43.342919992519825,0.0379973474801061,0.0
lyst/lyst_0006.png,лист,RVL-CDIP,,778,1000,284296,0.778,232.3883881748072,64.85562770580593,0.088353470437018,0.0
lyst/lyst_0007.png,лист,RVL-CDIP,,754,1000,123184,0.754,247.85693633952255,36.00967858628002,0.027809018567639256,0.0
lyst/lyst_0008.png,лист,RVL-CDIP,,777,1000,124616,0.777,250.74443629343628,25.798382142466256,0.015476190476190477,0.0
lyst/lyst_0009.png,лист,RVL-CDIP,,754,1000,148590,0.754,244.8123275862069,44.046728629238515,0.039751989389920424,0.0
lyst/lyst_0010.png,лист,RVL-CDIP,,778,1000,482455,0.778,205.1653174807198,91.56311820193024,0.19472879177377891,0.0
lyst/lyst_0011.png,лист,RVL-CDIP,,754,1000,85828,0.754,249.47897214854112,32.77635842932855,0.021311671087533155,0.0
lyst/lyst_0012.png,лист,RVL-CDIP,,754,1000,164917,0.754,244.95460079575597,43.21070854327038,0.03926525198938992,0.0
lyst/lyst_0013.png,лист,RVL-CDIP,,770,1000,294907,0.77,240.2606922077922,49.35570756703753,0.05660909090909091,0.0
lyst/lyst_0014.png,лист,RVL-CDIP,,777,1000,241243,0.777,244.79764607464608,40.71509899086735,0.03861904761904762,0.0
lyst/lyst_0015.png,лист,RVL-CDIP,,754,1000,114452,0.754,249.30062599469497,31.19226682934342,0.020953580901856762,0.0
lyst/lyst_0016.png,лист,RVL-CDIP,,754,1000,147033,0.754,246.92177188328913,38.2060572952609,0.030287798408488064,0.0
lyst/lyst_0017.png,лист,RVL-CDIP,,784,1000,152940,0.784,246.7065548469388,39.06791696668271,0.03171045918367347,0.0
lyst/lyst_0018.png,лист,RVL-CDIP,,788,1000,119394,0.788,244.6645964467005,46.154915010032646,0.0399505076142132,0.0
lyst/lyst_0019.png,лист,RVL-CDIP,,754,1000,165645,0.754,244.1171671087533,45.10144349747166,0.041623342175066316,0.0
lyst/lyst_0020.png,лист,RVL-CDIP,,754,1000,126947,0.754,243.65870159151194,47.70996770119303,0.044128647214854114,0.0
lyst/lyst_0021.png,лист,RVL-CDIP,,762,1000,176635,0.762,242.9256154855643,47.647037606401085,0.047468503937007876,0.0
lyst/lyst_0022.png,лист,RVL-CDIP,,774,1000,141022,0.774,247.3133992248062,37.834710684839095,0.029440568475452195,0.0
lyst/lyst_0023.png,лист,RVL-CDIP,,754,1000,57382,0.754,249.5783673740053,33.83982028327025,0.021038461538461537,0.0
lyst/lyst_0024.png,лист,RVL-CDIP,,780,1000,21510,0.78,253.0778871794872,20.3041460398556,0.007462820512820513,0.0
lyst/lyst_0025.png,лист,RVL-CDIP,,781,1000,286598,0.781,236.9493943661972,56.80940217345561,0.06992957746478873,0.0
lyst/lyst_0026.png,лист,RVL-CDIP,,754,1000,131469,0.754,247.53730636604774,37.439039019689204,0.02863793103448276,0.0
lyst/lyst_0027.png,лист,RVL-CDIP,,754,1000,221097,0.754,242.51248673740054,46.48280207963184,0.04840053050397878,0.0
lyst/lyst_0028.png,лист,RVL-CDIP,,762,1000,106890,0.762,222.5431496062992,82.68408193738388,0.12726509186351706,0.0
lyst/lyst_0029.png,лист,RVL-CDIP,,754,1000,163420,0.754,246.51941114058354,38.61566472559634,0.03241777188328913,0.0
lyst/lyst_0030.png,лист,RVL-CDIP,,777,1000,80098,0.777,250.06719819819818,31.647678308482867,0.019216216216216216,0.0
lyst/lyst_0031.png,лист,RVL-CDIP,,754,1000,136001,0.754,247.8278421750663,35.548957382279625,0.027379310344827587,0.0
lyst/lyst_0032.png,лист,RVL-CDIP,,811,1000,275713,0.811,240.65931442663378,49.397371370565914,0.05559556103575832,0.0
lyst/lyst_0033.png,лист,RVL-CDIP,,754,1000,221144,0.754,243.8250198938992,43.44141899863527,0.04330106100795756,0.0
lyst/lyst_0034.png,лист,RVL-CDIP,,786,1000,377084,0.786,238.93744402035622,50.60054600457003,0.06011959287531807,0.0
lyst/lyst_0035.png,лист,RVL-CDIP,,754,1000,239520,0.754,237.1731578249337,57.20532444637368,0.06877453580901857,0.0
lyst/lyst_0036.png,лист,RVL-CDIP,,772,1000,234945,0.772,242.06159844559585,47.83197928061239,0.05064119170984456,0.0
lyst/lyst_0037.png,лист,RVL-CDIP,,762,1000,288861,0.762,237.33981233595802,55.58114973670499,0.06737664041994751,0.0
lyst/lyst_0038.png,лист,RVL-CDIP,,778,1000,115573,0.778,250.21655141388175,28.315420305532744,0.018695372750642675,0.0
lyst/lyst_0039.png,лист,RVL-CDIP,,790,1000,331436,0.79,235.73347848101267,58.452586036728796,0.0703632911392405,0.0
lyst/lyst_0040.png,лист,RVL-CDIP,,768,1000,193023,0.768,246.89566666666667,36.293661026429795,0.03137760416666667,0.0
lyst/lyst_0041.png,лист,RVL-CDIP,,774,1000,306114,0.774,233.99007493540051,61.61832351635316,0.08045994832041344,0.0
lyst/lyst_0042.png,лист,RVL-CDIP,,792,1000,191812,0.792,242.68508964646463,48.26427445629396,0.04750126262626263,0.0
lyst/lyst_0043.png,лист,RVL-CDIP,,785,1000,215660,0.785,238.9206178343949,55.2593685206392,0.06251847133757962,0.0
lyst/lyst_0044.png,лист,RVL-CDIP,,772,1000,143810,0.772,241.64240414507773,52.33480477662693,0.052676165803108806,0.0
lyst/lyst_0045.png,лист,RVL-CDIP,,754,1000,68912,0.754,251.50380901856764,25.70563642690193,0.013603448275862068,0.0
lyst/lyst_0046.png,лист,RVL-CDIP,,754,1000,206477,0.754,239.45240318302388,54.376372934225834,0.06094164456233422,0.0
lyst/lyst_0047.png,лист,RVL-CDIP,,754,1000,263398,0.754,235.0433726790451,60.270057631691564,0.07753315649867373,0.0
lyst/lyst_0048.png,лист,RVL-CDIP,,772,1000,154358,0.772,248.00602590673574,35.78914701413445,0.026571243523316062,0.0
lyst/lyst_0049.png,лист,RVL-CDIP,,754,1000,362303,0.754,228.62014854111405,68.29352433565596,0.09853978779840848,0.0
lyst/lyst_0050.png,лист,RVL-CDIP,,772,1000,240944,0.772,240.31583290155442,51.649833420103185,0.05740673575129534,0.0
lyst/lyst_0051.png,лист,RVL-CDIP,,771,1000,254981,0.771,243.5381335927367,42.77677950588675,0.04261089494163424,0.0
lyst/lyst_0052.png,лист,RVL-CDIP,,754,1000,165401,0.754,241.02381299734748,52.127657746842296,0.054893899204244034,0.0
lyst/lyst_0053.png,лист,RVL-CDIP,,762,1000,81165,0.762,248.8267755905512,35.06476609629616,0.024333333333333332,0.0
lyst/lyst_0054.png,лист,RVL-CDIP,,754,1000,196483,0.754,248.2776047745358,29.959944289819717,0.023411140583554375,0.0
lyst/lyst_0055.png,лист,RVL-CDIP,,754,1000,203518,0.754,239.0759177718833,55.33475158083871,0.062249336870026525,0.0
lyst/lyst_0056.png,лист,RVL-CDIP,,754,1000,184687,0.754,237.71570689655172,57.81442298438632,0.06721618037135278,0.0
lyst/lyst_0057.png,лист,RVL-CDIP,,754,1000,204129,0.754,245.55940583554377,38.583368228265776,0.036823607427055705,0.0
lyst/lyst_0058.png,лист,RVL-CDIP,,787,1000,204928,0.787,240.70766327827192,52.411128038716015,0.05551969504447268,0.0
lyst/lyst_0059.png,лист,RVL-CDIP,,762,1000,977874,0.762,172.7472375328084,97.86068183624815,0.3208175853018373,0.0
lyst/lyst_0060.png,лист,RVL-CDIP,,754,1000,152671,0.754,247.6959694960212,35.13934224121103,0.028172413793103448,0.0
lyst/lyst_0061.png,лист,RVL-CDIP,,754,1000,198086,0.754,235.74340185676394,60.939994181281634,0.0753580901856764,0.0
lyst/lyst_0062.png,лист,RVL-CDIP,,784,1000,306341,0.784,235.95720280612244,58.095452672359116,0.07280357142857143,0.0
lyst/lyst_0063.png,лист,RVL-CDIP,,780,1000,223938,0.78,237.24211282051283,58.163663975227415,0.06861923076923077,0.0
lyst/lyst_0064.png,лист,RVL-CDIP,,754,1000,241506,0.754,239.8073899204244,52.29879087848916,0.058932360742705574,0.0
lyst/lyst_0065.png,лист,RVL-CDIP,,754,1000,189233,0.754,240.00564190981433,53.562390131545335,0.05847745358090186,0.0
lyst/lyst_0066.png,лист,RVL-CDIP,,754,1000,115807,0.754,249.68095623342174,30.807240057938884,0.01987400530503979,0.0
lyst/lyst_0067.png,лист,RVL-CDIP,,754,1000,68409,0.754,250.47842970822282,29.991954517562206,0.017314323607427056,0.0
lyst/lyst_0068.png,лист,RVL-CDIP,,772,1000,319292,0.772,231.24928886010363,66.10789225603652,0.09648704663212435,0.0
lyst/lyst_0069.png,лист,RVL-CDIP,,777,1000,313407,0.777,243.00119562419562,44.55048191349812,0.04232818532818533,0.0
lyst/lyst_0070.png,лист,RVL-CDIP,,771,1000,164209,0.771,244.84585084306096,42.966146606952385,0.040298313878080416,0.0
lyst/lyst_0071.png,лист,RVL-CDIP,,777,1000,622333,0.777,215.47661003861003,78.63376501150923,0.14842213642213642,0.0
lyst/lyst_0072.png,лист,RVL-CDIP,,754,1000,138043,0.754,244.28809814323608,45.99148571290728,0.04142838196286472,0.0
lyst/lyst_0073.png,лист,RVL-CDIP,,754,1000,122593,0.754,249.01593899204244,32.43783747917224,0.022822281167108754,0.0
lyst/lyst_0074.png,лист,RVL-CDIP,,754,1000,106824,0.754,248.74323209549073,33.55362634351527,0.024179045092838195,0.0
lyst/lyst_0075.png,лист,RVL-CDIP,,754,1000,160916,0.754,246.95156896551725,37.27403581511981,0.03070159151193634,0.0
lyst/lyst_0076.png,лист,RVL-CDIP,,754,1000,102754,0.754,250.43984084880637,27.48883923946754,0.016985411140583554,0.0
lyst/lyst_0077.png,лист,RVL-CDIP,,771,1000,133774,0.771,241.60963683527885,52.556134900615724,0.05185343709468223,0.0
lyst/lyst_0078.png,лист,RVL-CDIP,,762,1000,325206,0.762,238.81884514435694,51.88993178053541,0.056173228346456695,0.0
lyst/lyst_0079.png,лист,RVL-CDIP,,772,1000,77195,0.772,249.82797668393783,32.38875638401517,0.020139896373056996,0.0
lyst/lyst_0080.png,лист,RVL-CDIP,,777,1000,120425,0.777,248.9569806949807,33.600410000040156,0.02347876447876448,0.0
lyst/lyst_0081.png,лист,RVL-CDIP,,762,1000,62054,0.762,251.06987795275592,28.323430434181297,0.015061679790026247,0.0
lyst/lyst_0082.png,лист,RVL-CDIP,,762,1000,48600,0.762,252.14696850393702,23.578010658462187,0.01068241469816273,0.0
lyst/lyst_0083.png,лист,RVL-CDIP,,777,1000,178419,0.777,248.60973745173746,32.29310287173131,0.022347490347490347,0.0
lyst/lyst_0084.png,лист,RVL-CDIP,,788,1000,261993,0.788,229.0311307106599,70.82891988837596,0.10103934010152284,0.0
lyst/lyst_0085.png,лист,RVL-CDIP,,810,1000,235596,0.81,246.72289012345678,34.978636393425674,0.03133333333333333,0.0
lyst/lyst_0086.png,лист,RVL-CDIP,,785,1000,155020,0.785,247.21184968152866,37.72585717157757,0.03019872611464968,0.0
lyst/lyst_0087.png,лист,RVL-CDIP,,777,1000,112614,0.777,249.34507722007723,31.93809397985593,0.021875160875160875,0.0
lyst/lyst_0088.png,лист,RVL-CDIP,,754,1000,28647,0.754,254.34547214854112,9.535360920307319,0.0018687002652519895,0.0
lyst/lyst_0089.png,лист,RVL-CDIP,,767,1000,318255,0.767,228.14623598435463,71.00602096083173,0.10453585397653194,0.0
lyst/lyst_0090.png,лист,RVL-CDIP,,754,1000,119170,0.754,248.99870424403184,32.679449892411256,0.023230769230769232,0.0
lyst/lyst_0091.png,лист,RVL-CDIP,,777,1000,211560,0.777,243.17115057915058,46.5863292085416,0.045772200772200775,0.0
lyst/lyst_0092.png,лист,RVL-CDIP,,798,1000,117663,0.798,249.70557894736842,30.590239207795246,0.02037593984962406,0.0
lyst/lyst_0093.png,лист,RVL-CDIP,,762,1000,94646,0.762,228.537875328084,75.28965437743204,0.10359055118110236,0.0
lyst/lyst_0094.png,лист,RVL-CDIP,,754,1000,262328,0.754,240.56230636604775,49.11514480770404,0.05461671087533156,0.0
lyst/lyst_0095.png,лист,RVL-CDIP,,771,1000,200932,0.771,242.64217639429313,48.001240619884015,0.04801037613488975,0.0
lyst/lyst_0096.png,лист,RVL-CDIP,,754,1000,170688,0.754,240.3924045092838,53.30546096384936,0.057421750663129975,0.0
lyst/lyst_0097.png,лист,RVL-CDIP,,772,1000,394353,0.772,229.05625518134715,66.5259875970968,0.10055569948186528,0.0
lyst/lyst_0098.png,лист,RVL-CDIP,,805,1000,269510,0.805,244.19051801242236,42.11743363419026,0.04054782608695652,0.0
lyst/lyst_0099.png,лист,RVL-CDIP,,762,1000,45937,0.762,224.46727690288714,81.57558673874858,0.11957611548556431,0.0
lyst/lyst_0100.png,лист,RVL-CDIP,,762,1000,214490,0.762,238.52025328083988,55.88149273439791,0.0642217847769029,0.0
lyst/lyst_0101.png,лист,RVL-CDIP,,781,1000,248356,0.781,235.39364404609475,60.77948277008478,0.07631626120358515,0.0
lyst/lyst_0102.png,лист,RVL-CDIP,,754,1000,224239,0.754,234.9197877984085,62.03401018888042,0.07796949602122016,0.0
lyst/lyst_0103.png,лист,RVL-CDIP,,762,1000,89553,0.762,250.35271653543307,29.00566082809528,0.017973753280839895,0.0
lyst/lyst_0104.png,лист,RVL-CDIP,,767,1000,251856,0.767,246.1718252933507,36.51276512587981,0.032281616688396346,0.0
lyst/lyst_0105.png,лист,RVL-CDIP,,754,1000,154110,0.754,240.35038328912466,54.27435931478887,0.056953580901856767,0.0
lyst/lyst_0106.png,лист,RVL-CDIP,,749,1000,179580,0.749,238.6632002670227,57.1590205481629,0.06342990654205607,0.0
lyst/lyst_0107.png,лист,RVL-CDIP,,784,1000,237547,0.784,235.61426658163265,60.82078052490387,0.0755625,0.0
lyst/lyst_0108.png,лист,RVL-CDIP,,802,1000,427832,0.802,231.87130922693268,61.601086031667805,0.09010473815461346,0.0
lyst/lyst_0109.png,лист,RVL-CDIP,,802,1000,193629,0.802,243.58921072319202,45.56214600607381,0.04404862842892768,0.0
lyst/lyst_0110.png,лист,RVL-CDIP,,754,1000,297818,0.754,228.85385941644563,69.18733906547982,0.1018183023872679,0.0
lyst/lyst_0111.png,лист,RVL-CDIP,,771,1000,147003,0.771,241.95359662775616,51.71518597294241,0.05169001297016861,0.0
lyst/lyst_0112.png,лист,RVL-CDIP,,754,1000,157886,0.754,240.47720557029177,53.862694779430015,0.055854111405835544,0.0
lyst/lyst_0113.png,лист,RVL-CDIP,,771,1000,253678,0.771,237.54305966277562,56.69716795428717,0.06802853437094682,0.0
lyst/lyst_0114.png,лист,RVL-CDIP,,762,1000,260206,0.762,232.5957782152231,64.81475685211338,0.08717847769028872,0.0
lyst/lyst_0115.png,лист,RVL-CDIP,,762,1000,209878,0.762,224.47397900262467,77.82036576730438,0.11869685039370079,0.0
lyst/lyst_0116.png,лист,RVL-CDIP,,806,1000,152883,0.806,240.47296277915632,54.70132742303688,0.056646401985111665,0.0
lyst/lyst_0117.png,лист,RVL-CDIP,,774,1000,119729,0.774,247.87831524547803,36.79814165139631,0.027497416020671836,0.0
lyst/lyst_0118.png,лист,RVL-CDIP,,754,1000,252142,0.754,241.03277320954908,48.323558010643055,0.05423076923076923,0.0
lyst/lyst_0119.png,лист,RVL-CDIP,,762,1000,177814,0.762,246.6988779527559,38.20163171132454,0.028628608923884514,0.0
lyst/lyst_0120.png,лист,RVL-CDIP,,754,1000,193729,0.754,241.26568567639256,50.9495287913996,0.05310742705570292,0.0
lyst/lyst_0121.png,лист,RVL-CDIP,,754,1000,110442,0.754,244.27701061007957,47.266688601263375,0.04118965517241379,0.0
lyst/lyst_0122.png,лист,RVL-CDIP,,777,1000,225329,0.777,245.98639124839124,39.28310570655607,0.03264221364221364,0.0
lyst/lyst_0123.png,лист,RVL-CDIP,,777,1000,112973,0.777,243.5411184041184,49.18282775608858,0.04439382239382239,0.0
lyst/lyst_0124.png,лист,RVL-CDIP,,754,1000,204216,0.754,242.26412466843502,47.29430963203359,0.049031830238726794,0.0
lyst/lyst_0125.png,лист,RVL-CDIP,,772,1000,203407,0.772,247.61099352331607,34.76262590358205,0.026103626943005182,0.0
lyst/lyst_0126.png,лист,RVL-CDIP,,754,1000,146659,0.754,246.88827851458885,38.73194417715249,0.031657824933687004,0.0
lyst/lyst_0127.png,лист,RVL-CDIP,,754,1000,139670,0.754,247.984675066313,34.82066061593264,0.026958885941644563,0.0
lyst/lyst_0128.png,лист,RVL-CDIP,,800,1000,347485,0.8,241.286255,45.56116724333316,0.05332,0.0
lyst/lyst_0129.png,лист,RVL-CDIP,,780,1000,482433,0.78,225.74330897435897,69.57062261840285,0.10847820512820512,0.0
lyst/lyst_0130.png,лист,RVL-CDIP,,767,1000,80301,0.767,249.59532724902218,33.10001595364419,0.02118122555410691,0.0
lyst/lyst_0131.png,лист,RVL-CDIP,,759,1000,287168,0.759,22.290615283267456,65.27537357376477,0.9206600790513834,0.0
lyst/lyst_0132.png,лист,RVL-CDIP,,777,1000,81171,0.777,252.37810553410554,20.555640319542263,0.00937065637065637,0.0
lyst/lyst_0133.png,лист,RVL-CDIP,,788,1000,192466,0.788,245.38404695431473,41.11563980551784,0.03705329949238579,0.0
lyst/lyst_0134.png,лист,RVL-CDIP,,754,1000,153681,0.754,244.28383289124667,44.319259169344825,0.042295755968169764,0.0
lyst/lyst_0135.png,лист,RVL-CDIP,,762,1000,168215,0.762,242.8434186351706,47.8730873674052,0.0462244094488189,0.0
lyst/lyst_0136.png,лист,RVL-CDIP,,762,1000,718607,0.762,226.61331102362206,59.51788996788043,0.07144356955380578,0.0
lyst/lyst_0137.png,лист,RVL-CDIP,,754,1000,202481,0.754,240.0662519893899,53.075651034064734,0.05824005305039788,0.0
lyst/lyst_0138.png,лист,RVL-CDIP,,779,1000,343587,0.779,236.04311553273428,56.83223938693393,0.07237612323491656,0.0
lyst/lyst_0139.png,лист,RVL-CDIP,,777,1000,131611,0.777,246.8228635778636,39.75240932822031,0.03168597168597168,0.0
lyst/lyst_0140.png,лист,RVL-CDIP,,777,1000,228723,0.777,238.0158416988417,56.573780621437024,0.06581595881595882,0.0
lyst/lyst_0141.png,лист,RVL-CDIP,,774,1000,247528,0.774,240.93521317829456,50.33054669457416,0.05401033591731266,0.0
lyst/lyst_0142.png,лист,RVL-CDIP,,754,1000,157110,0.754,242.91203713527852,48.063201345128746,0.046376657824933686,0.0
lyst/lyst_0143.png,лист,RVL-CDIP,,754,1000,298422,0.754,230.5025397877984,66.5790523840731,0.0953209549071618,0.0
lyst/lyst_0144.png,лист,RVL-CDIP,,780,1000,294028,0.78,235.99592307692308,58.11663018355003,0.07381794871794872,0.0
lyst/lyst_0145.png,лист,RVL-CDIP,,754,1000,117941,0.754,248.50090981432362,34.40970383489413,0.024892572944297083,0.0
lyst/lyst_0146.png,лист,RVL-CDIP,,762,1000,233155,0.762,241.33352624671917,49.02378026933759,0.05227821522309711,0.0
lyst/lyst_0147.png,лист,RVL-CDIP,,801,1000,205542,0.801,245.81199625468165,39.66521155748587,0.03543320848938827,0.0
lyst/lyst_0148.png,лист,RVL-CDIP,,802,1000,190925,0.802,242.33170324189527,49.08279874416608,0.049305486284289275,0.0
lyst/lyst_0149.png,лист,RVL-CDIP,,752,1000,104035,0.752,251.0461715425532,25.379912266320087,0.014962765957446809,0.0
lyst/lyst_0150.png,лист,RVL-CDIP,,793,1000,93410,0.793,249.60584615384616,31.989444304441662,0.020967213114754097,0.0
lyst/lyst_0151.png,лист,RVL-CDIP,,783,1000,335299,0.783,232.88382120051085,62.46117156535481,0.08552745849297573,0.0
lyst/lyst_0152.png,лист,RVL-CDIP,,754,1000,101759,0.754,249.9270450928382,30.289901384081528,0.019720159151193635,0.0
lyst/lyst_0153.png,лист,RVL-CDIP,,802,1000,228303,0.802,241.52766583541148,49.70554942437623,0.05252369077306733,0.0
lyst/lyst_0154.png,лист,RVL-CDIP,,762,1000,54371,0.762,251.15138320209974,27.37618683154822,0.014371391076115486,0.0
lyst/lyst_0155.png,лист,RVL-CDIP,,754,1000,225077,0.754,240.76387798408487,51.13673216355416,0.0546604774535809,0.0
lyst/lyst_0156.png,лист,RVL-CDIP,,754,1000,184062,0.754,237.374474801061,59.13899313208181,0.06887400530503979,0.0
lyst/lyst_0157.png,лист,RVL-CDIP,,779,1000,308805,0.779,241.12427856225932,46.53376833996219,0.0537214377406932,0.0
lyst/lyst_0158.png,лист,RVL-CDIP,,806,1000,112760,0.806,249.9763982630273,29.894427931805655,0.01937593052109181,0.0
lyst/lyst_0159.png,лист,RVL-CDIP,,777,1000,1472886,0.777,157.7523281853282,93.05485876488827,0.3647310167310167,0.0
lyst/lyst_0160.png,лист,RVL-CDIP,,754,1000,218348,0.754,238.1048819628647,56.19973782504776,0.06604111405835544,0.0
lyst/lyst_0161.png,лист,RVL-CDIP,,762,1000,199659,0.762,245.7190879265092,39.699459101779915,0.034043307086614176,0.0
lyst/lyst_0162.png,лист,RVL-CDIP,,762,1000,71289,0.762,225.1243097112861,80.2843415934946,0.11735958005249345,0.0
lyst/lyst_0163.png,лист,RVL-CDIP,,773,1000,112463,0.773,241.39042690815006,53.64654455570552,0.05306985769728331,0.0
lyst/lyst_0164.png,лист,RVL-CDIP,,777,1000,221964,0.777,242.65111196911198,46.86740277810441,0.048043758043758045,0.0
lyst/lyst_0165.png,лист,RVL-CDIP,,781,1000,283791,0.781,235.93296798975672,58.75155781017125,0.07359411011523688,0.0
lyst/lyst_0166.png,лист,RVL-CDIP,,754,1000,285679,0.754,228.35003580901858,70.37324855982874,0.10453713527851459,0.0
lyst/lyst_0167.png,лист,RVL-CDIP,,769,1000,207790,0.769,246.04713133940183,38.025212971786495,0.03463849154746424,0.0
lyst/lyst_0168.png,лист,RVL-CDIP,,762,1000,153867,0.762,245.56877034120734,41.35281673287242,0.03648556430446194,0.0
lyst/lyst_0169.png,лист,RVL-CDIP,,754,1000,103503,0.754,247.72729973474802,38.08696986926928,0.028283819628647216,0.0
lyst/lyst_0170.png,лист,RVL-CDIP,,762,1000,311764,0.762,236.77508267716536,55.39129731022464,0.07082939632545932,0.0
lyst/lyst_0171.png,лист,RVL-CDIP,,762,1000,239143,0.762,227.15434514435697,73.20957614807739,0.10867716535433071,0.0
lyst/lyst_0172.png,лист,RVL-CDIP,,787,1000,157604,0.787,242.1612782719187,50.57400552717113,0.04986785260482846,0.0
lyst/lyst_0173.png,лист,RVL-CDIP,,762,1000,162566,0.762,242.55549606299212,49.08921554594913,0.04815354330708661,0.0
lyst/lyst_0174.png,лист,RVL-CDIP,,762,1000,196131,0.762,238.88112073490814,56.21162629485519,0.06237270341207349,0.0
lyst/lyst_0175.png,лист,RVL-CDIP,,777,1000,148427,0.777,246.8256924066924,39.34606541913896,0.03115958815958816,0.0
lyst/lyst_0176.png,лист,RVL-CDIP,,779,1000,323248,0.779,234.9783838254172,59.98547403330495,0.0766405648267009,0.0
lyst/lyst_0177.png,лист,RVL-CDIP,,754,1000,210505,0.754,232.97363925729442,65.76981056308296,0.08684084880636604,0.0
lyst/lyst_0178.png,лист,RVL-CDIP,,762,1000,128930,0.762,245.28455380577427,43.22548758733806,0.037178477690288717,0.0
lyst/lyst_0179.png,лист,RVL-CDIP,,801,1000,314041,0.801,238.10140823970036,54.010928482298674,0.06535330836454432,0.0
lyst/lyst_0180.png,лист,RVL-CDIP,,754,1000,132760,0.754,247.6100198938992,36.09411201495538,0.028957559681697612,0.0
lyst/lyst_0181.png,лист,RVL-CDIP,,771,1000,133954,0.771,249.5898534370947,29.7999243381955,0.020653696498054475,0.0
lyst/lyst_0182.png,лист,RVL-CDIP,,754,1000,157533,0.754,247.38006366047745,36.18972988240537,0.029344827586206896,0.0
lyst/lyst_0183.png,лист,RVL-CDIP,,754,1000,209282,0.754,242.13401061007957,47.993856357381176,0.049957559681697614,0.0
lyst/lyst_0184.png,лист,RVL-CDIP,,817,1000,315960,0.817,239.55895348837208,50.65915510272985,0.05941615667074664,0.0
lyst/lyst_0185.png,лист,RVL-CDIP,,792,1000,236548,0.792,238.3130265151515,56.2113256319383,0.06465530303030304,0.0
lyst/lyst_0186.png,лист,RVL-CDIP,,754,1000,58085,0.754,252.83529045092837,19.276940828033915,0.008293103448275862,0.0
lyst/lyst_0187.png,лист,RVL-CDIP,,754,1000,285894,0.754,231.75276127320956,65.00454208014322,0.09009283819628647,0.0
lyst/lyst_0188.png,лист,RVL-CDIP,,754,1000,122993,0.754,247.21169628647215,38.03653594434118,0.031144562334217505,0.0
lyst/lyst_0189.png,лист,RVL-CDIP,,754,1000,169701,0.754,243.40677851458886,46.27500550716709,0.04508355437665783,0.0
lyst/lyst_0190.png,лист,RVL-CDIP,,754,1000,153663,0.754,249.18053580901858,29.502377657712046,0.02193103448275862,0.0
lyst/lyst_0191.png,лист,RVL-CDIP,,762,1000,161042,0.762,248.91113648293964,30.414397420743637,0.022893700787401574,0.0
lyst/lyst_0192.png,лист,RVL-CDIP,,754,1000,201542,0.754,244.94716976127322,40.90272246424554,0.03803580901856764,0.0
lyst/lyst_0193.png,лист,RVL-CDIP,,777,1000,464105,0.777,234.41608622908623,57.403070634980935,0.07412741312741312,0.0
lyst/lyst_0194.png,лист,RVL-CDIP,,767,1000,93095,0.767,251.3053220338983,25.24505820140871,0.013997392438070404,0.0
lyst/lyst_0195.png,лист,RVL-CDIP,,766,1000,216397,0.766,246.29385378590078,36.60211738699002,0.03290208877284595,0.0
lyst/lyst_0196.png,лист,RVL-CDIP,,774,1000,112639,0.774,245.23391085271317,44.6472384008697,0.03864470284237726,0.0
lyst/lyst_0197.png,лист,RVL-CDIP,,754,1000,273833,0.754,238.53500928381962,53.226619602385,0.06342970822281167,0.0
lyst/lyst_0198.png,лист,RVL-CDIP,,754,1000,214413,0.754,243.15902387267906,45.16868505154763,0.04549602122015915,0.0
lyst/lyst_0199.png,лист,RVL-CDIP,,754,1000,273003,0.754,236.22342307692307,58.47054742642833,0.07296949602122016,0.0
lyst/lyst_0200.png,лист,RVL-CDIP,,767,1000,148918,0.767,248.35780834419816,34.14063777810062,0.025,0.0
lyst/lyst_0201.png,лист,RVL-CDIP,,777,1000,190711,0.777,246.39343886743887,39.12888272437441,0.032097812097812095,0.0
lyst/lyst_0202.png,лист,RVL-CDIP,,754,1000,182765,0.754,243.98824403183025,44.78003737982871,0.0429946949602122,0.0
lyst/lyst_0203.png,лист,RVL-CDIP,,754,1000,143820,0.754,244.79294031830239,43.76962505227335,0.038996021220159154,0.0
lyst/lyst_0204.png,лист,RVL-CDIP,,754,1000,256239,0.754,226.905324933687,72.76256853721662,0.1098607427055703,0.0
lyst/lyst_0205.png,лист,RVL-CDIP,,754,1000,229742,0.754,238.52501326259946,55.24264839707541,0.06425729442970822,0.0
lyst/lyst_0206.png,лист,RVL-CDIP,,778,1000,303912,0.778,234.63183676092544,60.26981618075324,0.07916838046272494,0.0
lyst/lyst_0207.png,лист,RVL-CDIP,,754,1000,149521,0.754,246.9780901856764,38.055108651741435,0.030915119363395225,0.0
lyst/lyst_0208.png,лист,RVL-CDIP,,754,1000,116444,0.754,249.89804111405834,29.03389071336922,0.019522546419098143,0.0
lyst/lyst_0209.png,лист,RVL-CDIP,,754,1000,159333,0.754,244.90314058355438,44.23330142690542,0.03853315649867374,0.0
lyst/lyst_0210.png,лист,RVL-CDIP,,764,1000,198631,0.764,242.6106112565445,47.856582216921886,0.04771727748691099,0.0
lyst/lyst_0211.png,лист,RVL-CDIP,,777,1000,194584,0.777,244.87847232947232,42.98307977995775,0.03870913770913771,0.0
lyst/lyst_0212.png,лист,RVL-CDIP,,781,1000,181344,0.781,246.9335352112676,36.703803332935315,0.03145326504481434,0.0
lyst/lyst_0213.png,лист,RVL-CDIP,,754,1000,80161,0.754,251.078099469496,26.355874122064627,0.015139257294429708,0.0
lyst/lyst_0214.png,лист,RVL-CDIP,,844,1000,171814,0.844,247.61719668246445,35.67293725138723,0.02853080568720379,0.0
lyst/lyst_0215.png,лист,RVL-CDIP,,762,1000,99963,0.762,249.1023871391076,33.763529083003704,0.022879265091863516,0.0
lyst/lyst_0216.png,лист,RVL-CDIP,,782,1000,149010,0.782,246.15467519181587,41.062953464117626,0.03395140664961637,0.0
lyst/lyst_0217.png,лист,RVL-CDIP,,754,1000,145394,0.754,242.01969363395224,50.89965601246542,0.05039522546419098,0.0
lyst/lyst_0218.png,лист,RVL-CDIP,,754,1000,99716,0.754,243.35057824933688,49.64683779838505,0.04557692307692308,0.0
lyst/lyst_0219.png,лист,RVL-CDIP,,762,1000,146055,0.762,247.67625853018373,35.78940811826136,0.02827690288713911,0.0
form/form_0000.png,форма,RVL-CDIP,,754,1000,278131,0.754,236.71170557029177,56.83225776728015,0.07060875331564986,0.0
form/form_0001.png,форма,RVL-CDIP,,777,1000,143432,0.777,244.71858944658945,44.634951761848484,0.03994208494208494,0.0
form/form_0002.png,форма,RVL-CDIP,,762,1000,359297,0.762,204.37439107611547,93.30037998214658,0.196,0.0
form/form_0003.png,форма,RVL-CDIP,,777,1000,766111,0.777,208.62779922779922,82.18430758860308,0.17138223938223937,0.0
form/form_0004.png,форма,RVL-CDIP,,778,1000,121163,0.778,249.95118123393317,28.740764847666284,0.01969280205655527,0.0
form/form_0005.png,форма,RVL-CDIP,,762,1000,145135,0.762,237.6837874015748,58.83932197193922,0.06707217847769029,0.0
form/form_0006.png,форма,RVL-CDIP,,754,1000,252398,0.754,234.9765649867374,60.29591128462737,0.07787002652519893,0.0
form/form_0007.png,форма,RVL-CDIP,,754,1000,95337,0.754,248.2291777188329,36.72806510963869,0.02636472148541114,0.0
form/form_0008.png,форма,RVL-CDIP,,774,1000,158790,0.774,243.07344056847546,47.83284909699748,0.047118863049095606,0.0
form/form_0009.png,форма,RVL-CDIP,,768,1000,371366,0.768,231.20869140625,58.84412273055151,0.08844401041666666,0.0
form/form_0010.png,форма,RVL-CDIP,,777,1000,170761,0.777,244.27900386100387,46.54794613521285,0.04076833976833977,0.0
form/form_0011.png,форма,RVL-CDIP,,754,1000,124591,0.754,247.52814854111406,37.3208308751119,0.029042440318302387,0.0
form/form_0012.png,форма,RVL-CDIP,,754,1000,136005,0.754,245.8572374005305,42.06362787406391,0.03543633952254642,0.0
form/form_0013.png,форма,RVL-CDIP,,778,1000,178159,0.778,245.2061966580977,42.57584351254257,0.037910025706940874,0.0
form/form_0014.png,форма,RVL-CDIP,,754,1000,166035,0.754,244.10605172413793,43.28911053865735,0.04181697612732096,0.0
form/form_0015.png,форма,RVL-CDIP,,754,1000,99721,0.754,247.98033156498673,37.606406988363226,0.027049071618037136,0.0
form/form_0016.png,форма,RVL-CDIP,,777,1000,116164,0.777,249.8200694980695,29.534316855460236,0.019667953667953667,0.0
form/form_0017.png,форма,RVL-CDIP,,812,1000,260862,0.812,240.94317980295565,48.064038516949495,0.053511083743842364,0.0
form/form_0018.png,форма,RVL-CDIP,,788,1000,93052,0.788,251.18266751269036,25.499214640859417,0.014611675126903553,0.0
form/form_0019.png,форма,RVL-CDIP,,777,1000,314460,0.777,227.9694543114543,69.64555923768411,0.10605019305019305,0.0
form/form_0020.png,форма,RVL-CDIP,,754,1000,253163,0.754,243.3653700265252,43.573129626334755,0.043748010610079574,0.0
form/form_0021.png,форма,RVL-CDIP,,754,1000,18572,0.754,253.4097652519894,18.24239373844037,0.006181697612732096,0.0
form/form_0022.png,форма,RVL-CDIP,,754,1000,198072,0.754,242.37620026525198,47.93736668355968,0.04873740053050398,0.0
form/form_0023.png,форма,RVL-CDIP,,754,1000,71562,0.754,251.20029442970824,26.453463095172168,0.014988063660477453,0.0
form/form_0024.png,форма,RVL-CDIP,,754,1000,198018,0.754,237.80067108753315,58.06140287711732,0.0668315649867374,0.0
form/form_0025.png,форма,RVL-CDIP,,754,1000,145335,0.754,241.32905835543767,49.80773859599523,0.054555702917771884,0.0
form/form_0026.png,форма,RVL-CDIP,,754,1000,143337,0.754,247.32635676392573,36.881256901386045,0.029539787798408487,0.0
form/form_0027.png,форма,RVL-CDIP,,767,1000,150098,0.767,243.25419295958278,48.270656595448614,0.04565058670143416,0.0
form/form_0028.png,форма,RVL-CDIP,,789,1000,374719,0.789,238.6531482889734,47.229886706687665,0.04664638783269962,0.0
form/form_0029.png,форма,RVL-CDIP,,778,1000,188645,0.778,245.5716002570694,39.2655882543612,0.03668380462724936,0.0
form/form_0030.png,форма,RVL-CDIP,,754,1000,231743,0.754,240.07287533156497,50.60029510044741,0.057717506631299736,0.0
form/form_0031.png,форма,RVL-CDIP,,754,1000,279839,0.754,237.52028381962865,55.38086944038073,0.06807161803713528,0.0
form/form_0032.png,форма,RVL-CDIP,,754,1000,228974,0.754,242.33713262599468,45.84740908537611,0.04916445623342175,0.0
form/form_0033.png,форма,RVL-CDIP,,754,1000,160031,0.754,248.27393633952255,32.865173511932404,0.02509814323607427,0.0
form/form_0034.png,форма,RVL-CDIP,,754,1000,176569,0.754,245.38305172413794,39.93913106809884,0.03685941644562334,0.0
form/form_0035.png,форма,RVL-CDIP,,754,1000,168933,0.754,240.52080371352784,52.55828707901643,0.0561631299734748,0.0
form/form_0036.png,форма,RVL-CDIP,,754,1000,147653,0.754,243.33571087533156,47.61142548453809,0.04590583554376658,0.0
form/form_0037.png,форма,RVL-CDIP,,754,1000,318029,0.754,230.457974801061,64.46508032541928,0.0953342175066313,0.0
form/form_0038.png,форма,RVL-CDIP,,754,1000,333626,0.754,228.90685676392573,67.02873874470765,0.10198010610079576,0.0
form/form_0039.png,форма,RVL-CDIP,,774,1000,238612,0.774,235.7404457364341,60.23708050709607,0.07480232558139535,0.0
form/form_0040.png,форма,RVL-CDIP,,754,1000,223919,0.754,243.6261127320955,43.370693207116325,0.04193766578249337,0.0
form/form_0041.png,форма,RVL-CDIP,,802,1000,162955,0.802,247.02544014962592,35.30010734381091,0.028824189526184537,0.0
form/form_0042.png,форма,RVL-CDIP,,755,1000,210762,0.755,238.04965033112583,56.50713249017188,0.0658635761589404,0.0
form/form_0043.png,форма,RVL-CDIP,,777,1000,102281,0.777,246.15808365508366,43.07288049354278,0.034241956241956244,0.0
form/form_0044.png,форма,RVL-CDIP,,777,1000,295345,0.777,241.15762162162162,48.422221142165114,0.0508043758043758,0.0
form/form_0045.png,форма,RVL-CDIP,,754,1000,211543,0.754,242.2940397877984,46.35810688282785,0.04896021220159151,0.0
form/form_0046.png,форма,RVL-CDIP,,780,1000,229912,0.78,230.98093717948717,69.33316910318557,0.09433461538461538,0.0
form/form_0047.png,форма,RVL-CDIP,,777,1000,130280,0.777,244.41309652509653,43.05152322995381,0.04132947232947233,0.0
form/form_0048.png,форма,RVL-CDIP,,787,1000,333985,0.787,239.5023545108005,50.344965964971045,0.05537357052096569,0.0
form/form_0049.png,форма,RVL-CDIP,,778,1000,154110,0.778,243.8648213367609,46.13427360457802,0.0432133676092545,0.0
form/form_0050.png,форма,RVL-CDIP,,754,1000,182934,0.754,244.11263395225464,43.78457770296845,0.04219098143236074,0.0
form/form_0051.png,форма,RVL-CDIP,,754,1000,119115,0.754,249.7830702917772,29.106561487193765,0.019896551724137932,0.0
form/form_0052.png,форма,RVL-CDIP,,754,1000,169422,0.754,241.20442838196286,51.674358249992665,0.05427851458885942,0.0
form/form_0053.png,форма,RVL-CDIP,,754,1000,69965,0.754,250.9191923076923,27.97099178179867,0.015709549071618038,0.0
form/form_0054.png,форма,RVL-CDIP,,754,1000,129889,0.754,247.2382347480106,38.084822981764276,0.030078249336870026,0.0
form/form_0055.png,форма,RVL-CDIP,,777,1000,214007,0.777,240.08137966537967,53.01503847014533,0.05726769626769627,0.0
form/form_0056.png,форма,RVL-CDIP,,754,1000,135798,0.754,239.12549602122016,56.17326333183898,0.06344694960212202,0.0
form/form_0057.png,форма,RVL-CDIP,,754,1000,137489,0.754,249.86487135278514,28.242981362045906,0.018488063660477453,0.0
form/form_0058.png,форма,RVL-CDIP,,762,1000,87906,0.762,249.70357086614175,31.196555850930103,0.020561679790026245,0.0
form/form_0059.png,форма,RVL-CDIP,,754,1000,351144,0.754,223.0670225464191,75.15602398786989,0.1257188328912467,0.0
form/form_0060.png,форма,RVL-CDIP,,790,1000,332201,0.79,223.8923164556962,73.91390329604315,0.12164683544303798,0.0
form/form_0061.png,форма,RVL-CDIP,,802,1000,245562,0.802,231.80049251870324,67.26553732949922,0.09100498753117207,0.0
form/form_0062.png,форма,RVL-CDIP,,754,1000,273993,0.754,232.23276127320955,62.61335875728709,0.08317241379310344,0.0
form/form_0063.png,форма,RVL-CDIP,,754,1000,441779,0.754,221.83626657824934,71.78520496299222,0.11666180371352786,0.0
form/form_0064.png,форма,RVL-CDIP,,754,1000,90346,0.754,247.56690318302387,38.121598671059296,0.028579575596816977,0.0
form/form_0065.png,форма,RVL-CDIP,,786,1000,91115,0.786,249.10703944020355,34.275173684576124,0.02248854961832061,0.0
form/form_0066.png,форма,RVL-CDIP,,762,1000,394091,0.762,216.6698871391076,80.76032126029457,0.1573267716535433,0.0
form/form_0067.png,форма,RVL-CDIP,,786,1000,250563,0.786,234.3293320610687,62.9998728314615,0.07969592875318066,0.0
form/form_0068.png,форма,RVL-CDIP,,754,1000,111882,0.754,249.8167201591512,29.019395713868377,0.020006631299734748,0.0
form/form_0069.png,форма,RVL-CDIP,,754,1000,187536,0.754,241.86747877984084,48.91170550567306,0.05089920424403183,0.0
form/form_0070.png,форма,RVL-CDIP,,754,1000,174176,0.754,246.12196419098143,38.825656886827794,0.03449336870026525,0.0
form/form_0071.png,форма,RVL-CDIP,,795,1000,248592,0.795,238.4900503144654,52.52541105659369,0.06482264150943397,0.0
form/form_0072.png,форма,RVL-CDIP,,754,1000,104625,0.754,247.46702387267905,38.06068277175912,0.029107427055702916,0.0
form/form_0073.png,форма,RVL-CDIP,,754,1000,444825,0.754,223.10674668435013,70.41726065755527,0.10836737400530504,0.0
form/form_0074.png,форма,RVL-CDIP,,754,1000,158157,0.754,246.68980636604775,35.854565799389775,0.029957559681697613,0.0
form/form_0075.png,форма,RVL-CDIP,,754,1000,143392,0.754,248.20863395225464,33.3889883965436,0.02522944297082228,0.0
form/form_0076.png,форма,RVL-CDIP,,754,1000,149815,0.754,245.04288461538462,42.99821991142976,0.03865915119363395,0.0
form/form_0077.png,форма,RVL-CDIP,,777,1000,144699,0.777,247.87014157014158,35.71074850692179,0.027164736164736164,0.0
form/form_0078.png,форма,RVL-CDIP,,777,1000,164867,0.777,245.82130373230373,41.0160257401325,0.03552638352638353,0.0
form/form_0079.png,форма,RVL-CDIP,,773,1000,207696,0.773,242.71340103492884,47.70696597249723,0.046934023285899094,0.0
form/form_0080.png,форма,RVL-CDIP,,762,1000,142836,0.762,237.87564960629922,56.90098842000743,0.06608136482939632,0.0
form/form_0081.png,форма,RVL-CDIP,,781,1000,230047,0.781,235.75248527528808,60.791767441831865,0.07483738796414853,0.0
form/form_0082.png,форма,RVL-CDIP,,772,1000,244962,0.772,241.24031606217616,48.82455109513079,0.053414507772020725,0.0
form/form_0083.png,форма,RVL-CDIP,,754,1000,225617,0.754,226.18859283819629,71.52315265074746,0.11503315649867374,0.0
form/form_0084.png,форма,RVL-CDIP,,787,1000,205803,0.787,240.24148030495553,52.40893845113539,0.05732274459974587,0.0
form/form_0085.png,форма,RVL-CDIP,,792,1000,348197,0.792,236.1811755050505,55.33335097144666,0.07116919191919192,0.0
form/form_0086.png,форма,RVL-CDIP,,754,1000,206810,0.754,241.603525198939,47.10948229731444,0.05157161803713528,0.0
form/form_0087.png,форма,RVL-CDIP,,754,1000,56472,0.754,241.15282625994695,56.16692354609557,0.05449602122015915,0.0
form/form_0088.png,форма,RVL-CDIP,,754,1000,205962,0.754,240.73871618037134,50.95133079788932,0.05557692307692308,0.0
form/form_0089.png,форма,RVL-CDIP,,779,1000,366809,0.779,233.35005776636714,59.90395498501305,0.08325930680359435,0.0
form/form_0090.png,форма,RVL-CDIP,,796,1000,436518,0.796,235.23279648241206,57.360703235290124,0.06938442211055276,0.0
form/form_0091.png,форма,RVL-CDIP,,754,1000,251137,0.754,233.8024469496021,62.59456218792372,0.08301591511936339,0.0
form/form_0092.png,форма,RVL-CDIP,,754,1000,222348,0.754,246.1024151193634,37.674412765046135,0.030592838196286474,0.0
form/form_0093.png,форма,RVL-CDIP,,772,1000,300856,0.772,241.53256994818653,45.76329313744769,0.05208031088082902,0.0
form/form_0094.png,форма,RVL-CDIP,,779,1000,333793,0.779,237.57979589216944,53.432394123133236,0.06676765083440309,0.0
form/form_0095.png,форма,RVL-CDIP,,754,1000,177410,0.754,245.2104151193634,40.17599290433152,0.03796286472148541,0.0
form/form_0096.png,форма,RVL-CDIP,,802,1000,251999,0.802,241.245391521197,45.682156105996086,0.04851995012468828,0.0
form/form_0097.png,форма,RVL-CDIP,,771,1000,187342,0.771,243.00938910505837,48.000881139667904,0.04614915693904021,0.0
form/form_0098.png,форма,RVL-CDIP,,754,1000,108920,0.754,247.83680636604774,36.843066055622344,0.02756233421750663,0.0
form/form_0099.png,форма,RVL-CDIP,,754,1000,134403,0.754,242.6914575596817,49.66240073657951,0.048047745358090185,0.0
form/form_0100.png,форма,RVL-CDIP,,754,1000,158821,0.754,238.2151074270557,56.46363927661601,0.06455570291777188,0.0
form/form_0101.png,форма,RVL-CDIP,,754,1000,234617,0.754,234.66061936339523,61.80106747842754,0.07893633952254642,0.0
form/form_0102.png,форма,RVL-CDIP,,754,1000,148985,0.754,247.01948143236075,37.75177352513948,0.03089655172413793,0.0
form/form_0103.png,форма,RVL-CDIP,,777,1000,337302,0.777,237.07824195624195,51.70258558015993,0.07029729729729729,0.0
form/form_0104.png,форма,RVL-CDIP,,771,1000,165557,0.771,245.77377950713358,41.327635922651986,0.035753566796368354,0.0
form/form_0105.png,форма,RVL-CDIP,,754,1000,123279,0.754,246.42723076923076,40.56553157366372,0.03306631299734748,0.0
form/form_0106.png,форма,RVL-CDIP,,754,1000,126306,0.754,245.54179177718834,40.75000738961558,0.03594694960212202,0.0
form/form_0107.png,форма,RVL-CDIP,,754,1000,179513,0.754,244.8578726790451,42.31498394348787,0.03937267904509284,0.0
form/form_0108.png,форма,RVL-CDIP,,778,1000,92653,0.778,250.59787275064267,28.193566684896112,0.016892030848329048,0.0
form/form_0109.png,форма,RVL-CDIP,,754,1000,341171,0.754,222.84006896551725,75.97885207857688,0.12619628647214853,0.0
form/form_0110.png,форма,RVL-CDIP,,762,1000,165161,0.762,240.96597244094488,51.823785982585214,0.05458136482939632,0.0
form/form_0111.png,форма,RVL-CDIP,,785,1000,419700,0.785,239.58033503184714,46.353296529469176,0.055038216560509556,0.0
form/form_0112.png,форма,RVL-CDIP,,777,1000,1244206,0.777,185.19553667953667,88.04073248342364,0.2504015444015444,0.0
form/form_0113.png,форма,RVL-CDIP,,777,1000,502045,0.777,227.24046203346202,67.64328544683022,0.10014414414414415,0.0
form/form_0114.png,форма,RVL-CDIP,,778,1000,178755,0.778,240.52440102827762,53.62854231768176,0.05649100257069409,0.0
form/form_0115.png,форма,RVL-CDIP,,754,1000,125268,0.754,247.6695397877984,36.43991524920311,0.02873076923076923,0.0
form/form_0116.png,форма,RVL-CDIP,,754,1000,438757,0.754,223.75991644562333,71.41270845481522,0.12076657824933687,0.0
form/form_0117.png,форма,RVL-CDIP,,754,1000,141894,0.754,246.82161140583554,38.59328979281267,0.03165915119363395,0.0
form/form_0118.png,форма,RVL-CDIP,,754,1000,166756,0.754,239.70973209549072,54.18557200989607,0.05961671087533157,0.0
form/form_0119.png,форма,RVL-CDIP,,754,1000,87632,0.754,251.65408355437665,23.50314620642193,0.012153846153846154,0.0
form/form_0120.png,форма,RVL-CDIP,,754,1000,144436,0.754,242.517025198939,49.99486309749528,0.048684350132625995,0.0
form/form_0121.png,форма,RVL-CDIP,,771,1000,109614,0.771,249.21757976653697,31.635494852010385,0.022619974059662776,0.0
form/form_0122.png,форма,RVL-CDIP,,790,1000,409424,0.79,181.09326202531645,109.2322955079745,0.28920759493670883,0.0
form/form_0123.png,форма,RVL-CDIP,,786,1000,292164,0.786,238.0796717557252,51.28793276018616,0.06651526717557252,0.0
form/form_0124.png,форма,RVL-CDIP,,754,1000,86580,0.754,249.1729920424403,33.03301570858539,0.022409814323607426,0.0
form/form_0125.png,форма,RVL-CDIP,,754,1000,151080,0.754,243.86472944297083,46.49362503311506,0.04374005305039788,0.0
form/form_0126.png,форма,RVL-CDIP,,754,1000,191609,0.754,237.25828381962864,59.022646625405216,0.06895623342175067,0.0
form/form_0127.png,форма,RVL-CDIP,,754,1000,198092,0.754,237.71019628647215,57.92879252321376,0.06776790450928381,0.0
form/form_0128.png,форма,RVL-CDIP,,777,1000,185727,0.777,241.59480566280567,50.984934891484116,0.05227927927927928,0.0
form/form_0129.png,форма,RVL-CDIP,,754,1000,105339,0.754,250.10455702917773,29.035732973580334,0.01809549071618037,0.0
form/form_0130.png,форма,RVL-CDIP,,754,1000,173411,0.754,246.8921472148541,38.236709178284336,0.030255968169761272,0.0
form/form_0131.png,форма,RVL-CDIP,,754,1000,146158,0.754,244.68691379310346,44.1711596451922,0.039961538461538465,0.0
form/form_0132.png,форма,RVL-CDIP,,754,1000,167109,0.754,241.7439549071618,50.680062372470935,0.052603448275862066,0.0
form/form_0133.png,форма,RVL-CDIP,,787,1000,168789,0.787,243.77488437102923,46.42868096027388,0.04398856416772554,0.0
form/form_0134.png,форма,RVL-CDIP,,777,1000,689774,0.777,223.33964736164737,66.24199800656216,0.1073976833976834,0.0
form/form_0135.png,форма,RVL-CDIP,,802,1000,348631,0.802,231.45845137157107,63.68649331544884,0.09234663341645885,0.0
form/form_0136.png,форма,RVL-CDIP,,766,1000,292775,0.766,236.68758355091384,57.57150080866242,0.07039817232375979,0.0
form/form_0137.png,форма,RVL-CDIP,,782,1000,155492,0.782,236.85030562659847,60.38975976042575,0.07063554987212277,0.0
form/form_0138.png,форма,RVL-CDIP,,754,1000,119228,0.754,248.7425875331565,33.00979149150493,0.02456896551724138,0.0
form/form_0139.png,форма,RVL-CDIP,,754,1000,243890,0.754,236.98145092838197,56.45763582252928,0.06971352785145889,0.0
form/form_0140.png,форма,RVL-CDIP,,754,1000,136668,0.754,241.75740185676392,52.1950723457242,0.052061007957559684,0.0
form/form_0141.png,форма,RVL-CDIP,,754,1000,233892,0.754,235.34506233421752,60.63925567268473,0.07680503978779842,0.0
form/form_0142.png,форма,RVL-CDIP,,754,1000,81328,0.754,250.2217851458886,29.667583649024653,0.01806100795755968,0.0
form/form_0143.png,форма,RVL-CDIP,,754,1000,385814,0.754,219.79379310344828,76.31850972727177,0.1378793103448276,0.0
form/form_0144.png,форма,RVL-CDIP,,774,1000,163269,0.774,241.26806718346253,51.58669880880455,0.053135658914728684,0.0
form/form_0145.png,форма,RVL-CDIP,,754,1000,185123,0.754,240.15689124668435,53.63603093858583,0.0571684350132626,0.0
form/form_0146.png,форма,RVL-CDIP,,777,1000,467382,0.777,233.81566023166022,58.85799730190993,0.07227155727155728,0.0
form/form_0147.png,форма,RVL-CDIP,,777,1000,148359,0.777,242.72145173745173,49.578413578654505,0.04775804375804376,0.0
form/form_0148.png,форма,RVL-CDIP,,781,1000,251108,0.781,238.32999871959026,54.11692901574098,0.06521382842509603,0.0
form/form_0149.png,форма,RVL-CDIP,,754,1000,138278,0.754,245.03345358090186,44.11326120958331,0.03873209549071618,0.0
form/form_0150.png,форма,RVL-CDIP,,777,1000,141024,0.777,246.56331402831404,40.330128061153694,0.03235392535392535,0.0
form/form_0151.png,форма,RVL-CDIP,,754,1000,177825,0.754,242.98009946949603,47.53582748222453,0.046810344827586205,0.0
form/form_0152.png,форма,RVL-CDIP,,754,1000,208908,0.754,239.44909151193633,50.70780416287816,0.06086604774535809,0.0
form/form_0153.png,форма,RVL-CDIP,,782,1000,173743,0.782,246.23673401534526,39.812165922886585,0.03333759590792839,0.0
form/form_0154.png,форма,RVL-CDIP,,754,1000,272882,0.754,232.40967639257295,64.0848333294712,0.08887798408488064,0.0
form/form_0155.png,форма,RVL-CDIP,,754,1000,143597,0.754,245.11954907161802,41.46167659165941,0.03944960212201592,0.0
form/form_0156.png,форма,RVL-CDIP,,771,1000,170920,0.771,242.41090012970167,48.259861692482836,0.04913099870298314,0.0
form/form_0157.png,форма,RVL-CDIP,,754,1000,84531,0.754,250.8973302387268,26.91155784523669,0.015460212201591512,0.0
form/form_0158.png,форма,RVL-CDIP,,777,1000,209473,0.777,233.89112483912484,65.49461659228184,0.08141055341055341,0.0
form/form_0159.png,форма,RVL-CDIP,,754,1000,143710,0.754,244.63620424403183,41.6109606061716,0.038664456233421754,0.0
form/form_0160.png,форма,RVL-CDIP,,754,1000,194395,0.754,244.86759416445622,41.49647639951314,0.03870291777188329,0.0
form/form_0161.png,форма,RVL-CDIP,,762,1000,407286,0.762,213.6365787401575,83.7869675832639,0.1620249343832021,0.0
form/form_0162.png,форма,RVL-CDIP,,754,1000,251076,0.754,225.27966843501326,74.47704310740787,0.11497214854111405,0.0
form/form_0163.png,форма,RVL-CDIP,,840,1000,158760,0.84,244.29685357142858,40.25057953566794,0.04208809523809524,0.0
form/form_0164.png,форма,RVL-CDIP,,754,1000,121093,0.754,247.4806153846154,36.5927971321614,0.02859814323607427,0.0
form/form_0165.png,форма,RVL-CDIP,,754,1000,223367,0.754,235.65392440318303,58.46216908770924,0.07329575596816976,0.0
form/form_0166.png,форма,RVL-CDIP,,762,1000,146314,0.762,242.16424803149607,49.23701705062429,0.05043569553805774,0.0
form/form_0167.png,форма,RVL-CDIP,,754,1000,405998,0.754,197.21279310344826,97.16463138289663,0.23918302387267903,0.0
form/form_0168.png,форма,RVL-CDIP,,760,1000,667303,0.76,211.66763684210525,81.99420592812585,0.15980263157894736,0.0
form/form_0169.png,форма,RVL-CDIP,,802,1000,246719,0.802,237.17969077306734,57.322728150338826,0.06894389027431422,0.0
form/form_0170.png,форма,RVL-CDIP,,754,1000,530420,0.754,59.54832228116711,96.74818738922389,0.7751485411140584,0.0
form/form_0171.png,форма,RVL-CDIP,,754,1000,129651,0.754,248.61270291777188,33.76852718176794,0.024143236074270557,0.0
form/form_0172.png,форма,RVL-CDIP,,770,1000,271275,0.77,243.54803636363636,43.34483757560778,0.04211818181818182,0.0
form/form_0173.png,форма,RVL-CDIP,,777,1000,48284,0.777,252.61639124839124,21.123939953940507,0.009463320463320463,0.0
form/form_0174.png,форма,RVL-CDIP,,782,1000,353183,0.782,235.84609335038363,54.535171381435475,0.07560102301790281,0.0
form/form_0175.png,форма,RVL-CDIP,,790,1000,231945,0.79,235.52731392405065,60.59249314974134,0.0762379746835443,0.0
form/form_0176.png,форма,RVL-CDIP,,754,1000,166570,0.754,245.42713793103448,41.79622847807665,0.03699071618037135,0.0
form/form_0177.png,форма,RVL-CDIP,,754,1000,275672,0.754,238.60137665782494,46.887104788548136,0.06058222811671087,0.0
form/form_0178.png,форма,RVL-CDIP,,786,1000,307865,0.786,238.94267430025445,51.51601241989815,0.06301017811704834,0.0
form/form_0179.png,форма,RVL-CDIP,,777,1000,258652,0.777,240.25067052767054,50.721885970556215,0.056005148005148005,0.0
form/form_0180.png,форма,RVL-CDIP,,754,1000,218985,0.754,232.9348196286472,64.10060762120575,0.08694031830238727,0.0
form/form_0181.png,форма,RVL-CDIP,,754,1000,136171,0.754,247.9620954907162,35.14930063502635,0.027440318302387266,0.0
form/form_0182.png,форма,RVL-CDIP,,762,1000,193215,0.762,239.61648293963253,54.108148543554776,0.059905511811023625,0.0
form/form_0183.png,форма,RVL-CDIP,,754,1000,174785,0.754,242.74809946949603,46.4646493900439,0.047859416445623346,0.0
form/form_0184.png,форма,RVL-CDIP,,779,1000,273407,0.779,242.193026957638,45.14369200689497,0.04949165596919127,0.0
form/form_0185.png,форма,RVL-CDIP,,754,1000,77052,0.754,251.68361405835543,23.9071410802482,0.012868700265251989,0.0
form/form_0186.png,форма,RVL-CDIP,,762,1000,113367,0.762,216.65320209973754,88.376881895245,0.15104068241469817,0.0
form/form_0187.png,форма,RVL-CDIP,,754,1000,95262,0.754,249.0334854111406,33.66430432013323,0.023224137931034484,0.0
form/form_0188.png,форма,RVL-CDIP,,754,1000,356530,0.754,226.6598594164456,69.96782867676764,0.10927984084880636,0.0
form/form_0189.png,форма,RVL-CDIP,,789,1000,136341,0.789,248.7874689480355,32.6740358137278,0.02340557667934094,0.0
email/email_0000.png,email,RVL-CDIP,,754,1000,32080,0.754,253.90623076923077,13.32829076259651,0.004192307692307692,0.0
email/email_0001.png,email,RVL-CDIP,,754,1000,32560,0.754,254.02027453580902,11.830461573357496,0.003303713527851459,0.0
email/email_0002.png,email,RVL-CDIP,,754,1000,119209,0.754,248.4016472148541,33.97136327874002,0.024482758620689656,0.0
email/email_0003.png,email,RVL-CDIP,,754,1000,88353,0.754,251.03626392572943,25.510036549729616,0.015327586206896551,0.0
email/email_0004.png,email,RVL-CDIP,,754,1000,224415,0.754,240.30643368700265,51.08792383519509,0.05680769230769231,0.0
email/email_0005.png,email,RVL-CDIP,,754,1000,101318,0.754,251.60766312997347,21.47429529117468,0.011842175066312997,0.0
email/email_0006.png,email,RVL-CDIP,,754,1000,51744,0.754,252.68090053050398,19.871398789521013,0.008985411140583554,0.0
email/email_0007.png,email,RVL-CDIP,,754,1000,170719,0.754,247.72066843501327,33.378515825368694,0.026319628647214856,0.0
email/email_0008.png,email,RVL-CDIP,,754,1000,44948,0.754,253.61482095490717,13.889101569513477,0.004530503978779841,0.0
email/email_0009.png,email,RVL-CDIP,,754,1000,79180,0.754,251.44685809018569,24.346539213888068,0.013537135278514589,0.0
email/email_0010.png,email,RVL-CDIP,,754,1000,171729,0.754,241.68663129973476,49.62323238797164,0.05122546419098143,0.0
email/email_0011.png,email,RVL-CDIP,,802,1000,53306,0.802,252.49673815461347,21.539101179823618,0.009586034912718205,0.0
email/email_0012.png,email,RVL-CDIP,,754,1000,31908,0.754,253.82948143236075,14.076933238911993,0.004462864721485411,0.0
email/email_0013.png,email,RVL-CDIP,,754,1000,38282,0.754,253.29466578249338,17.802083363377104,0.0066657824933687,0.0
email/email_0014.png,email,RVL-CDIP,,754,1000,181726,0.754,243.21245358090187,46.27143298722026,0.04531299734748011,0.0
email/email_0015.png,email,RVL-CDIP,,754,1000,25394,0.754,254.11951856763926,12.210593323720788,0.003409814323607427,0.0
email/email_0016.png,email,RVL-CDIP,,802,1000,95961,0.802,250.9782867830424,24.8739846942769,0.015087281795511222,0.0
email/email_0017.png,email,RVL-CDIP,,802,1000,52427,0.802,252.965855361596,17.403325741417174,0.0075124688279301745,0.0
email/email_0018.png,email,RVL-CDIP,,754,1000,128368,0.754,248.0023726790451,34.91643982757205,0.02699602122015915,0.0
email/email_0019.png,email,RVL-CDIP,,754,1000,69116,0.754,251.38613925729442,25.566864666747275,0.014058355437665782,0.0
email/email_0020.png,email,RVL-CDIP,,754,1000,33554,0.754,253.38808885941646,17.244707673373707,0.006030503978779841,0.0
email/email_0021.png,email,RVL-CDIP,,754,1000,179905,0.754,245.887875331565,38.372945762871296,0.035322281167108754,0.0
email/email_0022.png,email,RVL-CDIP,,754,1000,66473,0.754,252.63271618037135,18.685077783449515,0.008750663129973475,0.0
email/email_0023.png,email,RVL-CDIP,,754,1000,102676,0.754,249.51207161803714,31.061103767789497,0.02095888594164456,0.0
email/email_0024.png,email,RVL-CDIP,,754,1000,28958,0.754,253.9441100795756,13.5429982175284,0.004026525198938992,0.0
email/email_0025.png,email,RVL-CDIP,,754,1000,69680,0.754,248.7939774535809,35.71372027643685,0.023553050397877983,0.0
email/email_0026.png,email,RVL-CDIP,,754,1000,40069,0.754,253.16148806366047,17.99312832620789,0.007090185676392573,0.0
email/email_0027.png,email,RVL-CDIP,,754,1000,30822,0.754,253.6668673740053,15.436145148001025,0.005053050397877984,0.0
email/email_0028.png,email,RVL-CDIP,,754,1000,53347,0.754,252.8083899204244,18.886837771714745,0.008419098143236074,0.0
email/email_0029.png,email,RVL-CDIP,,754,1000,196858,0.754,244.65306100795755,41.67220768429182,0.03985543766578249,0.0
email/email_0030.png,email,RVL-CDIP,,754,1000,44152,0.754,252.95206631299735,19.11397823322271,0.00792970822281167,0.0
email/email_0031.png,email,RVL-CDIP,,754,1000,70160,0.754,250.49550530503979,29.416829273720204,0.01753713527851459,0.0
email/email_0032.png,email,RVL-CDIP,,754,1000,69645,0.754,252.14252785145888,21.140561949759284,0.010993368700265252,0.0
email/email_0033.png,email,RVL-CDIP,,754,1000,209841,0.754,242.89775596816975,45.92504194001827,0.04613660477453581,0.0
email/email_0034.png,email,RVL-CDIP,,754,1000,46202,0.754,253.04137267904508,18.35441549443285,0.00756763925729443,0.0
email/email_0035.png,email,RVL-CDIP,,754,1000,30946,0.754,253.9688978779841,12.691789343622375,0.0038885941644562333,0.0
email/email_0036.png,email,RVL-CDIP,,754,1000,35416,0.754,253.517949602122,15.96901264369327,0.005805039787798409,0.0
email/email_0037.png,email,RVL-CDIP,,802,1000,252089,0.802,243.18034912718204,43.68802603495297,0.04610598503740648,0.0
email/email_0038.png,email,RVL-CDIP,,754,1000,124554,0.754,248.27753978779842,34.11804223403935,0.025809018567639258,0.0
email/email_0039.png,email,RVL-CDIP,,754,1000,171831,0.754,245.71990981432361,40.11273265898469,0.035075596816976126,0.0
email/email_0040.png,email,RVL-CDIP,,754,1000,35873,0.754,253.06240848806365,19.151613616601868,0.007395225464190982,0.0
email/email_0041.png,email,RVL-CDIP,,754,1000,132526,0.754,248.42703846153847,33.41567295686748,0.025347480106100797,0.0
email/email_0042.png,email,RVL-CDIP,,754,1000,170243,0.754,245.85059681697612,39.59589376889142,0.0353315649867374,0.0
email/email_0043.png,email,RVL-CDIP,,754,1000,34676,0.754,253.68905172413793,14.834839076546578,0.00510212201591512,0.0
email/email_0044.png,email,RVL-CDIP,,754,1000,38972,0.754,253.32136206896553,16.97769392886194,0.006514588859416446,0.0
email/email_0045.png,email,RVL-CDIP,,754,1000,295826,0.754,230.8596525198939,59.27026761825641,0.09236472148541114,0.0
email/email_0046.png,email,RVL-CDIP,,754,1000,282653,0.754,235.04465915119363,59.47900279480755,0.07739522546419098,0.0
email/email_0047.png,email,RVL-CDIP,,754,1000,103737,0.754,246.60057559681698,41.54205224478536,0.03244164456233422,0.0
email/email_0048.png,email,RVL-CDIP,,754,1000,117244,0.754,249.1918421750663,31.259130341971485,0.02286604774535809,0.0
email/email_0049.png,email,RVL-CDIP,,754,1000,26752,0.754,253.98143633952256,13.506421361336962,0.003908488063660478,0.0
email/email_0050.png,email,RVL-CDIP,,754,1000,42576,0.754,251.9112427055703,24.53599124092021,0.011887267904509283,0.0
email/email_0051.png,email,RVL-CDIP,,754,1000,40772,0.754,252.60031564986738,21.4889197382838,0.009550397877984085,0.0
email/email_0052.png,email,RVL-CDIP,,754,1000,37060,0.754,253.51071618037136,15.83440506735944,0.005696286472148541,0.0
email/email_0053.png,email,RVL-CDIP,,754,1000,260558,0.754,244.2176273209549,39.07545537315888,0.04072015915119363,0.0
email/email_0054.png,email,RVL-CDIP,,754,1000,40291,0.754,253.46042307692306,15.824384659364542,0.005988063660477453,0.0
email/email_0055.png,email,RVL-CDIP,,754,1000,11646,0.754,254.79597347480106,5.72542764499991,0.0007281167108753316,0.0
email/email_0056.png,email,RVL-CDIP,,754,1000,41612,0.754,253.01514058355437,18.832275231404665,0.007671087533156499,0.0
email/email_0057.png,email,RVL-CDIP,,754,1000,44751,0.754,253.14264456233423,17.604266046410924,0.007210875331564987,0.0
email/email_0058.png,email,RVL-CDIP,,802,1000,26140,0.802,253.56792269326684,16.980417060988128,0.005684538653366583,0.0
email/email_0059.png,email,RVL-CDIP,,754,1000,275461,0.754,240.1686976127321,49.29027957395713,0.05606100795755968,0.0
email/email_0060.png,email,RVL-CDIP,,754,1000,28750,0.754,253.72279442970822,15.19670089459407,0.004876657824933687,0.0
email/email_0061.png,email,RVL-CDIP,,754,1000,124037,0.754,245.10204641909814,43.41563780969073,0.038622015915119365,0.0
email/email_0062.png,email,RVL-CDIP,,754,1000,60259,0.754,252.08592175066312,22.250968821019473,0.011080901856763926,0.0
email/email_0063.png,email,RVL-CDIP,,754,1000,154209,0.754,246.90671618037135,36.92982988404189,0.03073740053050398,0.0
email/email_0064.png,email,RVL-CDIP,,754,1000,156121,0.754,248.0884602122016,33.540604965059224,0.026778514588859416,0.0
email/email_0065.png,email,RVL-CDIP,,754,1000,74743,0.754,249.73820159151194,32.22692574169031,0.020449602122015915,0.0
email/email_0066.png,email,RVL-CDIP,,754,1000,56225,0.754,252.6022175066313,20.190919115070336,0.009190981432360744,0.0
email/email_0067.png,email,RVL-CDIP,,754,1000,145049,0.754,246.49443633952254,38.94162697192747,0.032572944297082226,0.0
email/email_0068.png,email,RVL-CDIP,,754,1000,138238,0.754,247.36768302387267,36.58913478062876,0.02904111405835544,0.0
email/email_0069.png,email,RVL-CDIP,,754,1000,53211,0.754,252.51918302387267,20.875751246405045,0.009466843501326259,0.0
email/email_0070.png,email,RVL-CDIP,,754,1000,30490,0.754,254.1379628647215,11.234834431779433,0.0031392572944297084,0.0
email/email_0071.png,email,RVL-CDIP,,754,1000,66063,0.754,252.15009416445622,21.593051819072677,0.010511936339522547,0.0
email/email_0072.png,email,RVL-CDIP,,754,1000,15202,0.754,254.60972811671087,8.020091948336173,0.0014641909814323607,0.0
email/email_0073.png,email,RVL-CDIP,,754,1000,36830,0.754,253.29567904509284,17.13044293731349,0.006458885941644562,0.0
email/email_0074.png,email,RVL-CDIP,,754,1000,255013,0.754,239.43122413793103,52.29321625380551,0.05977851458885942,0.0
email/email_0075.png,email,RVL-CDIP,,754,1000,170200,0.754,244.77018435013264,42.649628106295054,0.03895490716180371,0.0
email/email_0076.png,email,RVL-CDIP,,754,1000,71667,0.754,250.6500026525199,28.808170775810616,0.016681697612732097,0.0
email/email_0077.png,email,RVL-CDIP,,754,1000,55686,0.754,252.65426127320956,19.942432647628838,0.009075596816976127,0.0
email/email_0078.png,email,RVL-CDIP,,754,1000,78665,0.754,250.67848541114057,27.533642161005865,0.01656498673740053,0.0
email/email_0079.png,email,RVL-CDIP,,754,1000,87684,0.754,250.5946153846154,27.424449926380255,0.01679840848806366,0.0
email/email_0080.png,email,RVL-CDIP,,754,1000,245368,0.754,241.0305928381963,48.5525162544155,0.05351458885941644,0.0
email/email_0081.png,email,RVL-CDIP,,754,1000,165214,0.754,241.90242175066314,50.963399733902286,0.04996286472148541,0.0
email/email_0082.png,email,RVL-CDIP,,754,1000,55797,0.754,251.95470557029176,23.497923580725523,0.011692307692307693,0.0
email/email_0083.png,email,RVL-CDIP,,754,1000,56331,0.754,252.7350981432361,19.220963548645987,0.008742705570291777,0.0
email/email_0084.png,email,RVL-CDIP,,754,1000,115358,0.754,249.24225066312997,31.102837602442406,0.0224946949602122,0.0
email/email_0085.png,email,RVL-CDIP,,754,1000,53270,0.754,251.42858090185678,26.16319473475795,0.013940318302387268,0.0
email/email_0086.png,email,RVL-CDIP,,754,1000,65976,0.754,252.8498594164456,17.410214050834824,0.006977453580901857,0.0
email/email_0087.png,email,RVL-CDIP,,754,1000,39551,0.754,253.50376392572943,15.622989900114211,0.0057493368700265255,0.0
email/email_0088.png,email,RVL-CDIP,,754,1000,78683,0.754,251.13284615384615,25.881024903249962,0.014981432360742706,0.0
email/email_0089.png,email,RVL-CDIP,,754,1000,17053,0.754,254.51939655172413,9.150378253507853,0.0018090185676392573,0.0
email/email_0090.png,email,RVL-CDIP,,754,1000,32774,0.754,253.26138196286473,17.63135568645153,0.006460212201591512,0.0
email/email_0091.png,email,RVL-CDIP,,754,1000,84528,0.754,251.9030424403183,20.86832921482594,0.010625994694960212,0.0
email/email_0092.png,email,RVL-CDIP,,754,1000,50246,0.754,253.01842307692309,18.257164542775005,0.007708222811671088,0.0
email/email_0093.png,email,RVL-CDIP,,754,1000,115552,0.754,248.41346419098144,34.39621686123967,0.02475994694960212,0.0
email/email_0094.png,email,RVL-CDIP,,754,1000,45686,0.754,252.96677320954907,18.64658254326325,0.00787135278514589,0.0
email/email_0095.png,email,RVL-CDIP,,754,1000,23077,0.754,254.32051989389922,10.356618311962851,0.002550397877984085,0.0
email/email_0096.png,email,RVL-CDIP,,762,1000,162792,0.762,246.8284251968504,36.75064118765442,0.031805774278215224,0.0
email/email_0097.png,email,RVL-CDIP,,754,1000,60056,0.754,252.01625331564986,22.797396071919444,0.011576923076923077,0.0
email/email_0098.png,email,RVL-CDIP,,754,1000,62614,0.754,252.35286206896552,21.18466871644533,0.010306366047745359,0.0
email/email_0099.png,email,RVL-CDIP,,754,1000,39988,0.754,253.25923076923078,17.073712586231803,0.0068143236074270554,0.0
email/email_0100.png,email,RVL-CDIP,,754,1000,39523,0.754,253.3317824933687,15.884023468384902,0.004529177718832891,0.0
email/email_0101.png,email,RVL-CDIP,,754,1000,38919,0.754,253.5478474801061,15.488199658313508,0.005563660477453581,0.0
email/email_0102.png,email,RVL-CDIP,,754,1000,185132,0.754,245.27337931034484,40.43047621521106,0.037688328912466845,0.0
email/email_0103.png,email,RVL-CDIP,,754,1000,134794,0.754,248.22155437665782,34.61317436161596,0.026210875331564985,0.0
email/email_0104.png,email,RVL-CDIP,,754,1000,41080,0.754,253.04050397877984,18.815166120408808,0.007496021220159152,0.0
email/email_0105.png,email,RVL-CDIP,,754,1000,29264,0.754,253.68660610079576,15.37790012047808,0.00486604774535809,0.0
email/email_0106.png,email,RVL-CDIP,,754,1000,80753,0.754,252.53437533156497,17.27507860714383,0.007419098143236074,0.0
email/email_0107.png,email,RVL-CDIP,,754,1000,154334,0.754,247.56812599469495,35.26353483916246,0.027050397877984085,0.0
email/email_0108.png,email,RVL-CDIP,,754,1000,101145,0.754,250.05096816976126,28.617661147735735,0.019137931034482757,0.0
email/email_0109.png,email,RVL-CDIP,,754,1000,46742,0.754,252.87329310344828,18.938777455691632,0.00810079575596817,0.0
email/email_0110.png,email,RVL-CDIP,,754,1000,36082,0.754,253.5888527851459,15.536646048441751,0.005442970822281167,0.0
email/email_0111.png,email,RVL-CDIP,,754,1000,53146,0.754,252.83420557029177,18.786897601543963,0.008316976127320954,0.0
email/email_0112.png,email,RVL-CDIP,,754,1000,41914,0.754,253.3574071618037,16.500458523128273,0.006282493368700265,0.0
email/email_0113.png,email,RVL-CDIP,,754,1000,24129,0.754,253.78044694960212,14.637379728540127,0.004681697612732095,0.0
email/email_0114.png,email,RVL-CDIP,,754,1000,59503,0.754,251.66806631299735,24.83570636691484,0.01296684350132626,0.0
email/email_0115.png,email,RVL-CDIP,,754,1000,57742,0.754,252.27508090185677,22.60169661582685,0.009961538461538461,0.0
email/email_0116.png,email,RVL-CDIP,,754,1000,196774,0.754,247.17323872679046,33.4992696228831,0.028677718832891247,0.0
email/email_0117.png,email,RVL-CDIP,,754,1000,49836,0.754,252.62385411140585,20.353385192795354,0.009319628647214855,0.0
email/email_0118.png,email,RVL-CDIP,,754,1000,48702,0.754,252.77117904509285,19.791312440876677,0.0085053050397878,0.0
email/email_0119.png,email,RVL-CDIP,,754,1000,102159,0.754,248.76013527851458,33.76673862440937,0.0240053050397878,0.0
email/email_0120.png,email,RVL-CDIP,,754,1000,77010,0.754,251.79959416445624,22.852999137893683,0.012415119363395226,0.0
email/email_0121.png,email,RVL-CDIP,,754,1000,65280,0.754,252.00361936339522,22.538882087031293,0.011622015915119363,0.0
email/email_0122.png,email,RVL-CDIP,,754,1000,111807,0.754,247.64731299734748,37.072651830357714,0.028606100795755967,0.0
email/email_0123.png,email,RVL-CDIP,,754,1000,171051,0.754,245.25744429708223,41.69731109961263,0.036594164456233425,0.0
email/email_0124.png,email,RVL-CDIP,,754,1000,28542,0.754,254.10108620689655,11.883339222407022,0.00340053050397878,0.0
email/email_0125.png,email,RVL-CDIP,,754,1000,56390,0.754,252.78774801061007,18.601602909174602,0.008397877984084881,0.0
email/email_0126.png,email,RVL-CDIP,,754,1000,29520,0.754,254.00956631299735,12.52596708667548,0.0038580901856763924,0.0
email/email_0127.png,email,RVL-CDIP,,754,1000,38777,0.754,253.87953846153846,12.697722947947964,0.0037718832891246684,0.0
email/email_0128.png,email,RVL-CDIP,,754,1000,175821,0.754,239.92600397877985,53.300442796544154,0.059612732095490714,0.0
email/email_0129.png,email,RVL-CDIP,,754,1000,61700,0.754,252.62240185676393,19.513910341870364,0.00930503978779841,0.0
email/email_0130.png,email,RVL-CDIP,,754,1000,189077,0.754,244.27383421750662,43.4883043848527,0.0415053050397878,0.0
email/email_0131.png,email,RVL-CDIP,,754,1000,52394,0.754,252.64614721485412,20.363358395154794,0.009039787798408487,0.0
email/email_0132.png,email,RVL-CDIP,,754,1000,92162,0.754,248.37067108753317,36.0359875131557,0.026079575596816975,0.0
email/email_0133.png,email,RVL-CDIP,,754,1000,34440,0.754,253.95806100795755,12.566517225520414,0.0037957559681697614,0.0
email/email_0134.png,email,RVL-CDIP,,754,1000,63252,0.754,251.7313448275862,24.270275441817212,0.01243501326259947,0.0
email/email_0135.png,email,RVL-CDIP,,754,1000,70991,0.754,250.4928647214854,29.257621954911215,0.017623342175066312,0.0
email/email_0136.png,email,RVL-CDIP,,754,1000,48939,0.754,252.85890053050397,19.452906050367616,0.008225464190981432,0.0
email/email_0137.png,email,RVL-CDIP,,754,1000,34206,0.754,253.6952175066313,14.984323335673917,0.0050185676392572945,0.0
email/email_0138.png,email,RVL-CDIP,,754,1000,36551,0.754,253.14392042440318,18.274006423992482,0.006957559681697613,0.0
email/email_0139.png,email,RVL-CDIP,,754,1000,196953,0.754,244.23909549071618,42.8232414514902,0.04147612732095491,0.0
email/email_0140.png,email,RVL-CDIP,,754,1000,93077,0.754,249.0326100795756,33.57610438078061,0.022586206896551723,0.0
email/email_0141.png,email,RVL-CDIP,,754,1000,27916,0.754,254.01394562334218,12.821617415866335,0.0038408488063660477,0.0
email/email_0142.png,email,RVL-CDIP,,754,1000,80664,0.754,251.0727944297082,26.17933118592519,0.01496684350132626,0.0
email/email_0143.png,email,RVL-CDIP,,754,1000,34779,0.754,253.28986870026526,17.85513281703037,0.006450928381962865,0.0
email/email_0144.png,email,RVL-CDIP,,754,1000,39414,0.754,253.20234217506632,17.726311179770825,0.006884615384615385,0.0
email/email_0145.png,email,RVL-CDIP,,754,1000,36686,0.754,253.27070159151194,17.72068544940894,0.006714854111405835,0.0
email/email_0146.png,email,RVL-CDIP,,754,1000,77225,0.754,251.44363129973476,24.478994194760887,0.013809018567639258,0.0
email/email_0147.png,email,RVL-CDIP,,754,1000,68700,0.754,252.24588461538463,21.17581106930541,0.010599469496021221,0.0
email/email_0148.png,email,RVL-CDIP,,754,1000,98809,0.754,250.3988368700265,27.612486689784838,0.017937665782493367,0.0
email/email_0149.png,email,RVL-CDIP,,754,1000,47497,0.754,253.6073050397878,13.924511437926101,0.004635278514588859,0.0
email/email_0150.png,email,RVL-CDIP,,754,1000,221398,0.754,234.40299336870027,55.924912745354845,0.08048275862068965,0.0
email/email_0151.png,email,RVL-CDIP,,754,1000,72931,0.754,251.89940053050398,22.73948777237346,0.012180371352785145,0.0
email/email_0152.png,email,RVL-CDIP,,802,1000,49138,0.802,252.74606733167082,20.189015173140582,0.008709476309226933,0.0
email/email_0153.png,email,RVL-CDIP,,754,1000,143591,0.754,249.12102785145888,29.390242895527564,0.021408488063660476,0.0
email/email_0154.png,email,RVL-CDIP,,754,1000,82667,0.754,250.86081697612732,26.75773612265196,0.01559681697612732,0.0
email/email_0155.png,email,RVL-CDIP,,754,1000,149488,0.754,242.38844562334216,49.40562064560083,0.04788859416445623,0.0
email/email_0156.png,email,RVL-CDIP,,754,1000,70728,0.754,251.57049602122015,24.726471410235156,0.013181697612732095,0.0
email/email_0157.png,email,RVL-CDIP,,754,1000,85622,0.754,250.5873328912467,27.419371630388614,0.01699602122015915,0.0
email/email_0158.png,email,RVL-CDIP,,754,1000,75095,0.754,251.36533421750664,25.11046714195575,0.014045092838196287,0.0
email/email_0159.png,email,RVL-CDIP,,754,1000,391679,0.754,231.39934615384615,61.75308140034153,0.08990318302387268,0.0
email/email_0160.png,email,RVL-CDIP,,754,1000,175839,0.754,244.98399336870025,41.988163985524395,0.037425729442970825,0.0
email/email_0161.png,email,RVL-CDIP,,754,1000,33327,0.754,253.25032095490715,18.25601444887316,0.006575596816976127,0.0
email/email_0162.png,email,RVL-CDIP,,754,1000,143747,0.754,244.97791114058356,39.64258382598935,0.034745358090185675,0.0
email/email_0163.png,email,RVL-CDIP,,754,1000,107181,0.754,249.07317506631298,32.38528435504546,0.02312599469496021,0.0
email/email_0164.png,email,RVL-CDIP,,754,1000,44565,0.754,252.5837095490716,21.111490783676892,0.009038461538461539,0.0
email/email_0165.png,email,RVL-CDIP,,754,1000,37595,0.754,253.53103846153846,15.7647184230716,0.005615384615384615,0.0
email/email_0166.png,email,RVL-CDIP,,754,1000,50979,0.754,252.56731167108754,20.66125847485894,0.009486737400530503,0.0
email/email_0167.png,email,RVL-CDIP,,754,1000,235890,0.754,246.5097519893899,33.061406100372004,0.029688328912466845,0.0
email/email_0168.png,email,RVL-CDIP,,754,1000,37149,0.754,253.70520689655172,14.3857439912803,0.004946949602122016,0.0
email/email_0169.png,email,RVL-CDIP,,754,1000,20839,0.754,254.3636777188329,10.325164711288265,0.002486737400530504,0.0
email/email_0170.png,email,RVL-CDIP,,754,1000,86087,0.754,249.87688726790452,30.881439465598064,0.01964058355437666,0.0
email/email_0171.png,email,RVL-CDIP,,754,1000,23551,0.754,254.2071578249337,11.725436290074581,0.0030291777188328913,0.0
email/email_0172.png,email,RVL-CDIP,,754,1000,75936,0.754,251.13079840848806,26.27147711518089,0.014921750663129974,0.0
email/email_0173.png,email,RVL-CDIP,,754,1000,52160,0.754,252.45155039787798,21.43103565488212,0.0093315649867374,0.0
email/email_0174.png,email,RVL-CDIP,,754,1000,115699,0.754,249.17284615384617,31.678897905119108,0.022661803713527853,0.0
email/email_0175.png,email,RVL-CDIP,,754,1000,75017,0.754,251.40430636604773,24.571114713667118,0.013952254641909814,0.0
email/email_0176.png,email,RVL-CDIP,,754,1000,80798,0.754,250.81344164456235,27.126591600163977,0.01610079575596817,0.0
email/email_0177.png,email,RVL-CDIP,,754,1000,50381,0.754,253.11942838196288,17.49489567824329,0.007236074270557029,0.0
email/email_0178.png,email,RVL-CDIP,,754,1000,33029,0.754,250.64264323607426,31.259193539799792,0.01706763925729443,0.0
email/email_0179.png,email,RVL-CDIP,,754,1000,37111,0.754,253.64866047745357,14.91917093325406,0.0051790450928381965,0.0
email/email_0180.png,email,RVL-CDIP,,754,1000,241335,0.754,241.93000928381963,46.56518865991634,0.049023872679045094,0.0
email/email_0181.png,email,RVL-CDIP,,754,1000,40355,0.754,253.4654350132626,15.52081844690193,0.005712201591511937,0.0
email/email_0182.png,email,RVL-CDIP,,754,1000,35641,0.754,253.66231564986737,14.886071714303618,0.005082228116710876,0.0
email/email_0183.png,email,RVL-CDIP,,754,1000,52002,0.754,251.93707427055702,23.753790551225997,0.012574270557029178,0.0
email/email_0184.png,email,RVL-CDIP,,754,1000,36030,0.754,252.79879045092838,20.756755382952054,0.008725464190981433,0.0
email/email_0185.png,email,RVL-CDIP,,754,1000,38521,0.754,252.86138992042441,19.773619982006046,0.008064986737400531,0.0
email/email_0186.png,email,RVL-CDIP,,754,1000,76107,0.754,249.88696419098144,30.949158168533323,0.017175066312997346,0.0
email/email_0187.png,email,RVL-CDIP,,754,1000,46048,0.754,253.2363580901857,17.054393620113103,0.0067015915119363395,0.0
email/email_0188.png,email,RVL-CDIP,,754,1000,117389,0.754,247.1251578249337,38.93004628758963,0.030763925729442972,0.0
email/email_0189.png,email,RVL-CDIP,,754,1000,63543,0.754,251.86069496021221,23.454659289398208,0.012046419098143236,0.0
handwritten/handwritten_0000.png,рукописний текст,RVL-CDIP,,754,1000,190306,0.754,249.31653580901857,27.967446238679695,0.016023872679045092,0.0
handwritten/handwritten_0001.png,рукописний текст,RVL-CDIP,,789,1000,179518,0.789,242.19962357414448,48.87133545609955,0.0500532319391635,0.0
handwritten/handwritten_0002.png,рукописний текст,RVL-CDIP,,754,1000,143766,0.754,248.77919098143235,32.63770966510495,0.02186206896551724,0.0
handwritten/handwritten_0003.png,рукописний текст,RVL-CDIP,,754,1000,257423,0.754,236.92474137931035,57.943310108006756,0.0699761273209549,0.0
handwritten/handwritten_0004.png,рукописний текст,RVL-CDIP,,754,1000,224068,0.754,246.7685928381963,37.307183918725705,0.026359416445623344,0.0
handwritten/handwritten_0005.png,рукописний текст,RVL-CDIP,,754,1000,211423,0.754,239.77416445623342,54.11901513671678,0.057557029177718835,0.0
handwritten/handwritten_0006.png,рукописний текст,RVL-CDIP,,754,1000,426683,0.754,224.44746419098144,72.98914774310379,0.11520822281167109,0.0
handwritten/handwritten_0007.png,рукописний текст,RVL-CDIP,,754,1000,133467,0.754,246.45694164456233,40.6001552646845,0.0313395225464191,0.0
handwritten/handwritten_0008.png,рукописний текст,RVL-CDIP,,754,1000,39452,0.754,250.86299071618038,30.147928153647204,0.016584880636604776,0.0
handwritten/handwritten_0009.png,рукописний текст,RVL-CDIP,,754,1000,63258,0.754,249.99702387267905,31.81860539004813,0.019850132625994697,0.0
handwritten/handwritten_0010.png,рукописний текст,RVL-CDIP,,778,1000,320574,0.778,202.26567866323907,97.65182258108813,0.20727763496143958,0.0
handwritten/handwritten_0011.png,рукописний текст,RVL-CDIP,,754,1000,223052,0.754,243.16463395225463,45.67928645799574,0.04576127320954907,0.0
handwritten/handwritten_0012.png,рукописний текст,RVL-CDIP,,799,1000,173653,0.799,242.57210638297872,49.04089800120561,0.048123904881101374,0.0
handwritten/handwritten_0013.png,рукописний текст,RVL-CDIP,,775,1000,67355,0.775,251.5361651612903,25.706902458612014,0.013388387096774193,0.0
handwritten/handwritten_0014.png,рукописний текст,RVL-CDIP,,754,1000,267185,0.754,239.02966180371354,52.77373306242898,0.059993368700265254,0.0
handwritten/handwritten_0015.png,рукописний текст,RVL-CDIP,,801,1000,181126,0.801,247.65382771535582,35.63172904605902,0.02739825218476904,0.0
handwritten/handwritten_0016.png,рукописний текст,RVL-CDIP,,754,1000,188383,0.754,244.8711949602122,42.80505383012215,0.037580901856763924,0.0
handwritten/handwritten_0017.png,рукописний текст,RVL-CDIP,,754,1000,201960,0.754,238.24930901856763,56.27225032539883,0.0653315649867374,0.0
handwritten/handwritten_0018.png,рукописний текст,RVL-CDIP,,775,1000,243770,0.775,239.4562464516129,53.05757190024421,0.06018967741935484,0.0
handwritten/handwritten_0019.png,рукописний текст,RVL-CDIP,,754,1000,107556,0.754,247.63733687002653,38.13070889539425,0.028415119363395226,0.0
handwritten/handwritten_0020.png,рукописний текст,RVL-CDIP,,754,1000,252946,0.754,229.51582360742705,69.37652515788137,0.09999336870026525,0.0
handwritten/handwritten_0021.png,рукописний текст,RVL-CDIP,,754,1000,280880,0.754,182.19400530503978,110.43004221682872,0.2833806366047745,0.0
handwritten/handwritten_0022.png,рукописний текст,RVL-CDIP,,754,1000,48443,0.754,249.97868700265252,33.105781898227605,0.019746684350132625,0.0
handwritten/handwritten_0023.png,рукописний текст,RVL-CDIP,,754,1000,440476,0.754,236.15456896551723,52.70751156660359,0.0626710875331565,0.0
handwritten/handwritten_0024.png,рукописний текст,RVL-CDIP,,789,1000,179876,0.789,243.90730164765526,46.23644545851009,0.04217490494296578,0.0
handwritten/handwritten_0025.png,рукописний текст,RVL-CDIP,,754,1000,259399,0.754,239.59905702917771,52.56086182381838,0.05659814323607427,0.0
handwritten/handwritten_0026.png,рукописний текст,RVL-CDIP,,754,1000,132097,0.754,245.1326525198939,44.058536028140075,0.039190981432360744,0.0
handwritten/handwritten_0027.png,рукописний текст,RVL-CDIP,,754,1000,211360,0.754,243.3868474801061,45.51746917635877,0.04136604774535809,0.0
handwritten/handwritten_0028.png,рукописний текст,RVL-CDIP,,754,1000,181655,0.754,242.6495702917772,48.3010153615971,0.047887267904509284,0.0
handwritten/handwritten_0029.png,рукописний текст,RVL-CDIP,,754,1000,128268,0.754,250.84016843501325,25.645026022727638,0.012557029177718834,0.0
handwritten/handwritten_0030.png,рукописний текст,RVL-CDIP,,789,1000,266906,0.789,240.69237896070976,49.9608752803285,0.05265145754119138,0.0
handwritten/handwritten_0031.png,рукописний текст,RVL-CDIP,,754,1000,254825,0.754,241.2300424403183,48.933124648878774,0.052655172413793104,0.0
handwritten/handwritten_0032.png,рукописний текст,RVL-CDIP,,754,1000,203157,0.754,241.32974535809018,50.90578411986436,0.051228116710875335,0.0
handwritten/handwritten_0033.png,рукописний текст,RVL-CDIP,,754,1000,69374,0.754,248.28036870026526,37.77619320024526,0.025945623342175067,0.0
handwritten/handwritten_0034.png,рукописний текст,RVL-CDIP,,771,1000,277766,0.771,229.82599221789883,69.31272740583606,0.09829571984435798,0.0
handwritten/handwritten_0035.png,рукописний текст,RVL-CDIP,,785,1000,151812,0.785,226.7527872611465,76.92749614365343,0.1124140127388535,0.0
handwritten/handwritten_0036.png,рукописний текст,RVL-CDIP,,754,1000,392962,0.754,232.4750676392573,60.577477291772496,0.08054376657824934,0.0
handwritten/handwritten_0037.png,рукописний текст,RVL-CDIP,,754,1000,549151,0.754,159.46024403183023,113.61249926726713,0.3827029177718833,0.0
handwritten/handwritten_0038.png,рукописний текст,RVL-CDIP,,754,1000,121443,0.754,246.47344694960213,41.32870570953281,0.0323236074270557,0.0
handwritten/handwritten_0039.png,рукописний текст,RVL-CDIP,,754,1000,187733,0.754,245.01347612732096,42.09688641984644,0.03833023872679045,0.0
handwritten/handwritten_0040.png,рукописний текст,RVL-CDIP,,771,1000,260296,0.771,239.84910246433205,50.457639079500915,0.05716731517509727,0.0
handwritten/handwritten_0041.png,рукописний текст,RVL-CDIP,,783,1000,112492,0.783,244.9405925925926,46.07131235349421,0.038613026819923374,0.0
handwritten/handwritten_0042.png,рукописний текст,RVL-CDIP,,783,1000,226253,0.783,247.20915197956577,35.41475188904474,0.024060025542784164,0.0
handwritten/handwritten_0043.png,рукописний текст,RVL-CDIP,,754,1000,95104,0.754,249.87076392572945,31.207137962985662,0.01949071618037135,0.0
handwritten/handwritten_0044.png,рукописний текст,RVL-CDIP,,786,1000,69679,0.786,247.47562595419848,40.525651208905835,0.029516539440203562,0.0
handwritten/handwritten_0045.png,рукописний текст,RVL-CDIP,,754,1000,326555,0.754,237.66217241379312,54.02535235845931,0.05808753315649867,0.0
handwritten/handwritten_0046.png,рукописний текст,RVL-CDIP,,754,1000,195854,0.754,240.0861074270557,53.53576598272561,0.058286472148541116,0.0
handwritten/handwritten_0047.png,рукописний текст,RVL-CDIP,,754,1000,338501,0.754,231.63209416445622,64.59032991276999,0.0876657824933687,0.0
handwritten/handwritten_0048.png,рукописний текст,RVL-CDIP,,754,1000,222185,0.754,237.7983872679045,56.39168599056053,0.06672413793103449,0.0
handwritten/handwritten_0049.png,рукописний текст,RVL-CDIP,,774,1000,224933,0.774,236.89165891472868,58.1787118528353,0.0706640826873385,0.0
handwritten/handwritten_0050.png,рукописний текст,RVL-CDIP,,754,1000,258511,0.754,237.51394297082228,56.53524601226951,0.06824270557029177,0.0
handwritten/handwritten_0051.png,рукописний текст,RVL-CDIP,,754,1000,256711,0.754,218.87905702917772,83.54700213116865,0.14181432360742705,0.0
handwritten/handwritten_0052.png,рукописний текст,RVL-CDIP,,754,1000,389139,0.754,235.3644350132626,56.14819580976222,0.06882758620689655,0.0
handwritten/handwritten_0053.png,рукописний текст,RVL-CDIP,,754,1000,319521,0.754,229.0516472148541,69.12269244669068,0.09988461538461539,0.0
handwritten/handwritten_0054.png,рукописний текст,RVL-CDIP,,784,1000,242996,0.784,239.49049107142858,53.62947806228715,0.06035586734693878,0.0
handwritten/handwritten_0055.png,рукописний текст,RVL-CDIP,,811,1000,167768,0.811,229.38421085080148,73.00110881055734,0.10028113440197288,0.0
handwritten/handwritten_0056.png,рукописний текст,RVL-CDIP,,754,1000,260982,0.754,244.20718169761273,41.59809068561285,0.0379973474801061,0.0
handwritten/handwritten_0057.png,рукописний текст,RVL-CDIP,,754,1000,166116,0.754,246.03427055702917,40.27719903206333,0.03386339522546419,0.0
handwritten/handwritten_0058.png,рукописний текст,RVL-CDIP,,754,1000,362073,0.754,225.88040053050398,71.95276085120106,0.11293368700265252,0.0
handwritten/handwritten_0059.png,рукописний текст,RVL-CDIP,,754,1000,299982,0.754,234.59997214854113,60.00313261273446,0.07822015915119364,0.0
handwritten/handwritten_0060.png,рукописний текст,RVL-CDIP,,754,1000,144381,0.754,241.32025331564986,53.06625168397793,0.051924403183023875,0.0
handwritten/handwritten_0061.png,рукописний текст,RVL-CDIP,,754,1000,162275,0.754,245.11277055702917,43.52506126207958,0.03783819628647215,0.0
handwritten/handwritten_0062.png,рукописний текст,RVL-CDIP,,754,1000,177654,0.754,245.5497599469496,41.200806967460736,0.03437135278514589,0.0
handwritten/handwritten_0063.png,рукописний текст,RVL-CDIP,,808,1000,251400,0.808,247.950875,31.52588789826511,0.022912128712871287,0.0
handwritten/handwritten_0064.png,рукописний текст,RVL-CDIP,,754,1000,107467,0.754,247.97496419098144,36.96626224404897,0.026511936339522545,0.0
handwritten/handwritten_0065.png,рукописний текст,RVL-CDIP,,775,1000,93950,0.775,247.90369677419355,38.278949751473014,0.027607741935483873,0.0
handwritten/handwritten_0066.png,рукописний текст,RVL-CDIP,,754,1000,130032,0.754,242.63676127320954,50.63347763710646,0.047082228116710874,0.0
handwritten/handwritten_0067.png,рукописний текст,RVL-CDIP,,754,1000,234626,0.754,242.3245450928382,47.12981238638185,0.04893766578249337,0.0
handwritten/handwritten_0068.png,рукописний текст,RVL-CDIP,,783,1000,239330,0.783,231.84387484035759,67.73118431445172,0.08824648786717752,0.0
handwritten/handwritten_0069.png,рукописний текст,RVL-CDIP,,776,1000,322737,0.776,222.38246262886597,77.8447177684583,0.12792654639175258,0.0
handwritten/handwritten_0070.png,рукописний текст,RVL-CDIP,,754,1000,248963,0.754,235.68139920424403,59.230566042754866,0.0748713527851459,0.0
handwritten/handwritten_0071.png,рукописний текст,RVL-CDIP,,754,1000,160806,0.754,243.31927188328913,47.68254865358128,0.04541246684350132,0.0
handwritten/handwritten_0072.png,рукописний текст,RVL-CDIP,,754,1000,151122,0.754,243.85701326259948,46.91231278248757,0.04363793103448276,0.0
handwritten/handwritten_0073.png,рукописний текст,RVL-CDIP,,754,1000,206090,0.754,240.231424403183,52.86647127358396,0.05525464190981432,0.0
handwritten/handwritten_0074.png,рукописний текст,RVL-CDIP,,754,1000,144698,0.754,231.21407029177718,70.76654485133953,0.09256233421750663,0.0
handwritten/handwritten_0075.png,рукописний текст,RVL-CDIP,,754,1000,427093,0.754,233.62676657824935,59.77130914643028,0.07524668435013263,0.0
handwritten/handwritten_0076.png,рукописний текст,RVL-CDIP,,754,1000,123818,0.754,249.2394575596817,32.27977273334446,0.020474801061007956,0.0
handwritten/handwritten_0077.png,рукописний текст,RVL-CDIP,,754,1000,343411,0.754,219.10447347480107,80.61532345493622,0.14005702917771884,0.0
handwritten/handwritten_0078.png,рукописний текст,RVL-CDIP,,754,1000,94588,0.754,248.49155968169762,35.69737514007158,0.02539655172413793,0.0
handwritten/handwritten_0079.png,рукописний текст,RVL-CDIP,,779,1000,113069,0.779,247.36647881899873,38.92468106447359,0.02964441591784339,0.0
handwritten/handwritten_0080.png,рукописний текст,RVL-CDIP,,754,1000,142956,0.754,246.2499575596817,40.48616977399839,0.034125994694960214,0.0
handwritten/handwritten_0081.png,рукописний текст,RVL-CDIP,,754,1000,65089,0.754,251.64300928381962,25.40127551288737,0.012785145888594165,0.0
handwritten/handwritten_0082.png,рукописний текст,RVL-CDIP,,754,1000,163556,0.754,246.42263395225464,38.97887993269757,0.03320689655172414,0.0
handwritten/handwritten_0083.png,рукописний текст,RVL-CDIP,,754,1000,260940,0.754,239.44699867374004,52.504298749206114,0.059322281167108755,0.0
handwritten/handwritten_0084.png,рукописний текст,RVL-CDIP,,754,1000,332393,0.754,219.0591074270557,81.0847915790021,0.1398793103448276,0.0
handwritten/handwritten_0085.png,рукописний текст,RVL-CDIP,,754,1000,150442,0.754,246.54498143236074,40.155874380067615,0.03210610079575597,0.0
handwritten/handwritten_0086.png,рукописний текст,RVL-CDIP,,754,1000,141461,0.754,247.5591604774536,36.88771820917929,0.02807294429708223,0.0
handwritten/handwritten_0087.png,рукописний текст,RVL-CDIP,,754,1000,149360,0.754,246.68057824933686,39.25776763747309,0.03082493368700265,0.0
handwritten/handwritten_0088.png,рукописний текст,RVL-CDIP,,754,1000,97534,0.754,249.24020822281167,33.705498595236065,0.020879310344827585,0.0
handwritten/handwritten_0089.png,рукописний текст,RVL-CDIP,,754,1000,437936,0.754,221.71532095490716,74.70295379247993,0.12759681697612732,0.0
handwritten/handwritten_0090.png,рукописний текст,RVL-CDIP,,754,1000,298699,0.754,223.92506896551726,75.03795881634944,0.12126525198938992,0.0
handwritten/handwritten_0091.png,рукописний текст,RVL-CDIP,,754,1000,371067,0.754,235.34624933687002,57.0072318460518,0.07137798408488064,0.0
handwritten/handwritten_0092.png,рукописний текст,RVL-CDIP,,754,1000,53314,0.754,249.9161671087533,33.104515044679744,0.020185676392572946,0.0
handwritten/handwritten_0093.png,рукописний текст,RVL-CDIP,,779,1000,153268,0.779,243.9904942233633,45.322116875332114,0.042,0.0
handwritten/handwritten_0094.png,рукописний текст,RVL-CDIP,,775,1000,159855,0.775,243.1537677419355,48.23100792855279,0.04658967741935484,0.0
handwritten/handwritten_0095.png,рукописний текст,RVL-CDIP,,754,1000,414497,0.754,232.45745888594163,60.19568010897014,0.08299602122015916,0.0
handwritten/handwritten_0096.png,рукописний текст,RVL-CDIP,,754,1000,202206,0.754,240.3082944297082,53.44075630687418,0.057185676392572944,0.0
handwritten/handwritten_0097.png,рукописний текст,RVL-CDIP,,754,1000,291519,0.754,233.95586339522546,61.910689826756425,0.0821763925729443,0.0
handwritten/handwritten_0098.png,рукописний текст,RVL-CDIP,,754,1000,142483,0.754,246.30303580901858,40.00980388228593,0.033362068965517244,0.0
handwritten/handwritten_0099.png,рукописний текст,RVL-CDIP,,754,1000,145366,0.754,246.19917904509285,40.93765289467598,0.033921750663129975,0.0
handwritten/handwritten_0100.png,рукописний текст,RVL-CDIP,,754,1000,83458,0.754,247.69217506631298,38.579697245652,0.028305039787798407,0.0
handwritten/handwritten_0101.png,рукописний текст,RVL-CDIP,,754,1000,75077,0.754,249.81671618037134,32.5655372857957,0.019218832891246686,0.0
handwritten/handwritten_0102.png,рукописний текст,RVL-CDIP,,754,1000,88061,0.754,249.01994694960212,34.774606272055706,0.023035809018567638,0.0
handwritten/handwritten_0103.png,рукописний текст,RVL-CDIP,,754,1000,79458,0.754,248.0412970822281,37.84151527933151,0.027730769230769232,0.0
handwritten/handwritten_0104.png,рукописний текст,RVL-CDIP,,779,1000,199982,0.779,239.95887163029525,54.0239079781587,0.058313222079589215,0.0
handwritten/handwritten_0105.png,рукописний текст,RVL-CDIP,,786,1000,114567,0.786,244.33732442748092,47.98406828232404,0.04144529262086514,0.0
handwritten/handwritten_0106.png,рукописний текст,RVL-CDIP,,754,1000,333314,0.754,232.6293275862069,62.88468623153896,0.08208090185676392,0.0
handwritten/handwritten_0107.png,рукописний текст,RVL-CDIP,,798,1000,247130,0.798,244.3064335839599,43.28137444846044,0.039007518796992484,0.0
handwritten/handwritten_0108.png,рукописний текст,RVL-CDIP,,754,1000,49958,0.754,250.82068037135278,29.87505603539509,0.016503978779840847,0.0
handwritten/handwritten_0109.png,рукописний текст,RVL-CDIP,,754,1000,313063,0.754,235.4353673740053,57.99810326014851,0.07438594164456233,0.0
handwritten/handwritten_0110.png,рукописний текст,RVL-CDIP,,754,1000,145085,0.754,246.68855702917773,38.575889765246316,0.03059814323607427,0.0
handwritten/handwritten_0111.png,рукописний текст,RVL-CDIP,,754,1000,173353,0.754,244.63819628647215,43.35856209667757,0.03783819628647215,0.0
handwritten/handwritten_0112.png,рукописний текст,RVL-CDIP,,754,1000,237789,0.754,241.26009681697613,49.38795910764296,0.054277188328912464,0.0
handwritten/handwritten_0113.png,рукописний текст,RVL-CDIP,,754,1000,93535,0.754,248.96879575596816,34.673700424042075,0.023128647214854112,0.0
handwritten/handwritten_0114.png,рукописний текст,RVL-CDIP,,754,1000,184197,0.754,244.10985145888594,44.829251256303046,0.03955835543766578,0.0
handwritten/handwritten_0115.png,рукописний текст,RVL-CDIP,,754,1000,122674,0.754,246.16946816976127,41.90916232329433,0.033871352785145886,0.0
handwritten/handwritten_0116.png,рукописний текст,RVL-CDIP,,754,1000,285011,0.754,240.64861936339523,48.84657173343649,0.05110079575596817,0.0
handwritten/handwritten_0117.png,рукописний текст,RVL-CDIP,,738,1000,170493,0.738,245.41082520325205,42.56298631385237,0.03611517615176152,0.0
handwritten/handwritten_0118.png,рукописний текст,RVL-CDIP,,754,1000,200643,0.754,241.5882944297082,50.4186707013118,0.051212201591511936,0.0
handwritten/handwritten_0119.png,рукописний текст,RVL-CDIP,,775,1000,313524,0.775,232.27841032258064,64.46791936340989,0.08888129032258064,0.0
handwritten/handwritten_0120.png,рукописний текст,RVL-CDIP,,754,1000,282498,0.754,233.30298541114058,63.063550172172256,0.08456366047745358,0.0
handwritten/handwritten_0121.png,рукописний текст,RVL-CDIP,,790,1000,123646,0.79,210.32510886075949,94.53259045778358,0.17520886075949368,0.0
handwritten/handwritten_0122.png,рукописний текст,RVL-CDIP,,754,1000,294770,0.754,238.22758222811672,52.67388816223702,0.06341777188328912,0.0
handwritten/handwritten_0123.png,рукописний текст,RVL-CDIP,,754,1000,99075,0.754,247.54440450928382,39.52361365306966,0.028355437665782492,0.0
handwritten/handwritten_0124.png,рукописний текст,RVL-CDIP,,754,1000,407430,0.754,220.932075596817,77.09431142727206,0.1328660477453581,0.0
handwritten/handwritten_0125.png,рукописний текст,RVL-CDIP,,754,1000,226090,0.754,243.52171618037136,44.20172627093411,0.039954907161803714,0.0
handwritten/handwritten_0126.png,рукописний текст,RVL-CDIP,,754,1000,500057,0.754,234.55736870026524,53.13915357360553,0.06707559681697613,0.0
handwritten/handwritten_0127.png,рукописний текст,RVL-CDIP,,754,1000,82365,0.754,250.07329442970823,31.02717191684319,0.018310344827586207,0.0
handwritten/handwritten_0128.png,рукописний текст,RVL-CDIP,,754,1000,150925,0.754,243.40239655172414,48.21761382094153,0.04554111405835544,0.0
handwritten/handwritten_0129.png,рукописний текст,RVL-CDIP,,786,1000,939502,0.786,213.4555407124682,71.3351190982112,0.14025699745547074,0.0
handwritten/handwritten_0130.png,рукописний текст,RVL-CDIP,,774,1000,241562,0.774,242.19331136950905,45.82833318987809,0.04729715762273902,0.0
handwritten/handwritten_0131.png,рукописний текст,RVL-CDIP,,754,1000,288222,0.754,234.53010079575597,61.0873816978221,0.07948010610079576,0.0
handwritten/handwritten_0132.png,рукописний текст,RVL-CDIP,,754,1000,98852,0.754,247.9768925729443,37.656156432122074,0.02560477453580902,0.0
handwritten/handwritten_0133.png,рукописний текст,RVL-CDIP,,754,1000,231942,0.754,243.2549124668435,44.85578120117188,0.04416445623342175,0.0
handwritten/handwritten_0134.png,рукописний текст,RVL-CDIP,,754,1000,171299,0.754,243.1859973474801,47.57859667140418,0.0461790450928382,0.0
handwritten/handwritten_0135.png,рукописний текст,RVL-CDIP,,754,1000,301791,0.754,238.69992572944298,51.290017467063436,0.05946286472148541,0.0
handwritten/handwritten_0136.png,рукописний текст,RVL-CDIP,,754,1000,139640,0.754,245.13637533156498,43.98469983461093,0.038824933687002655,0.0
handwritten/handwritten_0137.png,рукописний текст,RVL-CDIP,,754,1000,185001,0.754,239.4977877984085,55.18046126529745,0.061046419098143234,0.0
handwritten/handwritten_0138.png,рукописний текст,RVL-CDIP,,754,1000,250411,0.754,227.6845570291777,72.8367717981164,0.10810477453580902,0.0
handwritten/handwritten_0139.png,рукописний текст,RVL-CDIP,,754,1000,161340,0.754,193.52321352785145,106.35725343240041,0.2405610079575597,0.0
handwritten/handwritten_0140.png,рукописний текст,RVL-CDIP,,802,1000,184267,0.802,228.58161596009975,74.00670632267267,0.10250623441396509,0.0
handwritten/handwritten_0141.png,рукописний текст,RVL-CDIP,,754,1000,173527,0.754,240.82065119363395,52.349388635439944,0.05341246684350132,0.0
handwritten/handwritten_0142.png,рукописний текст,RVL-CDIP,,754,1000,558818,0.754,223.678850132626,67.37206021817353,0.11191644562334217,0.0
handwritten/handwritten_0143.png,рукописний текст,RVL-CDIP,,754,1000,65148,0.754,250.1367652519894,31.83277246318492,0.019043766578249337,0.0
handwritten/handwritten_0144.png,рукописний текст,RVL-CDIP,,771,1000,285205,0.771,245.20970428015565,40.71785133219818,0.03285214007782101,0.0
handwritten/handwritten_0145.png,рукописний текст,RVL-CDIP,,754,1000,193299,0.754,243.62336870026525,46.28705412567635,0.04267506631299735,0.0
handwritten/handwritten_0146.png,рукописний текст,RVL-CDIP,,782,1000,182461,0.782,220.87109718670078,81.2457414373934,0.13382992327365728,0.0
handwritten/handwritten_0147.png,рукописний текст,RVL-CDIP,,754,1000,213266,0.754,248.36055039787797,31.54498126379435,0.01975862068965517,0.0
handwritten/handwritten_0148.png,рукописний текст,RVL-CDIP,,774,1000,195513,0.774,244.22033979328165,45.074514814649014,0.03944961240310078,0.0
handwritten/handwritten_0149.png,рукописний текст,RVL-CDIP,,754,1000,64187,0.754,249.8671100795756,32.44367372751557,0.020416445623342175,0.0
handwritten/handwritten_0150.png,рукописний текст,RVL-CDIP,,754,1000,548066,0.754,213.07746419098143,81.7566268331158,0.15538328912466842,0.0
handwritten/handwritten_0151.png,рукописний текст,RVL-CDIP,,754,1000,235415,0.754,233.4705198938992,64.12850265216518,0.08392042440318302,0.0
handwritten/handwritten_0152.png,рукописний текст,RVL-CDIP,,754,1000,169391,0.754,243.81579310344827,46.260278650442764,0.043738726790450926,0.0
handwritten/handwritten_0153.png,рукописний текст,RVL-CDIP,,754,1000,155913,0.754,206.67903846153845,96.50497343393205,0.18956763925729442,0.0
handwritten/handwritten_0154.png,рукописний текст,RVL-CDIP,,754,1000,605788,0.754,213.41403050397878,80.60134162888188,0.15105835543766577,0.0
handwritten/handwritten_0155.png,рукописний текст,RVL-CDIP,,771,1000,372437,0.771,238.03433592736707,52.63514466578695,0.05973411154345006,0.0
handwritten/handwritten_0156.png,рукописний текст,RVL-CDIP,,801,1000,117533,0.801,251.29151935081148,23.645787360834376,0.013348314606741574,0.0
handwritten/handwritten_0157.png,рукописний текст,RVL-CDIP,,789,1000,187078,0.789,234.4750760456274,64.32070228587435,0.0818871989860583,0.0
handwritten/handwritten_0158.png,рукописний текст,RVL-CDIP,,742,1000,72467,0.742,252.48068867924528,20.097058805343917,0.009304582210242588,0.0
handwritten/handwritten_0159.png,рукописний текст,RVL-CDIP,,754,1000,59700,0.754,248.68601724137932,37.23025497696155,0.02426790450928382,0.0
handwritten/handwritten_0160.png,рукописний текст,RVL-CDIP,,754,1000,51086,0.754,250.57895358090187,30.957378499696027,0.017119363395225465,0.0
handwritten/handwritten_0161.png,рукописний текст,RVL-CDIP,,754,1000,675970,0.754,214.03906896551723,77.91707696072791,0.14138726790450928,0.0
handwritten/handwritten_0162.png,рукописний текст,RVL-CDIP,,754,1000,204870,0.754,239.20891379310345,54.835855332923956,0.06145623342175066,0.0
handwritten/handwritten_0163.png,рукописний текст,RVL-CDIP,,754,1000,130895,0.754,249.92793766578248,29.142586208033528,0.017782493368700265,0.0
handwritten/handwritten_0164.png,рукописний текст,RVL-CDIP,,754,1000,251095,0.754,239.3955305039788,52.715561588628724,0.06010875331564987,0.0
handwritten/handwritten_0165.png,рукописний текст,RVL-CDIP,,754,1000,449892,0.754,236.72174933687003,51.42696164718246,0.0574840848806366,0.0
handwritten/handwritten_0166.png,рукописний текст,RVL-CDIP,,754,1000,183794,0.754,242.5099045092838,48.37073649000029,0.047785145888594165,0.0
handwritten/handwritten_0167.png,рукописний текст,RVL-CDIP,,754,1000,288233,0.754,239.19735145888595,51.34793418926534,0.05801856763925729,0.0
handwritten/handwritten_0168.png,рукописний текст,RVL-CDIP,,781,1000,337664,0.781,233.25814084507041,62.75385490697498,0.0812483994878361,0.0
handwritten/handwritten_0169.png,рукописний текст,RVL-CDIP,,754,1000,161245,0.754,244.3900875331565,44.33924717080834,0.04033819628647215,0.0
handwritten/handwritten_0170.png,рукописний текст,RVL-CDIP,,767,1000,240903,0.767,242.79708604954368,46.60778099907271,0.045414602346805735,0.0
handwritten/handwritten_0171.png,рукописний текст,RVL-CDIP,,754,1000,334584,0.754,231.24769893899204,63.843063153915786,0.08995755968169761,0.0
handwritten/handwritten_0172.png,рукописний текст,RVL-CDIP,,785,1000,191874,0.785,245.62923184713375,41.76683992073235,0.0348828025477707,0.0
handwritten/handwritten_0173.png,рукописний текст,RVL-CDIP,,754,1000,147406,0.754,242.95593633952254,49.37413285044456,0.04642175066312997,0.0
handwritten/handwritten_0174.png,рукописний текст,RVL-CDIP,,754,1000,70276,0.754,251.46050397877985,25.427120637952434,0.01336339522546419,0.0
handwritten/handwritten_0175.png,рукописний текст,RVL-CDIP,,754,1000,368224,0.754,232.26878381962865,63.336514881443186,0.08375066312997348,0.0
handwritten/handwritten_0176.png,рукописний текст,RVL-CDIP,,773,1000,161477,0.773,242.70713971539456,49.83926094386506,0.04650582147477361,0.0
handwritten/handwritten_0177.png,рукописний текст,RVL-CDIP,,754,1000,103116,0.754,248.20824403183025,36.60119764305488,0.025683023872679046,0.0
handwritten/handwritten_0178.png,рукописний текст,RVL-CDIP,,754,1000,258307,0.754,236.09650663129975,59.34416249985874,0.0730159151193634,0.0
handwritten/handwritten_0179.png,рукописний текст,RVL-CDIP,,754,1000,235596,0.754,242.55476657824934,44.65313297453533,0.04518435013262599,0.0
handwritten/handwritten_0180.png,рукописний текст,RVL-CDIP,,776,1000,224769,0.776,244.20694845360825,44.4163703297037,0.04099742268041237,0.0
handwritten/handwritten_0181.png,рукописний текст,RVL-CDIP,,754,1000,167683,0.754,243.53563660477454,46.68087931860463,0.044730769230769234,0.0
handwritten/handwritten_0182.png,рукописний текст,RVL-CDIP,,754,1000,203289,0.754,242.9925649867374,46.23353638177746,0.04486737400530504,0.0
handwritten/handwritten_0183.png,рукописний текст,RVL-CDIP,,754,1000,205690,0.754,241.5483275862069,51.71274269735272,0.04962997347480106,0.0
handwritten/handwritten_0184.png,рукописний текст,RVL-CDIP,,754,1000,184224,0.754,228.79342705570292,73.90566683427028,0.1000079575596817,0.0
handwritten/handwritten_0185.png,рукописний текст,RVL-CDIP,,774,1000,253178,0.774,238.04917700258397,55.999188592033065,0.06554134366925064,0.0
handwritten/handwritten_0186.png,рукописний текст,RVL-CDIP,,754,1000,304075,0.754,227.36654641909814,69.57780774589911,0.10897480106100796,0.0
handwritten/handwritten_0187.png,рукописний текст,RVL-CDIP,,775,1000,244037,0.775,243.51453806451613,45.69138686673858,0.04051483870967742,0.0
handwritten/handwritten_0188.png,рукописний текст,RVL-CDIP,,754,1000,106535,0.754,245.30777586206898,45.14415929936357,0.03770954907161804,0.0
handwritten/handwritten_0189.png,рукописний текст,RVL-CDIP,,754,1000,143837,0.754,245.66034880636604,42.18790050165747,0.036092838196286475,0.0
advertisement/advertisement_0000.png,реклама,RVL-CDIP,,754,1000,381787,0.754,101.0802824933687,118.20577729881373,0.604395225464191,0.0
advertisement/advertisement_0001.png,реклама,RVL-CDIP,,754,1000,477003,0.754,161.79485013262598,114.41104549519595,0.3620610079575597,0.0
advertisement/advertisement_0002.png,реклама,RVL-CDIP,,777,1000,195960,0.777,244.51200772200772,43.37203779815307,0.03948005148005148,0.0
advertisement/advertisement_0003.png,реклама,RVL-CDIP,,812,1000,259441,0.812,88.55327832512316,117.9657590853909,0.6539568965517242,0.0
advertisement/advertisement_0004.png,реклама,RVL-CDIP,,754,1000,336575,0.754,200.03615915119363,98.2378504860148,0.21453050397877985,0.0
advertisement/advertisement_0005.png,реклама,RVL-CDIP,,611,1000,207737,0.611,131.1077495908347,123.73147073371216,0.4831620294599018,0.0
advertisement/advertisement_0006.png,реклама,RVL-CDIP,,754,1000,317136,0.754,207.0022095490716,93.53710224528099,0.18064986737400532,0.0
advertisement/advertisement_0007.png,реклама,RVL-CDIP,,777,1000,297876,0.777,112.60649935649936,122.4515883073547,0.5568352638352638,0.0
advertisement/advertisement_0008.png,реклама,RVL-CDIP,,762,1000,115448,0.762,76.56858661417323,115.01753078439765,0.6997952755905512,0.0
advertisement/advertisement_0009.png,реклама,RVL-CDIP,,754,1000,208309,0.754,229.61248673740053,71.70644706703814,0.09660610079575596,0.0
advertisement/advertisement_0010.png,реклама,RVL-CDIP,,754,1000,766669,0.754,205.3745225464191,82.92624582996075,0.1859257294429708,0.0
advertisement/advertisement_0011.png,реклама,RVL-CDIP,,762,1000,463344,0.762,199.01493832020998,95.58071294092449,0.22273359580052493,0.0
advertisement/advertisement_0012.png,реклама,RVL-CDIP,,787,1000,982215,0.787,215.8608792884371,64.74994297732923,0.12693773824650573,0.0
advertisement/advertisement_0013.png,реклама,RVL-CDIP,,611,1000,263117,0.611,144.1884680851064,122.00205752836996,0.43548772504091654,0.0
advertisement/advertisement_0014.png,реклама,RVL-CDIP,,777,1000,182663,0.777,245.22572844272844,40.98719466448299,0.03652509652509652,0.0
advertisement/advertisement_0015.png,реклама,RVL-CDIP,,790,1000,405388,0.79,230.30325949367088,65.78440467342136,0.09025822784810127,0.0
advertisement/advertisement_0016.png,реклама,RVL-CDIP,,754,1000,256031,0.754,232.29859549071617,65.19237739318835,0.08871883289124669,0.0
advertisement/advertisement_0017.png,реклама,RVL-CDIP,,754,1000,187080,0.754,231.5428421750663,69.29140476731303,0.0897997347480106,0.0
advertisement/advertisement_0018.png,реклама,RVL-CDIP,,771,1000,205478,0.771,237.36765758754865,58.42054053859647,0.06883268482490272,0.0
advertisement/advertisement_0019.png,реклама,RVL-CDIP,,754,1000,807498,0.754,220.0209575596817,64.83755961152077,0.11406233421750663,0.0
advertisement/advertisement_0020.png,реклама,RVL-CDIP,,762,1000,413150,0.762,233.56871784776902,57.408575060315,0.07143963254593176,0.0
advertisement/advertisement_0021.png,реклама,RVL-CDIP,,754,1000,330645,0.754,111.57240318302387,121.23825935864835,0.5630106100795756,0.0
advertisement/advertisement_0022.png,реклама,RVL-CDIP,,754,1000,276970,0.754,197.5778448275862,101.31097332885831,0.22510079575596817,0.0
advertisement/advertisement_0023.png,реклама,RVL-CDIP,,762,1000,214619,0.762,208.70507217847768,94.57075852489392,0.18056299212598426,0.0
advertisement/advertisement_0024.png,реклама,RVL-CDIP,,785,1000,220442,0.785,236.8880585987261,59.410465582379,0.06928535031847134,0.0
advertisement/advertisement_0025.png,реклама,RVL-CDIP,,754,1000,278722,0.754,216.1665344827586,84.98264953020242,0.15254907161803713,0.0
advertisement/advertisement_0026.png,реклама,RVL-CDIP,,754,1000,559349,0.754,188.15924270557028,102.1037026329743,0.27040185676392575,0.0
advertisement/advertisement_0027.png,реклама,RVL-CDIP,,754,1000,420860,0.754,109.69698806366048,120.06322384852788,0.566946949602122,0.0
advertisement/advertisement_0028.png,реклама,RVL-CDIP,,754,1000,311450,0.754,152.60250132625995,120.38443924490826,0.4015835543766578,0.0
advertisement/advertisement_0029.png,реклама,RVL-CDIP,,754,1000,420244,0.754,93.58157559681698,116.04539853216204,0.6365649867374006,0.0
advertisement/advertisement_0030.png,реклама,RVL-CDIP,,751,1000,68416,0.751,241.91306790945407,53.59806807029115,0.05078295605858855,0.0
advertisement/advertisement_0031.png,реклама,RVL-CDIP,,754,1000,352176,0.754,232.59354244031832,62.03934545988034,0.08676657824933687,0.0
advertisement/advertisement_0032.png,реклама,RVL-CDIP,,806,1000,244814,0.806,189.82584615384616,107.2176112828353,0.2556166253101737,0.0
advertisement/advertisement_0033.png,реклама,RVL-CDIP,,775,1000,113636,0.775,244.10275483870967,48.04187147006606,0.04225935483870968,0.0
advertisement/advertisement_0034.png,реклама,RVL-CDIP,,754,1000,85995,0.754,61.37514721485411,107.55254422779697,0.7589827586206896,0.0
advertisement/advertisement_0035.png,реклама,RVL-CDIP,,777,1000,42688,0.777,252.30472072072072,23.70967545699282,0.010407979407979408,0.0
advertisement/advertisement_0036.png,реклама,RVL-CDIP,,754,1000,344970,0.754,171.94375596816977,114.0901375745568,0.3265769230769231,0.0
advertisement/advertisement_0037.png,реклама,RVL-CDIP,,762,1000,549123,0.762,216.1989160104987,78.31390580139384,0.15438188976377953,0.0
advertisement/advertisement_0038.png,реклама,RVL-CDIP,,762,1000,239002,0.762,243.68060104986876,44.49552311734866,0.04336614173228347,0.0
advertisement/advertisement_0039.png,реклама,RVL-CDIP,,792,1000,432755,0.792,223.81028535353536,74.54286131142493,0.11796843434343435,0.0
advertisement/advertisement_0040.png,реклама,RVL-CDIP,,754,1000,184044,0.754,211.7196100795756,92.02715558777966,0.1692970822281167,0.0
advertisement/advertisement_0041.png,реклама,RVL-CDIP,,754,1000,541306,0.754,212.3595424403183,84.53164838902784,0.15182228116710875,0.0
advertisement/advertisement_0042.png,реклама,RVL-CDIP,,771,1000,405372,0.771,234.85364332036318,58.735833967981456,0.06587808041504539,0.0
advertisement/advertisement_0043.png,реклама,RVL-CDIP,,754,1000,140359,0.754,138.81673607427055,124.66428448758039,0.4565915119363395,0.0
advertisement/advertisement_0044.png,реклама,RVL-CDIP,,769,1000,304933,0.769,113.33762158647595,122.33355844336934,0.5554499349804941,0.0
advertisement/advertisement_0045.png,реклама,RVL-CDIP,,754,1000,331718,0.754,186.25038328912467,106.7295297053552,0.26861405835543767,0.0
advertisement/advertisement_0046.png,реклама,RVL-CDIP,,811,1000,153318,0.811,154.8249728729963,122.74086962270998,0.3928372379778052,0.0
advertisement/advertisement_0047.png,реклама,RVL-CDIP,,771,1000,38809,0.771,253.13645914396886,19.298632745716425,0.00721011673151751,0.0
advertisement/advertisement_0048.png,реклама,RVL-CDIP,,754,1000,145050,0.754,225.29125198938993,77.06721209591169,0.11631432360742705,0.0
advertisement/advertisement_0049.png,реклама,RVL-CDIP,,783,1000,266848,0.783,244.21233716475095,43.57333907845149,0.03767432950191571,0.0
advertisement/advertisement_0050.png,реклама,RVL-CDIP,,757,1000,113829,0.757,221.65370805812418,83.87670662420814,0.13034346103038308,0.0
advertisement/advertisement_0051.png,реклама,RVL-CDIP,,754,1000,72948,0.754,243.57931962864723,49.614207906288215,0.04453050397877984,0.0
advertisement/advertisement_0052.png,реклама,RVL-CDIP,,754,1000,229942,0.754,154.1465225464191,120.971034953503,0.3959456233421751,0.0
advertisement/advertisement_0053.png,реклама,RVL-CDIP,,754,1000,982127,0.754,161.0222374005305,105.26481446641705,0.3648209549071618,0.0
advertisement/advertisement_0054.png,реклама,RVL-CDIP,,754,1000,684526,0.754,230.39012201591513,55.16283936902648,0.07504774535809018,0.0
advertisement/advertisement_0055.png,реклама,RVL-CDIP,,762,1000,222905,0.762,247.10049212598426,33.73059998111353,0.026481627296587925,0.0
advertisement/advertisement_0056.png,реклама,RVL-CDIP,,762,1000,443811,0.762,208.47874803149605,89.59098436847515,0.18291863517060367,0.0
advertisement/advertisement_0057.png,реклама,RVL-CDIP,,771,1000,337409,0.771,176.77675356679637,112.12304627522632,0.30628145265888457,0.0
advertisement/advertisement_0058.png,реклама,RVL-CDIP,,762,1000,705293,0.762,207.94536351706037,79.53396811682757,0.18616141732283464,0.0
advertisement/advertisement_0059.png,реклама,RVL-CDIP,,757,1000,132180,0.757,242.48765125495376,51.17778438943792,0.048122853368560106,0.0
advertisement/advertisement_0060.png,реклама,RVL-CDIP,,757,1000,323826,0.757,204.6593896961691,95.28785153631563,0.19408454425363275,0.0
advertisement/advertisement_0061.png,реклама,RVL-CDIP,,777,1000,679686,0.777,203.75387387387389,89.00422676498572,0.1903011583011583,0.0
advertisement/advertisement_0062.png,реклама,RVL-CDIP,,754,1000,168881,0.754,209.07425596816975,94.90804148667449,0.1801392572944297,0.0
advertisement/advertisement_0063.png,реклама,RVL-CDIP,,802,1000,604055,0.802,114.10329551122194,117.1138719669652,0.5646596009975062,0.0
advertisement/advertisement_0064.png,реклама,RVL-CDIP,,754,1000,245597,0.754,79.59789522546419,114.175543041084,0.689763925729443,0.0
advertisement/advertisement_0065.png,реклама,RVL-CDIP,,771,1000,41879,0.771,252.90465758754863,20.88237195489344,0.008067444876783398,0.0
advertisement/advertisement_0066.png,реклама,RVL-CDIP,,777,1000,131855,0.777,230.1806833976834,72.61342195827501,0.09684942084942084,0.0
advertisement/advertisement_0067.png,реклама,RVL-CDIP,,754,1000,323947,0.754,196.09399336870027,101.72287124965143,0.2303740053050398,0.0
advertisement/advertisement_0068.png,реклама,RVL-CDIP,,762,1000,174175,0.762,250.34056036745406,26.48874795040248,0.013434383202099737,0.0
advertisement/advertisement_0069.png,реклама,RVL-CDIP,,774,1000,155311,0.774,96.54038372093024,121.54263186801225,0.621890180878553,0.0
advertisement/advertisement_0070.png,реклама,RVL-CDIP,,754,1000,170396,0.754,239.0419668435013,56.77746785032705,0.06218435013262599,0.0
advertisement/advertisement_0071.png,реклама,RVL-CDIP,,757,1000,343514,0.757,225.58673976221928,74.14926588153871,0.10473976221928666,0.0
advertisement/advertisement_0072.png,реклама,RVL-CDIP,,754,1000,290697,0.754,192.61733687002652,104.47969367877249,0.24565517241379312,0.0
advertisement/advertisement_0073.png,реклама,RVL-CDIP,,754,1000,283511,0.754,202.7974655172414,96.57151113865278,0.206842175066313,0.0
advertisement/advertisement_0074.png,реклама,RVL-CDIP,,757,1000,74189,0.757,202.50189828269484,101.89753877572196,0.20633685601056803,0.0
advertisement/advertisement_0075.png,реклама,RVL-CDIP,,843,1000,471338,0.843,160.30889323843417,116.56397416739863,0.3695385527876631,0.0
advertisement/advertisement_0076.png,реклама,RVL-CDIP,,751,1000,68416,0.751,241.91306790945407,53.59806807029115,0.05078295605858855,0.0
advertisement/advertisement_0077.png,реклама,RVL-CDIP,,754,1000,402630,0.754,162.5301220159151,115.93743986603587,0.36439655172413793,0.0
advertisement/advertisement_0078.png,реклама,RVL-CDIP,,771,1000,192372,0.771,94.73296368352788,120.5028705182957,0.6287937743190661,0.0
advertisement/advertisement_0079.png,реклама,RVL-CDIP,,782,1000,1236767,0.782,194.58127621483376,78.30746512909332,0.21548849104859336,0.0
advertisement/advertisement_0080.png,реклама,RVL-CDIP,,784,1000,1053753,0.784,196.009318877551,83.10155692072391,0.2239094387755102,0.0
advertisement/advertisement_0081.png,реклама,RVL-CDIP,,773,1000,351011,0.773,144.3540336351876,121.38820714359258,0.43495084087968955,0.0
advertisement/advertisement_0082.png,реклама,RVL-CDIP,,751,1000,68416,0.751,241.91306790945407,53.59806807029115,0.05078295605858855,0.0
advertisement/advertisement_0083.png,реклама,RVL-CDIP,,802,1000,232140,0.802,242.58634538653368,47.43982820463412,0.04701371571072319,0.0
advertisement/advertisement_0084.png,реклама,RVL-CDIP,,754,1000,236519,0.754,175.28424668435014,114.19825954162799,0.31275862068965515,0.0
advertisement/advertisement_0085.png,реклама,RVL-CDIP,,967,1000,1365314,0.967,186.74076732161325,87.0782036163904,0.23653464322647363,0.0
advertisement/advertisement_0086.png,реклама,RVL-CDIP,,777,1000,101442,0.777,198.26900257400257,104.56597682899563,0.22333976833976835,0.0
advertisement/advertisement_0087.png,реклама,RVL-CDIP,,762,1000,526760,0.762,201.69532414698162,92.55078820320242,0.21361154855643044,0.0
advertisement/advertisement_0088.png,реклама,RVL-CDIP,,771,1000,584189,0.771,220.39012970168613,74.93096283788144,0.12073151750972763,0.0
advertisement/advertisement_0089.png,реклама,RVL-CDIP,,774,1000,327837,0.774,149.7197441860465,121.04231857337875,0.4140297157622739,0.0
advertisement/advertisement_0090.png,реклама,RVL-CDIP,,754,1000,278440,0.754,90.46941777188329,117.71743648468453,0.6498328912466843,0.0
advertisement/advertisement_0091.png,реклама,RVL-CDIP,,754,1000,234544,0.754,194.2279124668435,103.8715701483576,0.2355132625994695,0.0
advertisement/advertisement_0092.png,реклама,RVL-CDIP,,754,1000,396520,0.754,160.67486206896552,116.94064648322524,0.37403846153846154,0.0
advertisement/advertisement_0093.png,реклама,RVL-CDIP,,762,1000,370874,0.762,236.23367454068241,54.09305938264532,0.06422834645669291,0.0
advertisement/advertisement_0094.png,реклама,RVL-CDIP,,757,1000,168633,0.757,238.92657199471597,56.86240426820055,0.062297225891677674,0.0
advertisement/advertisement_0095.png,реклама,RVL-CDIP,,754,1000,841419,0.754,190.1562546419098,93.6567768206542,0.24336870026525198,0.0
advertisement/advertisement_0096.png,реклама,RVL-CDIP,,776,1000,222345,0.776,230.37830025773195,69.48060089343599,0.09676546391752577,0.0
advertisement/advertisement_0097.png,реклама,RVL-CDIP,,779,1000,148325,0.779,246.56632092426187,40.2066078717698,0.03213222079589217,0.0
advertisement/advertisement_0098.png,реклама,RVL-CDIP,,762,1000,374236,0.762,224.02537926509186,74.66062200343731,0.11873884514435695,0.0
advertisement/advertisement_0099.png,реклама,RVL-CDIP,,773,1000,261402,0.773,206.45961190168177,94.92904576436531,0.18898965071151358,0.0
advertisement/advertisement_0100.png,реклама,RVL-CDIP,,757,1000,137073,0.757,240.853142668428,53.13623999640801,0.05473051519154557,0.0
advertisement/advertisement_0101.png,реклама,RVL-CDIP,,757,1000,188446,0.757,172.78991281373845,116.49839522751739,0.3230158520475561,0.0
advertisement/advertisement_0102.png,реклама,RVL-CDIP,,777,1000,307909,0.777,227.18996525096526,72.76551111745262,0.10813384813384813,0.0
advertisement/advertisement_0103.png,реклама,RVL-CDIP,,771,1000,638529,0.771,224.02514267185472,68.7994609215724,0.10073411154345006,0.0
advertisement/advertisement_0104.png,реклама,RVL-CDIP,,754,1000,260511,0.754,172.38237400530505,115.41614664695294,0.32754376657824935,0.0
advertisement/advertisement_0105.png,реклама,RVL-CDIP,,754,1000,372450,0.754,161.07028381962866,116.83867172891998,0.3714893899204244,0.0
advertisement/advertisement_0106.png,реклама,RVL-CDIP,,611,1000,358115,0.611,142.8244435351882,120.60349438347711,0.43553682487725043,0.0
advertisement/advertisement_0107.png,реклама,RVL-CDIP,,780,1000,473045,0.78,119.0158858974359,119.81937811555038,0.5342217948717949,0.0
advertisement/advertisement_0108.png,реклама,RVL-CDIP,,757,1000,122941,0.757,243.15921928665787,48.88645394926848,0.04823513870541612,0.0
advertisement/advertisement_0109.png,реклама,RVL-CDIP,,754,1000,329149,0.754,130.4560344827586,122.25908959033555,0.49068832891246683,0.0
advertisement/advertisement_0110.png,реклама,RVL-CDIP,,754,1000,191497,0.754,241.10036472148542,51.76713850034782,0.05172546419098143,0.0
advertisement/advertisement_0111.png,реклама,RVL-CDIP,,754,1000,149006,0.754,162.32889655172414,120.61104708324672,0.3640663129973475,0.0
advertisement/advertisement_0112.png,реклама,RVL-CDIP,,782,1000,481721,0.782,111.964631713555,119.66837839399133,0.5640780051150895,0.0
advertisement/advertisement_0113.png,реклама,RVL-CDIP,,762,1000,147232,0.762,244.23177952755904,44.535560742389386,0.04187664041994751,0.0
advertisement/advertisement_0114.png,реклама,RVL-CDIP,,754,1000,99011,0.754,193.7028169761273,107.41085281730139,0.24040981432360742,0.0
advertisement/advertisement_0115.png,реклама,RVL-CDIP,,762,1000,54153,0.762,171.5984593175853,118.97548661803825,0.32701837270341205,0.0
advertisement/advertisement_0116.png,реклама,RVL-CDIP,,754,1000,455812,0.754,203.9264376657825,92.7288762492016,0.2035185676392573,0.0
advertisement/advertisement_0117.png,реклама,RVL-CDIP,,765,1000,804901,0.765,191.71153071895424,93.91406326149644,0.24819084967320262,0.0
advertisement/advertisement_0118.png,реклама,RVL-CDIP,,754,1000,206318,0.754,132.892274535809,124.32873554183382,0.47972413793103447,0.0
advertisement/advertisement_0119.png,реклама,RVL-CDIP,,783,1000,936084,0.783,208.36177394636016,75.33415599571147,0.17062324393358877,0.0
advertisement/advertisement_0120.png,реклама,RVL-CDIP,,868,1000,209778,0.868,245.96675576036867,39.175644835493806,0.03413709677419355,0.0
advertisement/advertisement_0121.png,реклама,RVL-CDIP,,775,1000,561260,0.775,190.11336,101.07301094638699,0.2574761290322581,0.0
advertisement/advertisement_0122.png,реклама,RVL-CDIP,,754,1000,136607,0.754,152.18003846153846,122.89797222439654,0.4025994694960212,0.0
advertisement/advertisement_0123.png,реклама,RVL-CDIP,,754,1000,186003,0.754,194.86544694960213,105.28520127576436,0.23635145888594164,0.0
advertisement/advertisement_0124.png,реклама,RVL-CDIP,,757,1000,235777,0.757,232.91165521796566,65.28907155832815,0.08125495376486129,0.0
advertisement/advertisement_0125.png,реклама,RVL-CDIP,,809,1000,168796,0.809,75.94672064276885,114.13090635554211,0.702655129789864,0.0
advertisement/advertisement_0126.png,реклама,RVL-CDIP,,762,1000,198916,0.762,138.96429265091862,124.33947297598557,0.4549750656167979,0.0
advertisement/advertisement_0127.png,реклама,RVL-CDIP,,762,1000,183290,0.762,233.4836535433071,65.84480142369354,0.0887244094488189,0.0
advertisement/advertisement_0128.png,реклама,RVL-CDIP,,754,1000,602192,0.754,175.38912466843502,107.24512903323773,0.3127068965517241,0.0
advertisement/advertisement_0129.png,реклама,RVL-CDIP,,764,1000,555027,0.764,93.12274738219895,114.0528562702149,0.6427853403141361,0.0
advertisement/advertisement_0130.png,реклама,RVL-CDIP,,773,1000,150566,0.773,224.9862639068564,79.01842566126389,0.11723932729624838,0.0
advertisement/advertisement_0131.png,реклама,RVL-CDIP,,754,1000,480664,0.754,180.8321074270557,106.19017350343073,0.29192705570291777,0.0
advertisement/advertisement_0132.png,реклама,RVL-CDIP,,754,1000,67904,0.754,243.37992307692306,51.09348306037437,0.045,0.0
advertisement/advertisement_0133.png,реклама,RVL-CDIP,,754,1000,794932,0.754,190.4119297082228,79.59787600378142,0.24246816976127322,0.0
advertisement/advertisement_0134.png,реклама,RVL-CDIP,,754,1000,276446,0.754,126.58965119363396,122.87386325153038,0.5046458885941645,0.0
advertisement/advertisement_0135.png,реклама,RVL-CDIP,,801,1000,388282,0.801,185.84565667915106,107.066625317094,0.2725792759051186,0.0
advertisement/advertisement_0136.png,реклама,RVL-CDIP,,754,1000,162506,0.754,118.84939655172414,124.88711145030051,0.5336989389920425,0.0
advertisement/advertisement_0137.png,реклама,RVL-CDIP,,754,1000,124778,0.754,249.32911140583553,31.243914739177104,0.02163262599469496,0.0
advertisement/advertisement_0138.png,реклама,RVL-CDIP,,762,1000,226311,0.762,244.10091338582677,41.39921674618038,0.0415498687664042,0.0
advertisement/advertisement_0139.png,реклама,RVL-CDIP,,778,1000,308015,0.778,188.87543059125963,106.70690911510567,0.2588740359897172,0.0
advertisement/advertisement_0140.png,реклама,RVL-CDIP,,754,1000,469382,0.754,184.34248806366048,105.1258503799452,0.27040450928381965,0.0
advertisement/advertisement_0141.png,реклама,RVL-CDIP,,754,1000,360604,0.754,104.9751777188329,119.66023176290427,0.5864336870026525,0.0
advertisement/advertisement_0142.png,реклама,RVL-CDIP,,764,1000,258981,0.764,218.10325916230366,84.0952502369457,0.1455785340314136,0.0
advertisement/advertisement_0143.png,реклама,RVL-CDIP,,769,1000,173479,0.769,233.20724707412225,66.95195229424213,0.08521976592977894,0.0
advertisement/advertisement_0144.png,реклама,RVL-CDIP,,754,1000,430450,0.754,229.76857692307692,63.69941091813195,0.09295755968169761,0.0
advertisement/advertisement_0145.png,реклама,RVL-CDIP,,754,1000,486741,0.754,180.96359416445623,106.53660608395761,0.2885663129973475,0.0
advertisement/advertisement_0146.png,реклама,RVL-CDIP,,754,1000,72948,0.754,243.57931962864723,49.614207906288215,0.04453050397877984,0.0
advertisement/advertisement_0147.png,реклама,RVL-CDIP,,754,1000,518130,0.754,137.79052785145888,115.48790557292386,0.46556631299734746,0.0
advertisement/advertisement_0148.png,реклама,RVL-CDIP,,754,1000,468503,0.754,217.39821618037135,79.7369157805674,0.1350477453580902,0.0
advertisement/advertisement_0149.png,реклама,RVL-CDIP,,775,1000,157096,0.775,241.76452387096774,51.802095773014116,0.05091483870967742,0.0
advertisement/advertisement_0150.png,реклама,RVL-CDIP,,762,1000,164203,0.762,122.2366811023622,125.30308406322874,0.5212821522309711,0.0
advertisement/advertisement_0151.png,реклама,RVL-CDIP,,811,1000,78597,0.811,248.83003205918618,36.20413320783501,0.02398273736128237,0.0
advertisement/advertisement_0152.png,реклама,RVL-CDIP,,754,1000,366403,0.754,170.13927586206896,113.31773529654669,0.33656498673740054,0.0
advertisement/advertisement_0153.png,реклама,RVL-CDIP,,757,1000,153817,0.757,233.0270330250991,67.82065874571705,0.0862562747688243,0.0
advertisement/advertisement_0154.png,реклама,RVL-CDIP,,754,1000,303738,0.754,219.51349071618037,80.12283344147428,0.1393236074270557,0.0
advertisement/advertisement_0155.png,реклама,RVL-CDIP,,778,1000,372628,0.778,190.78391388174808,104.53288596871745,0.2517827763496144,0.0
advertisement/advertisement_0156.png,реклама,RVL-CDIP,,780,1000,512960,0.78,194.47616153846153,99.50360545424682,0.24330641025641025,0.0
advertisement/advertisement_0157.png,реклама,RVL-CDIP,,754,1000,253866,0.754,230.86865782493368,67.10811994457637,0.09464986737400531,0.0
advertisement/advertisement_0158.png,реклама,RVL-CDIP,,762,1000,168948,0.762,244.8574002624672,42.40753102486122,0.03789501312335958,0.0
advertisement/advertisement_0159.png,реклама,RVL-CDIP,,762,1000,258518,0.762,148.66724934383203,121.72894457068197,0.4179081364829396,0.0
advertisement/advertisement_0160.png,реклама,RVL-CDIP,,754,1000,240562,0.754,242.7233806366048,47.34055459168966,0.044619363395225466,0.0
advertisement/advertisement_0161.png,реклама,RVL-CDIP,,777,1000,941858,0.777,198.2980489060489,84.11319492607565,0.21602574002574002,0.0
advertisement/advertisement_0162.png,реклама,RVL-CDIP,,757,1000,249149,0.757,216.08346367239102,86.72650522676686,0.14996961690885072,0.0
advertisement/advertisement_0163.png,реклама,RVL-CDIP,,751,1000,68416,0.751,241.91306790945407,53.59806807029115,0.05078295605858855,0.0
advertisement/advertisement_0164.png,реклама,RVL-CDIP,,771,1000,686089,0.771,209.3037328145266,82.48774156034507,0.1639325551232166,0.0
advertisement/advertisement_0165.png,реклама,RVL-CDIP,,754,1000,189233,0.754,236.57809814323608,60.36714545854103,0.07166976127320955,0.0
advertisement/advertisement_0166.png,реклама,RVL-CDIP,,754,1000,279191,0.754,230.28847612732096,68.10397146083935,0.09638594164456234,0.0
advertisement/advertisement_0167.png,реклама,RVL-CDIP,,754,1000,947511,0.754,203.5783978779841,79.91693414450124,0.18080371352785146,0.0
advertisement/advertisement_0168.png,реклама,RVL-CDIP,,754,1000,343731,0.754,204.68786339522546,94.60784451171982,0.19910742705570292,0.0
advertisement/advertisement_0169.png,реклама,RVL-CDIP,,802,1000,170726,0.802,210.54645511221946,93.82894124942149,0.17583291770573567,0.0
advertisement/advertisement_0170.png,реклама,RVL-CDIP,,757,1000,106268,0.757,225.25772258916777,79.77069251020984,0.11661426684280053,0.0
advertisement/advertisement_0171.png,реклама,RVL-CDIP,,754,1000,875631,0.754,213.78841644562334,71.3880249045561,0.13434880636604773,0.0
advertisement/advertisement_0172.png,реклама,RVL-CDIP,,754,1000,186902,0.754,155.7761923076923,121.55764469197797,0.38663262599469495,0.0
advertisement/advertisement_0173.png,реклама,RVL-CDIP,,762,1000,331675,0.762,227.32323228346456,70.527013513009,0.1084251968503937,0.0
advertisement/advertisement_0174.png,реклама,RVL-CDIP,,783,1000,1127681,0.783,196.31181481481482,80.2764501800721,0.21628735632183907,0.0
advertisement/advertisement_0175.png,реклама,RVL-CDIP,,951,1000,142932,0.951,211.65345005257623,93.82619125256865,0.16892323869610937,0.0
advertisement/advertisement_0176.png,реклама,RVL-CDIP,,754,1000,614966,0.754,229.6737851458886,56.39312095016783,0.0716684350132626,0.0
advertisement/advertisement_0177.png,реклама,RVL-CDIP,,754,1000,185366,0.754,186.0400278514589,110.49875660281637,0.2703076923076923,0.0
advertisement/advertisement_0178.png,реклама,RVL-CDIP,,780,1000,357013,0.78,186.44924230769232,107.39239043645817,0.2686269230769231,0.0
advertisement/advertisement_0179.png,реклама,RVL-CDIP,,741,1000,178244,0.741,239.1226383265857,56.55253757701378,0.06074224021592443,0.0
advertisement/advertisement_0180.png,реклама,RVL-CDIP,,757,1000,117947,0.757,207.3381968295905,97.32857547035916,0.18588243064729193,0.0
advertisement/advertisement_0181.png,реклама,RVL-CDIP,,813,1000,947299,0.813,160.70048831488316,105.57095566586652,0.37775645756457565,0.0
advertisement/advertisement_0182.png,реклама,RVL-CDIP,,762,1000,56062,0.762,54.73070997375328,103.79495730217077,0.7853005249343832,0.0
advertisement/advertisement_0183.png,реклама,RVL-CDIP,,754,1000,439683,0.754,151.8887877984085,118.1828277952951,0.40427453580901856,0.0
advertisement/advertisement_0184.png,реклама,RVL-CDIP,,754,1000,45364,0.754,253.66766578249337,13.199613856369593,0.0035676392572944297,0.0
advertisement/advertisement_0185.png,реклама,RVL-CDIP,,762,1000,410901,0.762,225.34385958005248,70.78702485544785,0.11432152230971128,0.0
advertisement/advertisement_0186.png,реклама,RVL-CDIP,,762,1000,118253,0.762,243.60732283464566,48.730632832925046,0.044598425196850394,0.0
advertisement/advertisement_0187.png,реклама,RVL-CDIP,,762,1000,220342,0.762,248.5288215223097,29.41480172287359,0.019986876640419947,0.0
advertisement/advertisement_0188.png,реклама,RVL-CDIP,,754,1000,335281,0.754,139.83010079575598,122.0797182217583,0.4559283819628647,0.0
advertisement/advertisement_0189.png,реклама,RVL-CDIP,,777,1000,1037360,0.777,184.06776061776063,93.91563388918568,0.2612857142857143,0.0
scientific_report/scientific_report_0000.png,науковий звіт,RVL-CDIP,,754,1000,33084,0.754,252.64301856763925,22.486503510306314,0.009155172413793104,0.0
scientific_report/scientific_report_0001.png,науковий звіт,RVL-CDIP,,754,1000,135870,0.754,249.3697122015915,30.0659604868487,0.021251989389920425,0.0
scientific_report/scientific_report_0002.png,науковий звіт,RVL-CDIP,,777,1000,199212,0.777,246.41709652509653,37.44586472057371,0.03294465894465894,0.0
scientific_report/scientific_report_0003.png,науковий звіт,RVL-CDIP,,771,1000,116616,0.771,249.878224383917,29.883817778062667,0.01921011673151751,0.0
scientific_report/scientific_report_0004.png,науковий звіт,RVL-CDIP,,777,1000,210708,0.777,240.05487387387387,53.51834832938685,0.056595881595881595,0.0
scientific_report/scientific_report_0005.png,науковий звіт,RVL-CDIP,,754,1000,176779,0.754,246.82941379310344,36.753860131468144,0.031445623342175065,0.0
scientific_report/scientific_report_0006.png,науковий звіт,RVL-CDIP,,767,1000,76772,0.767,252.4575814863103,20.485048190470906,0.009726205997392438,0.0
scientific_report/scientific_report_0007.png,науковий звіт,RVL-CDIP,,754,1000,533255,0.754,221.94504111405834,73.11022679498556,0.12103448275862069,0.0
scientific_report/scientific_report_0008.png,науковий звіт,RVL-CDIP,,780,1000,118346,0.78,249.74006025641026,30.43134537495347,0.02035769230769231,0.0
scientific_report/scientific_report_0009.png,науковий звіт,RVL-CDIP,,777,1000,246912,0.777,242.84247361647363,45.564204281672914,0.0465984555984556,0.0
scientific_report/scientific_report_0010.png,науковий звіт,RVL-CDIP,,754,1000,175630,0.754,245.73118169761273,40.66466985789183,0.03553580901856764,0.0
scientific_report/scientific_report_0011.png,науковий звіт,RVL-CDIP,,773,1000,185039,0.773,241.7291448900388,50.29652689902646,0.05188745148771022,0.0
scientific_report/scientific_report_0012.png,науковий звіт,RVL-CDIP,,754,1000,57587,0.754,251.9217679045093,24.15411235514492,0.012261273209549072,0.0
scientific_report/scientific_report_0013.png,науковий звіт,RVL-CDIP,,754,1000,162752,0.754,245.2192599469496,42.119873921785064,0.037562334217506634,0.0
scientific_report/scientific_report_0014.png,науковий звіт,RVL-CDIP,,754,1000,30811,0.754,253.62187533156498,16.166953079283267,0.0052957559681697615,0.0
scientific_report/scientific_report_0015.png,науковий звіт,RVL-CDIP,,777,1000,49728,0.777,252.29057786357785,23.09290225690068,0.010356499356499356,0.0
scientific_report/scientific_report_0016.png,науковий звіт,RVL-CDIP,,766,1000,29753,0.766,249.53131723237598,35.84074669520154,0.02143733681462141,0.0
scientific_report/scientific_report_0017.png,науковий звіт,RVL-CDIP,,754,1000,91677,0.754,249.43643899204244,32.89980125871566,0.02147214854111406,0.0
scientific_report/scientific_report_0018.png,науковий звіт,RVL-CDIP,,777,1000,282688,0.777,241.29722136422137,47.63278102376367,0.052588159588159586,0.0
scientific_report/scientific_report_0019.png,науковий звіт,RVL-CDIP,,754,1000,23532,0.754,253.72638196286474,16.311844909861907,0.004872679045092838,0.0
scientific_report/scientific_report_0020.png,науковий звіт,RVL-CDIP,,777,1000,107016,0.777,246.70783912483913,40.489745970639426,0.03208880308880309,0.0
scientific_report/scientific_report_0021.png,науковий звіт,RVL-CDIP,,754,1000,349557,0.754,232.25212599469495,60.66968784053926,0.0889761273209549,0.0
scientific_report/scientific_report_0022.png,науковий звіт,RVL-CDIP,,754,1000,247147,0.754,238.8057625994695,53.77027584954055,0.06275729442970822,0.0
scientific_report/scientific_report_0023.png,науковий звіт,RVL-CDIP,,754,1000,272614,0.754,233.70580636604774,62.37514475756744,0.08316180371352785,0.0
scientific_report/scientific_report_0024.png,науковий звіт,RVL-CDIP,,777,1000,177380,0.777,246.3142561132561,41.694079480032926,0.03066023166023166,0.0
scientific_report/scientific_report_0025.png,науковий звіт,RVL-CDIP,,871,1000,235419,0.871,246.07745694603904,37.875297126935614,0.033779563719862224,0.0
scientific_report/scientific_report_0026.png,науковий звіт,RVL-CDIP,,764,1000,289087,0.764,240.5187486910995,49.424118228074704,0.054901832460732984,0.0
scientific_report/scientific_report_0027.png,науковий звіт,RVL-CDIP,,777,1000,90031,0.777,249.34741184041184,34.01389369004672,0.021966537966537966,0.0
scientific_report/scientific_report_0028.png,науковий звіт,RVL-CDIP,,754,1000,165188,0.754,247.56432625994694,34.26084788320404,0.027751989389920424,0.0
scientific_report/scientific_report_0029.png,науковий звіт,RVL-CDIP,,777,1000,143484,0.777,250.81936936936938,26.391031160764275,0.013862290862290863,0.0
scientific_report/scientific_report_0030.png,науковий звіт,RVL-CDIP,,778,1000,161122,0.778,246.39098071979436,39.79873845567052,0.03299485861182519,0.0
scientific_report/scientific_report_0031.png,науковий звіт,RVL-CDIP,,754,1000,64404,0.754,251.6911472148541,24.76039306764473,0.012893899204244032,0.0
scientific_report/scientific_report_0032.png,науковий звіт,RVL-CDIP,,754,1000,183921,0.754,248.27243633952256,30.973782357992228,0.025342175066313,0.0
scientific_report/scientific_report_0033.png,науковий звіт,RVL-CDIP,,780,1000,326167,0.78,239.28125897435896,50.185509718414075,0.06039102564102564,0.0
scientific_report/scientific_report_0034.png,науковий звіт,RVL-CDIP,,754,1000,385527,0.754,228.70275464190982,65.84392271470233,0.09937002652519894,0.0
scientific_report/scientific_report_0035.png,науковий звіт,RVL-CDIP,,754,1000,62447,0.754,251.20186339522547,27.221106220150446,0.014643236074270557,0.0
scientific_report/scientific_report_0036.png,науковий звіт,RVL-CDIP,,754,1000,109280,0.754,249.15798806366047,32.572112060301265,0.022456233421750665,0.0
scientific_report/scientific_report_0037.png,науковий звіт,RVL-CDIP,,754,1000,94776,0.754,249.6814774535809,29.124698054333933,0.020481432360742704,0.0
scientific_report/scientific_report_0038.png,науковий звіт,RVL-CDIP,,754,1000,359202,0.754,240.51527055702917,42.95353785225313,0.0485,0.0
scientific_report/scientific_report_0039.png,науковий звіт,RVL-CDIP,,790,1000,135233,0.79,250.70951012658227,25.339580770173075,0.016334177215189875,0.0
scientific_report/scientific_report_0040.png,науковий звіт,RVL-CDIP,,754,1000,197863,0.754,244.89884615384616,40.82224124948928,0.03954244031830239,0.0
scientific_report/scientific_report_0041.png,науковий звіт,RVL-CDIP,,785,1000,1604991,0.785,190.1874203821656,68.0180525379298,0.21949044585987262,0.0
scientific_report/scientific_report_0042.png,науковий звіт,RVL-CDIP,,777,1000,80824,0.777,251.09415701415702,26.631048964476026,0.015137709137709138,0.0
scientific_report/scientific_report_0043.png,науковий звіт,RVL-CDIP,,762,1000,56492,0.762,251.2992086614173,27.261572040785506,0.01426246719160105,0.0
scientific_report/scientific_report_0044.png,науковий звіт,RVL-CDIP,,754,1000,173587,0.754,244.50881830238725,43.30415101559943,0.041692307692307695,0.0
scientific_report/scientific_report_0045.png,науковий звіт,RVL-CDIP,,777,1000,57751,0.777,252.3748326898327,22.34666772406325,0.010027027027027027,0.0
scientific_report/scientific_report_0046.png,науковий звіт,RVL-CDIP,,754,1000,129667,0.754,249.20898806366048,30.36071945010047,0.020781167108753315,0.0
scientific_report/scientific_report_0047.png,науковий звіт,RVL-CDIP,,754,1000,142724,0.754,248.40792440318302,33.86741451773815,0.025580901856763927,0.0
scientific_report/scientific_report_0048.png,науковий звіт,RVL-CDIP,,754,1000,171016,0.754,241.64751326259946,50.66457395617737,0.051525198938992045,0.0
scientific_report/scientific_report_0049.png,науковий звіт,RVL-CDIP,,778,1000,58051,0.778,252.11586632390745,23.754705158228493,0.010948586118251929,0.0
scientific_report/scientific_report_0050.png,науковий звіт,RVL-CDIP,,754,1000,108453,0.754,250.2333448275862,28.479574300074336,0.018350132625994695,0.0
scientific_report/scientific_report_0051.png,науковий звіт,RVL-CDIP,,754,1000,561610,0.754,229.42803315649869,60.70133123644723,0.08748408488063661,0.0
scientific_report/scientific_report_0052.png,науковий звіт,RVL-CDIP,,754,1000,362477,0.754,230.63861671087534,64.21949750409156,0.09363129973474801,0.0
scientific_report/scientific_report_0053.png,науковий звіт,RVL-CDIP,,830,1000,212252,0.83,236.50995060240965,60.876898716763286,0.07252048192771084,0.0
scientific_report/scientific_report_0054.png,науковий звіт,RVL-CDIP,,778,1000,191250,0.778,245.69685347043702,40.72627916056015,0.0361413881748072,0.0
scientific_report/scientific_report_0055.png,науковий звіт,RVL-CDIP,,777,1000,222657,0.777,242.4540012870013,48.1359359462434,0.04792664092664092,0.0
scientific_report/scientific_report_0056.png,науковий звіт,RVL-CDIP,,754,1000,344393,0.754,233.4973700265252,60.38126302188224,0.08393766578249337,0.0
scientific_report/scientific_report_0057.png,науковий звіт,RVL-CDIP,,777,1000,317989,0.777,242.15207335907337,43.92382202620497,0.04900772200772201,0.0
scientific_report/scientific_report_0058.png,науковий звіт,RVL-CDIP,,754,1000,119705,0.754,248.82818435013263,33.33689193667949,0.02379177718832891,0.0
scientific_report/scientific_report_0059.png,науковий звіт,RVL-CDIP,,772,1000,61556,0.772,251.8008950777202,25.00606809210148,0.012433937823834196,0.0
scientific_report/scientific_report_0060.png,науковий звіт,RVL-CDIP,,777,1000,157939,0.777,250.03481081081082,28.368803093885575,0.016752895752895753,0.0
scientific_report/scientific_report_0061.png,науковий звіт,RVL-CDIP,,754,1000,149656,0.754,244.90541114058357,44.37176265207619,0.038519893899204245,0.0
scientific_report/scientific_report_0062.png,науковий звіт,RVL-CDIP,,754,1000,87516,0.754,251.9259323607427,21.329829940357012,0.011161803713527851,0.0
scientific_report/scientific_report_0063.png,науковий звіт,RVL-CDIP,,754,1000,156398,0.754,246.3604522546419,39.41056697164143,0.03306100795755968,0.0
scientific_report/scientific_report_0064.png,науковий звіт,RVL-CDIP,,802,1000,87840,0.802,251.18693266832918,26.567775585641947,0.013759351620947631,0.0
scientific_report/scientific_report_0065.png,науковий звіт,RVL-CDIP,,777,1000,178769,0.777,245.5266138996139,41.29793849737272,0.036554697554697556,0.0
scientific_report/scientific_report_0066.png,науковий звіт,RVL-CDIP,,754,1000,77981,0.754,250.91819628647215,27.418271762728597,0.01596684350132626,0.0
scientific_report/scientific_report_0067.png,науковий звіт,RVL-CDIP,,777,1000,146990,0.777,245.782861003861,41.638163985425734,0.036185328185328186,0.0
scientific_report/scientific_report_0068.png,науковий звіт,RVL-CDIP,,777,1000,161158,0.777,247.65538867438866,35.339568076917544,0.027545688545688545,0.0
scientific_report/scientific_report_0069.png,науковий звіт,RVL-CDIP,,776,1000,480974,0.776,225.39231701030928,69.38035373411296,0.11468943298969073,0.0
scientific_report/scientific_report_0070.png,науковий звіт,RVL-CDIP,,754,1000,102916,0.754,251.0865026525199,24.38461605294879,0.014830238726790452,0.0
scientific_report/scientific_report_0071.png,науковий звіт,RVL-CDIP,,764,1000,730161,0.764,227.63358769633507,58.74765883612124,0.08803534031413612,0.0
scientific_report/scientific_report_0072.png,науковий звіт,RVL-CDIP,,754,1000,354310,0.754,223.1502122015915,72.96763539820128,0.12544429708222812,0.0
scientific_report/scientific_report_0073.png,науковий звіт,RVL-CDIP,,779,1000,150028,0.779,249.33246854942234,29.93961505075925,0.021947368421052632,0.0
scientific_report/scientific_report_0074.png,науковий звіт,RVL-CDIP,,777,1000,250466,0.777,243.5471003861004,44.509687957726356,0.042003861003861005,0.0
scientific_report/scientific_report_0075.png,науковий звіт,RVL-CDIP,,754,1000,83764,0.754,250.46566047745358,29.077007352996457,0.017305039787798408,0.0
scientific_report/scientific_report_0076.png,науковий звіт,RVL-CDIP,,713,1000,198062,0.713,241.6760631136045,48.870147980452856,0.05099859747545582,0.0
scientific_report/scientific_report_0077.png,науковий звіт,RVL-CDIP,,754,1000,200546,0.754,245.47061803713527,39.970160605410065,0.036814323607427056,0.0
scientific_report/scientific_report_0078.png,науковий звіт,RVL-CDIP,,754,1000,64889,0.754,249.361649867374,33.82307873326689,0.022210875331564985,0.0
scientific_report/scientific_report_0079.png,науковий звіт,RVL-CDIP,,777,1000,276175,0.777,241.9882972972973,46.13278800870392,0.05053410553410553,0.0
scientific_report/scientific_report_0080.png,науковий звіт,RVL-CDIP,,777,1000,457973,0.777,236.65001801801802,53.978672242042364,0.062453024453024454,0.0
scientific_report/scientific_report_0081.png,науковий звіт,RVL-CDIP,,794,1000,115599,0.794,249.89234130982368,30.308011722873434,0.019602015113350125,0.0
scientific_report/scientific_report_0082.png,науковий звіт,RVL-CDIP,,798,1000,180184,0.798,248.18054135338346,31.69311546262037,0.02614035087719298,0.0
scientific_report/scientific_report_0083.png,науковий звіт,RVL-CDIP,,794,1000,271491,0.794,245.35969521410578,37.2058611713134,0.03575314861460957,0.0
scientific_report/scientific_report_0084.png,науковий звіт,RVL-CDIP,,774,1000,182777,0.774,245.39116666666666,41.13727699309144,0.037149870801033595,0.0
scientific_report/scientific_report_0085.png,науковий звіт,RVL-CDIP,,777,1000,296746,0.777,237.0572561132561,56.447054392029386,0.06838223938223938,0.0
scientific_report/scientific_report_0086.png,науковий звіт,RVL-CDIP,,802,1000,63213,0.802,251.46800872817954,25.908966837630565,0.013716957605985037,0.0
scientific_report/scientific_report_0087.png,науковий звіт,RVL-CDIP,,802,1000,155278,0.802,247.64926184538655,36.39932883796252,0.028462593516209476,0.0
scientific_report/scientific_report_0088.png,науковий звіт,RVL-CDIP,,762,1000,87890,0.762,224.68438582677166,79.91853151198562,0.11826115485564305,0.0
scientific_report/scientific_report_0089.png,науковий звіт,RVL-CDIP,,779,1000,108085,0.779,251.17561232349166,24.27116568695237,0.014485237483953787,0.0
scientific_report/scientific_report_0090.png,науковий звіт,RVL-CDIP,,790,1000,160908,0.79,245.3020924050633,42.46267996188996,0.0378253164556962,0.0
scientific_report/scientific_report_0091.png,науковий звіт,RVL-CDIP,,777,1000,216120,0.777,243.63407464607465,44.2932430277422,0.04355984555984556,0.0
scientific_report/scientific_report_0092.png,науковий звіт,RVL-CDIP,,776,1000,157049,0.776,246.00229639175257,40.35778447737762,0.0356520618556701,0.0
scientific_report/scientific_report_0093.png,науковий звіт,RVL-CDIP,,754,1000,590538,0.754,224.29191909814324,65.96545570903469,0.11631167108753315,0.0
scientific_report/scientific_report_0094.png,науковий звіт,RVL-CDIP,,754,1000,221440,0.754,241.07789655172414,49.94967293212675,0.05262334217506631,0.0
scientific_report/scientific_report_0095.png,науковий звіт,RVL-CDIP,,754,1000,94273,0.754,249.4024602122016,33.10261335889865,0.02156896551724138,0.0
scientific_report/scientific_report_0096.png,науковий звіт,RVL-CDIP,,777,1000,103105,0.777,249.25902445302447,32.72802246692097,0.022396396396396397,0.0
scientific_report/scientific_report_0097.png,науковий звіт,RVL-CDIP,,771,1000,164825,0.771,245.85459014267187,41.4215482897233,0.03506874189364462,0.0
scientific_report/scientific_report_0098.png,науковий звіт,RVL-CDIP,,777,1000,610380,0.777,236.06907593307594,49.43039845660294,0.05743114543114543,0.0
scientific_report/scientific_report_0099.png,науковий звіт,RVL-CDIP,,754,1000,276677,0.754,241.14288859416445,47.65002928721524,0.053450928381962866,0.0
scientific_report/scientific_report_0100.png,науковий звіт,RVL-CDIP,,754,1000,100235,0.754,78.04587135278514,116.22702303630878,0.6962944297082229,0.0
scientific_report/scientific_report_0101.png,науковий звіт,RVL-CDIP,,781,1000,127712,0.781,241.0981024327785,54.0032885799483,0.054477592829705504,0.0
scientific_report/scientific_report_0102.png,науковий звіт,RVL-CDIP,,754,1000,90065,0.754,251.01403183023874,25.80861188964014,0.015208222811671088,0.0
scientific_report/scientific_report_0103.png,науковий звіт,RVL-CDIP,,775,1000,60516,0.775,252.34787483870969,21.984167819353456,0.010092903225806452,0.0
scientific_report/scientific_report_0104.png,науковий звіт,RVL-CDIP,,802,1000,64582,0.802,250.34434538653366,30.76498736310125,0.018280548628428928,0.0
scientific_report/scientific_report_0105.png,науковий звіт,RVL-CDIP,,713,1000,175321,0.713,240.7247587657784,52.46061363342929,0.05579382889200561,0.0
scientific_report/scientific_report_0106.png,науковий звіт,RVL-CDIP,,777,1000,107589,0.777,250.64680952380954,27.215505727122252,0.01661132561132561,0.0
scientific_report/scientific_report_0107.png,науковий звіт,RVL-CDIP,,772,1000,99580,0.772,238.00159974093265,60.971121965747635,0.06660621761658031,0.0
scientific_report/scientific_report_0108.png,науковий звіт,RVL-CDIP,,773,1000,133346,0.773,250.02612677878395,30.121271109924766,0.017864165588615782,0.0
scientific_report/scientific_report_0109.png,науковий звіт,RVL-CDIP,,754,1000,292976,0.754,237.67860079575595,53.903621511922395,0.06630636604774535,0.0
scientific_report/scientific_report_0110.png,науковий звіт,RVL-CDIP,,777,1000,141007,0.777,247.3053371943372,37.597554321366125,0.02984942084942085,0.0
scientific_report/scientific_report_0111.png,науковий звіт,RVL-CDIP,,754,1000,74869,0.754,250.8948899204244,27.145574760161196,0.016282493368700267,0.0
scientific_report/scientific_report_0112.png,науковий звіт,RVL-CDIP,,777,1000,644975,0.777,218.09966924066924,75.34449730761148,0.13719433719433718,0.0
scientific_report/scientific_report_0113.png,науковий звіт,RVL-CDIP,,802,1000,156574,0.802,246.2753079800499,40.28226483366578,0.03356857855361596,0.0
scientific_report/scientific_report_0114.png,науковий звіт,RVL-CDIP,,777,1000,33098,0.777,250.97836422136422,30.159644964799163,0.015462033462033462,0.0
scientific_report/scientific_report_0115.png,науковий звіт,RVL-CDIP,,754,1000,53690,0.754,248.56472679045092,37.04909652269767,0.024957559681697612,0.0
scientific_report/scientific_report_0116.png,науковий звіт,RVL-CDIP,,777,1000,180184,0.777,228.8792574002574,73.24608140929197,0.10156756756756757,0.0
scientific_report/scientific_report_0117.png,науковий звіт,RVL-CDIP,,754,1000,91969,0.754,250.49411538461538,28.307620560847653,0.01739522546419098,0.0
scientific_report/scientific_report_0118.png,науковий звіт,RVL-CDIP,,772,1000,418707,0.772,227.45143393782382,64.77121653233431,0.10789378238341969,0.0
scientific_report/scientific_report_0119.png,науковий звіт,RVL-CDIP,,754,1000,359468,0.754,229.10261273209548,67.23355228496652,0.10142572944297082,0.0
scientific_report/scientific_report_0120.png,науковий звіт,RVL-CDIP,,780,1000,170629,0.78,249.5525858974359,28.30849512534801,0.019528205128205127,0.0
scientific_report/scientific_report_0121.png,науковий звіт,RVL-CDIP,,873,1000,136984,0.873,248.83597594501717,34.13195853222753,0.02393585337915235,0.0
scientific_report/scientific_report_0122.png,науковий звіт,RVL-CDIP,,777,1000,471320,0.777,236.59647747747746,52.71397502692062,0.0640939510939511,0.0
scientific_report/scientific_report_0123.png,науковий звіт,RVL-CDIP,,802,1000,218977,0.802,228.537108478803,72.67758851487406,0.10457980049875312,0.0
scientific_report/scientific_report_0124.png,науковий звіт,RVL-CDIP,,754,1000,35929,0.754,252.48841379310346,23.18562508511245,0.009741379310344828,0.0
scientific_report/scientific_report_0125.png,науковий звіт,RVL-CDIP,,835,1000,52721,0.835,252.53448263473055,21.175904201056756,0.010126946107784432,0.0
scientific_report/scientific_report_0126.png,науковий звіт,RVL-CDIP,,762,1000,38491,0.762,249.23847637795276,36.003384014745365,0.022183727034120734,0.0
scientific_report/scientific_report_0127.png,науковий звіт,RVL-CDIP,,784,1000,250085,0.784,243.0538112244898,45.24262883659608,0.04618622448979592,0.0
scientific_report/scientific_report_0128.png,науковий звіт,RVL-CDIP,,795,1000,191899,0.795,246.3047572327044,38.893688851317194,0.03367044025157233,0.0
scientific_report/scientific_report_0129.png,науковий звіт,RVL-CDIP,,777,1000,327775,0.777,173.53235263835265,114.47407074753968,0.3183114543114543,0.0
scientific_report/scientific_report_0130.png,науковий звіт,RVL-CDIP,,769,1000,246035,0.769,242.49475812743822,46.499901825616284,0.04824187256176853,0.0
scientific_report/scientific_report_0131.png,науковий звіт,RVL-CDIP,,754,1000,62888,0.754,250.07819496021222,32.02850087510839,0.019210875331564986,0.0
scientific_report/scientific_report_0132.png,науковий звіт,RVL-CDIP,,754,1000,158131,0.754,246.02323607427056,40.30249722245533,0.034210875331564986,0.0
scientific_report/scientific_report_0133.png,науковий звіт,RVL-CDIP,,648,1000,208852,0.648,244.62918209876543,39.99596087181096,0.04043672839506173,0.0
scientific_report/scientific_report_0134.png,науковий звіт,RVL-CDIP,,754,1000,50567,0.754,252.53431830238728,21.719269274031486,0.009584880636604775,0.0
scientific_report/scientific_report_0135.png,науковий звіт,RVL-CDIP,,804,1000,170721,0.804,246.39030223880596,39.43327731036334,0.03362810945273632,0.0
scientific_report/scientific_report_0136.png,науковий звіт,RVL-CDIP,,777,1000,229853,0.777,243.57880566280565,44.295482490604954,0.04348777348777349,0.0
scientific_report/scientific_report_0137.png,науковий звіт,RVL-CDIP,,754,1000,76941,0.754,251.2707625994695,27.128702816891106,0.013490716180371353,0.0
scientific_report/scientific_report_0138.png,науковий звіт,RVL-CDIP,,777,1000,184349,0.777,246.02226254826255,39.77809569240762,0.033803088803088806,0.0
scientific_report/scientific_report_0139.png,науковий звіт,RVL-CDIP,,776,1000,404867,0.776,211.49219329896908,87.70144291025063,0.1705966494845361,0.0
scientific_report/scientific_report_0140.png,науковий звіт,RVL-CDIP,,772,1000,102729,0.772,249.34128626943004,32.83938762979474,0.02144041450777202,0.0
scientific_report/scientific_report_0141.png,науковий звіт,RVL-CDIP,,777,1000,333561,0.777,227.46529086229086,71.26151934182363,0.10679150579150579,0.0
scientific_report/scientific_report_0142.png,науковий звіт,RVL-CDIP,,754,1000,180775,0.754,238.41536604774535,54.168720127737465,0.06401458885941645,0.0
scientific_report/scientific_report_0143.png,науковий звіт,RVL-CDIP,,780,1000,275081,0.78,242.73953461538463,44.82002402874482,0.04686794871794872,0.0
scientific_report/scientific_report_0144.png,науковий звіт,RVL-CDIP,,754,1000,212171,0.754,249.22594164456234,26.78107448130587,0.017221485411140585,0.0
scientific_report/scientific_report_0145.png,науковий звіт,RVL-CDIP,,770,1000,135473,0.77,249.4549831168831,31.0482511287763,0.02086753246753247,0.0
scientific_report/scientific_report_0146.png,науковий звіт,RVL-CDIP,,767,1000,57633,0.767,251.41917209908735,27.00173670290467,0.013867014341590612,0.0
scientific_report/scientific_report_0147.png,науковий звіт,RVL-CDIP,,754,1000,106982,0.754,249.30278647214854,31.95409058685477,0.021779840848806367,0.0
scientific_report/scientific_report_0148.png,науковий звіт,RVL-CDIP,,777,1000,215690,0.777,234.21034877734877,64.65374990130495,0.08071557271557271,0.0
scientific_report/scientific_report_0149.png,науковий звіт,RVL-CDIP,,777,1000,504825,0.777,131.8579395109395,120.39047880821812,0.5020579150579151,0.0
scientific_report/scientific_report_0150.png,науковий звіт,RVL-CDIP,,772,1000,237607,0.772,243.27286917098445,44.27961498001334,0.043983160621761656,0.0
scientific_report/scientific_report_0151.png,науковий звіт,RVL-CDIP,,777,1000,276475,0.777,232.6168803088803,65.21787697175166,0.08661261261261262,0.0
scientific_report/scientific_report_0152.png,науковий звіт,RVL-CDIP,,754,1000,92950,0.754,247.76327320954908,38.047448287229315,0.028248010610079574,0.0
scientific_report/scientific_report_0153.png,науковий звіт,RVL-CDIP,,725,1000,133398,0.725,248.07780137931036,35.365773821307236,0.02645241379310345,0.0
scientific_report/scientific_report_0154.png,науковий звіт,RVL-CDIP,,777,1000,181001,0.777,247.5862676962677,36.11229089968645,0.027526383526383525,0.0
scientific_report/scientific_report_0155.png,науковий звіт,RVL-CDIP,,771,1000,126349,0.771,248.68777691309987,33.85781681216556,0.024459143968871597,0.0
scientific_report/scientific_report_0156.png,науковий звіт,RVL-CDIP,,754,1000,315031,0.754,235.50002387267904,55.200420220976326,0.07301724137931034,0.0
scientific_report/scientific_report_0157.png,науковий звіт,RVL-CDIP,,754,1000,349072,0.754,241.67495888594163,41.82538927250669,0.04547480106100796,0.0
scientific_report/scientific_report_0158.png,науковий звіт,RVL-CDIP,,777,1000,115752,0.777,249.39250836550838,31.386661419249148,0.02146074646074646,0.0
scientific_report/scientific_report_0159.png,науковий звіт,RVL-CDIP,,802,1000,67471,0.802,63.56365461346633,108.99071018071298,0.7515374064837905,0.0
scientific_report/scientific_report_0160.png,науковий звіт,RVL-CDIP,,754,1000,100999,0.754,241.65979973474802,53.784735391438005,0.053554376657824934,0.0
scientific_report/scientific_report_0161.png,науковий звіт,RVL-CDIP,,777,1000,199155,0.777,242.95774517374517,47.14131924644688,0.046564993564993565,0.0
scientific_report/scientific_report_0162.png,науковий звіт,RVL-CDIP,,777,1000,56346,0.777,252.4204054054054,21.94643946614236,0.009858429858429859,0.0
scientific_report/scientific_report_0163.png,науковий звіт,RVL-CDIP,,777,1000,110625,0.777,250.0348120978121,28.854196632010403,0.019427284427284426,0.0
scientific_report/scientific_report_0164.png,науковий звіт,RVL-CDIP,,772,1000,79199,0.772,250.78372409326425,28.23971018280551,0.01625259067357513,0.0
scientific_report/scientific_report_0165.png,науковий звіт,RVL-CDIP,,754,1000,10391,0.754,254.79095888594165,6.097967066419531,0.0006976127320954907,0.0
scientific_report/scientific_report_0166.png,науковий звіт,RVL-CDIP,,754,1000,172775,0.754,242.10942175066313,50.12356588591047,0.05013129973474801,0.0
scientific_report/scientific_report_0167.png,науковий звіт,RVL-CDIP,,754,1000,293699,0.754,237.56811936339523,54.28581074596285,0.06724270557029177,0.0
scientific_report/scientific_report_0168.png,науковий звіт,RVL-CDIP,,775,1000,174487,0.775,243.61412258064516,46.350968510302344,0.043929032258064514,0.0
scientific_report/scientific_report_0169.png,науковий звіт,RVL-CDIP,,789,1000,76571,0.789,251.3571825095057,26.45210380694382,0.01420532319391635,0.0
scientific_report/scientific_report_0170.png,науковий звіт,RVL-CDIP,,802,1000,289792,0.802,239.77134912718205,51.03888513756047,0.059099750623441395,0.0
scientific_report/scientific_report_0171.png,науковий звіт,RVL-CDIP,,754,1000,183195,0.754,246.0254376657825,39.034615497485895,0.03462068965517241,0.0
scientific_report/scientific_report_0172.png,науковий звіт,RVL-CDIP,,754,1000,71097,0.754,247.50598938992042,39.60764362623999,0.02964323607427056,0.0
scientific_report/scientific_report_0173.png,науковий звіт,RVL-CDIP,,731,1000,209726,0.731,243.9453556771546,43.661920792235826,0.04313543091655267,0.0
scientific_report/scientific_report_0174.png,науковий звіт,RVL-CDIP,,754,1000,805341,0.754,216.70238063660477,69.31349882238669,0.13064588859416446,0.0
scientific_report/scientific_report_0175.png,науковий звіт,RVL-CDIP,,802,1000,76624,0.802,250.16590648379054,31.406690758741117,0.018740648379052368,0.0
scientific_report/scientific_report_0176.png,науковий звіт,RVL-CDIP,,779,1000,184639,0.779,211.43275994865212,92.76264258175173,0.171,0.0
scientific_report/scientific_report_0177.png,науковий звіт,RVL-CDIP,,754,1000,254804,0.754,233.18626923076923,64.38860827344931,0.0865132625994695,0.0
scientific_report/scientific_report_0178.png,науковий звіт,RVL-CDIP,,777,1000,205855,0.777,84.90047104247104,117.46327122238937,0.6664272844272844,0.0
scientific_report/scientific_report_0179.png,науковий звіт,RVL-CDIP,,762,1000,48741,0.762,142.09076771653542,125.73524660014625,0.44230708661417323,0.0
scientific_report/scientific_report_0180.png,науковий звіт,RVL-CDIP,,777,1000,575413,0.777,212.0548314028314,84.62014235149194,0.1623796653796654,0.0
scientific_report/scientific_report_0181.png,науковий звіт,RVL-CDIP,,754,1000,199720,0.754,240.8903673740053,51.75235501808673,0.054852785145888594,0.0
scientific_report/scientific_report_0182.png,науковий звіт,RVL-CDIP,,754,1000,115012,0.754,248.00462201591512,35.91858235248943,0.02752917771883289,0.0
scientific_report/scientific_report_0183.png,науковий звіт,RVL-CDIP,,777,1000,290149,0.777,242.7074543114543,41.76960374106383,0.04507464607464608,0.0
scientific_report/scientific_report_0184.png,науковий звіт,RVL-CDIP,,754,1000,79614,0.754,249.0480079575597,34.890030805556314,0.022973474801061006,0.0
scientific_report/scientific_report_0185.png,науковий звіт,RVL-CDIP,,762,1000,172077,0.762,243.62460498687665,46.234833916626485,0.04422309711286089,0.0
scientific_report/scientific_report_0186.png,науковий звіт,RVL-CDIP,,777,1000,209955,0.777,241.4475546975547,46.285974326726894,0.05183526383526384,0.0
scientific_report/scientific_report_0187.png,науковий звіт,RVL-CDIP,,762,1000,160550,0.762,247.94097112860894,34.119961616101,0.026597112860892388,0.0
scientific_report/scientific_report_0188.png,науковий звіт,RVL-CDIP,,733,1000,169595,0.733,225.93256753069576,77.29271402357068,0.11500409276944065,0.0
scientific_report/scientific_report_0189.png,науковий звіт,RVL-CDIP,,754,1000,55099,0.754,252.21188063660477,23.078062498069407,0.010888594164456233,0.0
scientific_publication/scientific_publication_0000.png,наукова публікація,RVL-CDIP,,703,1000,462132,0.703,186.8486614509246,103.66542112097153,0.2639843527738265,0.0
scientific_publication/scientific_publication_0001.png,наукова публікація,RVL-CDIP,,777,1000,355431,0.777,213.10152767052767,87.01987654264018,0.16114285714285714,0.0
scientific_publication/scientific_publication_0002.png,наукова публікація,RVL-CDIP,,777,1000,341815,0.777,241.484148005148,44.837534560577886,0.04997683397683398,0.0
scientific_publication/scientific_publication_0003.png,наукова публікація,RVL-CDIP,,802,1000,294276,0.802,240.48100498753118,48.91600899447546,0.055865336658354116,0.0
scientific_publication/scientific_publication_0004.png,наукова публікація,RVL-CDIP,,754,1000,415504,0.754,231.26575331564987,60.68637438216813,0.09082493368700265,0.0
scientific_publication/scientific_publication_0005.png,наукова публікація,RVL-CDIP,,772,1000,513275,0.772,225.94142098445596,66.52422366358724,0.10758678756476683,0.0
scientific_publication/scientific_publication_0006.png,наукова публікація,RVL-CDIP,,754,1000,196603,0.754,233.19184615384614,65.88816804572694,0.08506233421750663,0.0
scientific_publication/scientific_publication_0007.png,наукова публікація,RVL-CDIP,,754,1000,269444,0.754,238.4665477453581,52.90448284739056,0.062411140583554375,0.0
scientific_publication/scientific_publication_0008.png,наукова публікація,RVL-CDIP,,777,1000,253254,0.777,243.63242857142856,43.4217800489799,0.04288416988416988,0.0
scientific_publication/scientific_publication_0009.png,наукова публікація,RVL-CDIP,,754,1000,393656,0.754,232.02907559681697,61.09053046016297,0.08681697612732095,0.0
scientific_publication/scientific_publication_0010.png,наукова публікація,RVL-CDIP,,754,1000,311007,0.754,239.75536339522546,48.953635420018756,0.05826657824933687,0.0
scientific_publication/scientific_publication_0011.png,наукова публікація,RVL-CDIP,,772,1000,494098,0.772,222.97959844559585,71.82961704126448,0.12344559585492228,0.0
scientific_publication/scientific_publication_0012.png,наукова публікація,RVL-CDIP,,754,1000,388641,0.754,233.22813395225464,58.9865543618491,0.08331432360742705,0.0
scientific_publication/scientific_publication_0013.png,наукова публікація,RVL-CDIP,,777,1000,565311,0.777,150.2690978120978,116.17337792937194,0.40416859716859715,0.0
scientific_publication/scientific_publication_0014.png,наукова публікація,RVL-CDIP,,772,1000,262964,0.772,242.7745,44.369957709686055,0.0470440414507772,0.0
scientific_publication/scientific_publication_0015.png,наукова публікація,RVL-CDIP,,772,1000,201974,0.772,244.5450012953368,43.758710348456354,0.03953367875647668,0.0
scientific_publication/scientific_publication_0016.png,наукова публікація,RVL-CDIP,,754,1000,389411,0.754,232.47557294429708,60.19763302120843,0.08635411140583554,0.0
scientific_publication/scientific_publication_0017.png,наукова публікація,RVL-CDIP,,754,1000,170352,0.754,213.03113129973474,91.04794442139857,0.16653315649867373,0.0
scientific_publication/scientific_publication_0018.png,наукова публікація,RVL-CDIP,,754,1000,323570,0.754,238.663824933687,50.46935067620322,0.061824933687002655,0.0
scientific_publication/scientific_publication_0019.png,наукова публікація,RVL-CDIP,,754,1000,494584,0.754,210.12589389920424,85.90900492296174,0.1771259946949602,0.0
scientific_publication/scientific_publication_0020.png,наукова публікація,RVL-CDIP,,754,1000,257107,0.754,227.95872944297082,72.18734144509607,0.10287665782493369,0.0
scientific_publication/scientific_publication_0021.png,наукова публікація,RVL-CDIP,,754,1000,224767,0.754,242.12101458885942,47.67435838038325,0.04924137931034483,0.0
scientific_publication/scientific_publication_0022.png,наукова публікація,RVL-CDIP,,777,1000,424748,0.777,237.04857142857142,51.299374595276696,0.06685456885456885,0.0
scientific_publication/scientific_publication_0023.png,наукова публікація,RVL-CDIP,,754,1000,512335,0.754,225.25322148541113,67.10767332576529,0.11486737400530504,0.0
scientific_publication/scientific_publication_0024.png,наукова публікація,RVL-CDIP,,754,1000,381438,0.754,234.1347851458886,56.94475010973301,0.07767241379310345,0.0
scientific_publication/scientific_publication_0025.png,наукова публікація,RVL-CDIP,,772,1000,455812,0.772,216.8926670984456,80.30485332774236,0.1502279792746114,0.0
scientific_publication/scientific_publication_0026.png,наукова публікація,RVL-CDIP,,754,1000,497182,0.754,221.55798010610079,73.09912057445167,0.12966445623342174,0.0
scientific_publication/scientific_publication_0027.png,наукова публікація,RVL-CDIP,,754,1000,300177,0.754,233.7599973474801,60.51842894712411,0.08125464190981432,0.0
scientific_publication/scientific_publication_0028.png,наукова публікація,RVL-CDIP,,754,1000,353104,0.754,225.34602122015914,72.31913304280693,0.1133236074270557,0.0
scientific_publication/scientific_publication_0029.png,наукова публікація,RVL-CDIP,,754,1000,403857,0.754,226.45151724137932,68.8992366327328,0.10944031830238726,0.0
scientific_publication/scientific_publication_0030.png,наукова публікація,RVL-CDIP,,754,1000,302345,0.754,244.09230371352785,36.97818424419922,0.03524137931034483,0.0
scientific_publication/scientific_publication_0031.png,наукова публікація,RVL-CDIP,,777,1000,397725,0.777,236.8497245817246,53.977439031295,0.06733719433719433,0.0
scientific_publication/scientific_publication_0032.png,наукова публікація,RVL-CDIP,,754,1000,443772,0.754,228.18993633952255,64.9865154227121,0.10004907161803714,0.0
scientific_publication/scientific_publication_0033.png,наукова публікація,RVL-CDIP,,810,1000,149918,0.81,247.3038012345679,37.75789306569545,0.02948641975308642,0.0
scientific_publication/scientific_publication_0034.png,наукова публікація,RVL-CDIP,,781,1000,310847,0.781,241.4392560819462,48.105754155856374,0.04892445582586428,0.0
scientific_publication/scientific_publication_0035.png,наукова публікація,RVL-CDIP,,761,1000,504860,0.761,218.71999211563733,76.60956118505761,0.1443377135348226,0.0
scientific_publication/scientific_publication_0036.png,наукова публікація,RVL-CDIP,,754,1000,305276,0.754,198.78743368700265,99.80135643001452,0.2185716180371353,0.0
scientific_publication/scientific_publication_0037.png,наукова публікація,RVL-CDIP,,813,1000,118071,0.813,248.94325953259533,32.63355049880007,0.023275522755227554,0.0
scientific_publication/scientific_publication_0038.png,наукова публікація,RVL-CDIP,,777,1000,448171,0.777,231.00312612612612,62.06129182194236,0.09258043758043757,0.0
scientific_publication/scientific_publication_0039.png,наукова публікація,RVL-CDIP,,754,1000,402778,0.754,235.7535198938992,53.004398279267505,0.07187002652519894,0.0
scientific_publication/scientific_publication_0040.png,наукова публікація,RVL-CDIP,,754,1000,343048,0.754,236.4071870026525,55.593471303112715,0.07203713527851459,0.0
scientific_publication/scientific_publication_0041.png,наукова публікація,RVL-CDIP,,772,1000,354637,0.772,233.1431256476684,61.28078983558238,0.08484844559585492,0.0
scientific_publication/scientific_publication_0042.png,наукова публікація,RVL-CDIP,,777,1000,661947,0.777,217.90736293436294,73.52617869688731,0.13885842985842986,0.0
scientific_publication/scientific_publication_0043.png,наукова публікація,RVL-CDIP,,754,1000,407873,0.754,231.80511671087532,60.30658041369347,0.08919761273209549,0.0
scientific_publication/scientific_publication_0044.png,наукова публікація,RVL-CDIP,,754,1000,90228,0.754,249.18416843501328,33.27294395592575,0.0219946949602122,0.0
scientific_publication/scientific_publication_0045.png,наукова публікація,RVL-CDIP,,772,1000,389226,0.772,226.898,69.82776549727171,0.10987564766839378,0.0
scientific_publication/scientific_publication_0046.png,наукова публікація,RVL-CDIP,,772,1000,314032,0.772,236.76453367875646,56.14000267341594,0.0703199481865285,0.0
scientific_publication/scientific_publication_0047.png,наукова публікація,RVL-CDIP,,754,1000,497676,0.754,235.39138196286473,51.03754331976319,0.07047214854111405,0.0
scientific_publication/scientific_publication_0048.png,наукова публікація,RVL-CDIP,,754,1000,14736,0.754,254.29129310344828,11.65693534753383,0.002702917771883289,0.0
scientific_publication/scientific_publication_0049.png,наукова публікація,RVL-CDIP,,754,1000,441728,0.754,235.56663129973475,52.03746584958846,0.07138328912466843,0.0
scientific_publication/scientific_publication_0050.png,наукова публікація,RVL-CDIP,,754,1000,550645,0.754,212.2920901856764,82.14575778163909,0.1667652519893899,0.0
scientific_publication/scientific_publication_0051.png,наукова публікація,RVL-CDIP,,754,1000,433774,0.754,220.94263129973476,75.7780953531918,0.13357029177718832,0.0
scientific_publication/scientific_publication_0052.png,наукова публікація,RVL-CDIP,,754,1000,385652,0.754,234.8875424403183,55.38463852786491,0.07701724137931035,0.0
scientific_publication/scientific_publication_0053.png,наукова публікація,RVL-CDIP,,800,1000,416028,0.8,237.9496325,48.70324976954767,0.063785,0.0
scientific_publication/scientific_publication_0054.png,наукова публікація,RVL-CDIP,,772,1000,276611,0.772,221.18892875647668,80.20323247182841,0.13181347150259068,0.0
scientific_publication/scientific_publication_0055.png,наукова публікація,RVL-CDIP,,754,1000,417492,0.754,220.56381432360743,76.70655088681968,0.13486206896551725,0.0
scientific_publication/scientific_publication_0056.png,наукова публікація,RVL-CDIP,,754,1000,417345,0.754,229.9127851458886,63.48723141483188,0.09684350132625995,0.0
scientific_publication/scientific_publication_0057.png,наукова публікація,RVL-CDIP,,772,1000,352262,0.772,228.12444300518135,69.26601513958127,0.10423575129533678,0.0
scientific_publication/scientific_publication_0058.png,наукова публікація,RVL-CDIP,,754,1000,516069,0.754,221.65520026525198,71.83348077758046,0.12608488063660478,0.0
scientific_publication/scientific_publication_0059.png,наукова публікація,RVL-CDIP,,754,1000,525320,0.754,221.43355835543767,71.94512132215493,0.12906896551724137,0.0
scientific_publication/scientific_publication_0060.png,наукова публікація,RVL-CDIP,,772,1000,400876,0.772,208.3589585492228,90.51700054189769,0.1874261658031088,0.0
scientific_publication/scientific_publication_0061.png,наукова публікація,RVL-CDIP,,777,1000,317276,0.777,235.51627284427283,58.33999169478375,0.07451222651222651,0.0
scientific_publication/scientific_publication_0062.png,наукова публікація,RVL-CDIP,,777,1000,426374,0.777,228.17588416988417,67.00294937050863,0.10358301158301159,0.0
scientific_publication/scientific_publication_0063.png,наукова публікація,RVL-CDIP,,754,1000,434033,0.754,214.2915344827586,81.92451060995022,0.1576816976127321,0.0
scientific_publication/scientific_publication_0064.png,наукова публікація,RVL-CDIP,,754,1000,263495,0.754,243.07002917771882,42.323834396037824,0.043685676392572946,0.0
scientific_publication/scientific_publication_0065.png,наукова публікація,RVL-CDIP,,789,1000,529799,0.789,209.74204942965778,86.36520304345805,0.17860329531051963,0.0
scientific_publication/scientific_publication_0066.png,наукова публікація,RVL-CDIP,,754,1000,518970,0.754,196.14265782493368,96.83621924139644,0.23128779840848807,0.0
scientific_publication/scientific_publication_0067.png,наукова публікація,RVL-CDIP,,754,1000,388460,0.754,234.64118700265252,56.20657859513302,0.07840185676392573,0.0
scientific_publication/scientific_publication_0068.png,наукова публікація,RVL-CDIP,,754,1000,397771,0.754,235.83030636604775,53.15564669617548,0.07307824933687003,0.0
scientific_publication/scientific_publication_0069.png,наукова публікація,RVL-CDIP,,813,1000,218664,0.813,240.753110701107,51.299621249918005,0.056078720787207874,0.0
scientific_publication/scientific_publication_0070.png,наукова публікація,RVL-CDIP,,754,1000,439932,0.754,221.96241644562335,74.14435063248258,0.12851458885941644,0.0
scientific_publication/scientific_publication_0071.png,наукова публікація,RVL-CDIP,,754,1000,331963,0.754,236.22834880636606,55.15104503056325,0.07149336870026525,0.0
scientific_publication/scientific_publication_0072.png,наукова публікація,RVL-CDIP,,777,1000,559432,0.777,214.04706177606178,81.51963991111676,0.1595958815958816,0.0
scientific_publication/scientific_publication_0073.png,наукова публікація,RVL-CDIP,,777,1000,412872,0.777,219.217842985843,79.51854544400344,0.13991505791505793,0.0
scientific_publication/scientific_publication_0074.png,наукова публікація,RVL-CDIP,,754,1000,332196,0.754,240.19799602122015,46.220398231678466,0.05576790450928382,0.0
scientific_publication/scientific_publication_0075.png,наукова публікація,RVL-CDIP,,777,1000,1318521,0.777,170.86848391248392,92.09432032476191,0.31462805662805665,0.0
scientific_publication/scientific_publication_0076.png,наукова публікація,RVL-CDIP,,754,1000,372669,0.754,236.91324137931034,52.65815375886121,0.06633289124668434,0.0
scientific_publication/scientific_publication_0077.png,наукова публікація,RVL-CDIP,,754,1000,383274,0.754,225.21543633952254,71.97473784769639,0.11567639257294429,0.0
scientific_publication/scientific_publication_0078.png,наукова публікація,RVL-CDIP,,754,1000,544586,0.754,229.0425371352785,59.66713663794251,0.09658620689655173,0.0
scientific_publication/scientific_publication_0079.png,наукова публікація,RVL-CDIP,,760,1000,340459,0.76,234.74744078947367,57.43828538804813,0.07812105263157895,0.0
scientific_publication/scientific_publication_0080.png,наукова публікація,RVL-CDIP,,777,1000,371830,0.777,244.08491763191762,36.39796584557875,0.033815958815958815,0.0
scientific_publication/scientific_publication_0081.png,наукова публікація,RVL-CDIP,,754,1000,247447,0.754,244.3391379310345,40.09042595643306,0.03963660477453581,0.0
scientific_publication/scientific_publication_0082.png,наукова публікація,RVL-CDIP,,754,1000,384393,0.754,225.33097480106102,71.59186764368032,0.11122546419098144,0.0
scientific_publication/scientific_publication_0083.png,наукова публікація,RVL-CDIP,,754,1000,533587,0.754,221.04772148541113,72.25830547000969,0.12902519893899203,0.0
scientific_publication/scientific_publication_0084.png,наукова публікація,RVL-CDIP,,754,1000,481036,0.754,227.71322679045093,64.67801379157247,0.10350928381962865,0.0
scientific_publication/scientific_publication_0085.png,наукова публікація,RVL-CDIP,,772,1000,146513,0.772,247.60904404145077,36.05994445160699,0.028743523316062176,0.0
scientific_publication/scientific_publication_0086.png,наукова публікація,RVL-CDIP,,754,1000,561639,0.754,220.20155172413794,72.41883053570938,0.13450397877984085,0.0
scientific_publication/scientific_publication_0087.png,наукова публікація,RVL-CDIP,,754,1000,418961,0.754,235.57840848806367,53.84684076709667,0.07341909814323608,0.0
scientific_publication/scientific_publication_0088.png,наукова публікація,RVL-CDIP,,777,1000,303527,0.777,224.27399613899613,75.87704674093553,0.11909137709137708,0.0
scientific_publication/scientific_publication_0089.png,наукова публікація,RVL-CDIP,,777,1000,458578,0.777,230.5765148005148,62.26750084572867,0.09297683397683398,0.0
scientific_publication/scientific_publication_0090.png,наукова публікація,RVL-CDIP,,806,1000,552291,0.806,226.52465012406947,65.48991319157759,0.11012903225806452,0.0
scientific_publication/scientific_publication_0091.png,наукова публікація,RVL-CDIP,,783,1000,465004,0.783,223.01422860791826,72.88000710837176,0.12269093231162197,0.0
scientific_publication/scientific_publication_0092.png,наукова публікація,RVL-CDIP,,777,1000,681873,0.777,221.25551222651222,69.78929523176255,0.12484813384813385,0.0
scientific_publication/scientific_publication_0093.png,наукова публікація,RVL-CDIP,,754,1000,385164,0.754,229.95101061007958,64.70126920427798,0.0961498673740053,0.0
scientific_publication/scientific_publication_0094.png,наукова публікація,RVL-CDIP,,754,1000,62504,0.754,250.60853183023872,29.97076330697247,0.016965517241379312,0.0
scientific_publication/scientific_publication_0095.png,наукова публікація,RVL-CDIP,,754,1000,262351,0.754,236.8513050397878,56.02221808342228,0.070315649867374,0.0
scientific_publication/scientific_publication_0096.png,наукова публікація,RVL-CDIP,,772,1000,464320,0.772,218.94714119170985,77.57752153258117,0.13946113989637307,0.0
scientific_publication/scientific_publication_0097.png,наукова публікація,RVL-CDIP,,754,1000,445586,0.754,217.54612334217506,79.09029891156771,0.14618965517241378,0.0
scientific_publication/scientific_publication_0098.png,наукова публікація,RVL-CDIP,,754,1000,460195,0.754,222.70545358090186,72.67098199673555,0.12477586206896552,0.0
scientific_publication/scientific_publication_0099.png,наукова публікація,RVL-CDIP,,754,1000,389698,0.754,230.8887572944297,63.29836820043345,0.09398275862068965,0.0
scientific_publication/scientific_publication_0100.png,наукова публікація,RVL-CDIP,,754,1000,431641,0.754,235.6336697612732,52.115426062934375,0.07024535809018567,0.0
scientific_publication/scientific_publication_0101.png,наукова публікація,RVL-CDIP,,754,1000,545407,0.754,228.83516180371353,60.092261057303574,0.09829575596816977,0.0
scientific_publication/scientific_publication_0102.png,наукова публікація,RVL-CDIP,,754,1000,544306,0.754,223.5919549071618,68.88840241481776,0.12062334217506632,0.0
scientific_publication/scientific_publication_0103.png,наукова публікація,RVL-CDIP,,777,1000,43056,0.777,253.06372200772202,19.602876400838618,0.007343629343629344,0.0
scientific_publication/scientific_publication_0104.png,наукова публікація,RVL-CDIP,,772,1000,193037,0.772,245.900103626943,38.95107642814944,0.03442357512953368,0.0
scientific_publication/scientific_publication_0105.png,наукова публікація,RVL-CDIP,,754,1000,229115,0.754,239.8151220159151,52.153886666302796,0.05877718832891247,0.0
scientific_publication/scientific_publication_0106.png,наукова публікація,RVL-CDIP,,754,1000,518443,0.754,228.20320954907163,62.83649143197993,0.09865119363395225,0.0
scientific_publication/scientific_publication_0107.png,наукова публікація,RVL-CDIP,,754,1000,52658,0.754,252.45610212201592,21.639372120314707,0.009649867374005305,0.0
scientific_publication/scientific_publication_0108.png,наукова публікація,RVL-CDIP,,754,1000,341381,0.754,238.2138474801061,50.72276031346861,0.06381564986737401,0.0
scientific_publication/scientific_publication_0109.png,наукова публікація,RVL-CDIP,,772,1000,376442,0.772,233.85929922279792,59.138929976653436,0.08223963730569948,0.0
scientific_publication/scientific_publication_0110.png,наукова публікація,RVL-CDIP,,754,1000,378248,0.754,236.29567904509284,53.64206590335374,0.07044694960212201,0.0
scientific_publication/scientific_publication_0111.png,наукова публікація,RVL-CDIP,,754,1000,443270,0.754,227.56401061007958,66.40417733368348,0.10563395225464191,0.0
scientific_publication/scientific_publication_0112.png,наукова публікація,RVL-CDIP,,772,1000,107525,0.772,248.73937953367874,34.534311735955605,0.02446761658031088,0.0
scientific_publication/scientific_publication_0113.png,наукова публікація,RVL-CDIP,,754,1000,507197,0.754,227.89064323607428,63.334409921386566,0.10255835543766578,0.0
scientific_publication/scientific_publication_0114.png,наукова публікація,RVL-CDIP,,847,1000,302392,0.847,243.27114521841796,43.718769899730916,0.04461038961038961,0.0
scientific_publication/scientific_publication_0115.png,наукова публікація,RVL-CDIP,,772,1000,259398,0.772,231.0967409326425,67.31538000126913,0.09311917098445596,0.0
scientific_publication/scientific_publication_0116.png,наукова публікація,RVL-CDIP,,772,1000,178611,0.772,242.34867746113989,49.52770607293199,0.04893264248704663,0.0
scientific_publication/scientific_publication_0117.png,наукова публікація,RVL-CDIP,,772,1000,73491,0.772,248.86243264248705,35.523844543921435,0.024148963730569947,0.0
scientific_publication/scientific_publication_0118.png,наукова публікація,RVL-CDIP,,772,1000,289538,0.772,235.4450932642487,59.55844104539793,0.0757759067357513,0.0
scientific_publication/scientific_publication_0119.png,наукова публікація,RVL-CDIP,,754,1000,392426,0.754,237.9497652519894,49.2762159589057,0.06304244031830239,0.0
scientific_publication/scientific_publication_0120.png,наукова публікація,RVL-CDIP,,777,1000,376173,0.777,221.55623294723296,77.49142764076659,0.13036293436293436,0.0
scientific_publication/scientific_publication_0121.png,наукова публікація,RVL-CDIP,,777,1000,327214,0.777,232.2036061776062,64.06472349723126,0.0892059202059202,0.0
scientific_publication/scientific_publication_0122.png,наукова публікація,RVL-CDIP,,754,1000,368765,0.754,232.5426777188329,60.17812016656948,0.08608355437665782,0.0
scientific_publication/scientific_publication_0123.png,наукова публікація,RVL-CDIP,,772,1000,317471,0.772,240.3565103626943,47.696936322558315,0.056042746113989635,0.0
scientific_publication/scientific_publication_0124.png,наукова публікація,RVL-CDIP,,754,1000,515764,0.754,216.83794960212202,78.14303066169629,0.14629708222811671,0.0
scientific_publication/scientific_publication_0125.png,наукова публікація,RVL-CDIP,,771,1000,169022,0.771,243.38800389105057,47.3127139545848,0.04504280155642024,0.0
scientific_publication/scientific_publication_0126.png,наукова публікація,RVL-CDIP,,754,1000,580848,0.754,220.444624668435,71.66208198608669,0.13300132625994696,0.0
scientific_publication/scientific_publication_0127.png,наукова публікація,RVL-CDIP,,786,1000,174830,0.786,234.2000165394402,65.07715641664961,0.08126335877862595,0.0
scientific_publication/scientific_publication_0128.png,наукова публікація,RVL-CDIP,,754,1000,509957,0.754,230.32442970822282,59.15848834032107,0.0911710875331565,0.0
scientific_publication/scientific_publication_0129.png,наукова публікація,RVL-CDIP,,720,1000,627617,0.72,220.5368777777778,68.27001286579763,0.1327763888888889,0.0
scientific_publication/scientific_publication_0130.png,наукова публікація,RVL-CDIP,,754,1000,346346,0.754,227.58497877984084,69.90613186248883,0.10599867374005305,0.0
scientific_publication/scientific_publication_0131.png,наукова публікація,RVL-CDIP,,754,1000,426426,0.754,232.45006100795757,58.531111516704456,0.0848448275862069,0.0
scientific_publication/scientific_publication_0132.png,наукова публікація,RVL-CDIP,,772,1000,488181,0.772,229.0668458549223,63.12244166487307,0.10184974093264249,0.0
scientific_publication/scientific_publication_0133.png,наукова публікація,RVL-CDIP,,754,1000,386918,0.754,236.4801551724138,52.67166307981891,0.07144827586206896,0.0
scientific_publication/scientific_publication_0134.png,наукова публікація,RVL-CDIP,,754,1000,395462,0.754,231.36722148541114,62.140951344962886,0.09123209549071618,0.0
scientific_publication/scientific_publication_0135.png,наукова публікація,RVL-CDIP,,754,1000,391871,0.754,227.4185477453581,68.43383403983941,0.10704376657824934,0.0
scientific_publication/scientific_publication_0136.png,наукова публікація,RVL-CDIP,,775,1000,607989,0.775,226.68636387096774,62.87400608686251,0.10627354838709678,0.0
scientific_publication/scientific_publication_0137.png,наукова публікація,RVL-CDIP,,754,1000,318601,0.754,225.44374403183025,73.41785065961987,0.11443103448275863,0.0
scientific_publication/scientific_publication_0138.png,наукова публікація,RVL-CDIP,,754,1000,537786,0.754,230.0455106100796,59.21704681110332,0.09433819628647215,0.0
scientific_publication/scientific_publication_0139.png,наукова публікація,RVL-CDIP,,754,1000,503389,0.754,229.3351180371353,62.3525397383002,0.09556233421750664,0.0
scientific_publication/scientific_publication_0140.png,наукова публікація,RVL-CDIP,,754,1000,272664,0.754,240.28499336870027,49.49034246812893,0.056489389920424404,0.0
scientific_publication/scientific_publication_0141.png,наукова публікація,RVL-CDIP,,754,1000,344970,0.754,226.91678116710875,70.56109110039591,0.1103289124668435,0.0
scientific_publication/scientific_publication_0142.png,наукова публікація,RVL-CDIP,,754,1000,361011,0.754,240.67650397877983,45.20972440264352,0.051091511936339526,0.0
scientific_publication/scientific_publication_0143.png,наукова публікація,RVL-CDIP,,754,1000,544910,0.754,220.7576445623342,71.99875640814422,0.1322599469496021,0.0
scientific_publication/scientific_publication_0144.png,наукова публікація,RVL-CDIP,,777,1000,608614,0.777,219.73779536679535,73.41984499228882,0.13177348777348777,0.0
scientific_publication/scientific_publication_0145.png,наукова публікація,RVL-CDIP,,772,1000,404509,0.772,225.59324352331606,69.71736031263248,0.10780699481865284,0.0
scientific_publication/scientific_publication_0146.png,наукова публікація,RVL-CDIP,,754,1000,430982,0.754,233.73935278514588,55.62586358551357,0.07994297082228116,0.0
scientific_publication/scientific_publication_0147.png,наукова публікація,RVL-CDIP,,762,1000,426526,0.762,166.34079921259843,113.86667995825462,0.3481902887139108,0.0
scientific_publication/scientific_publication_0148.png,наукова публікація,RVL-CDIP,,754,1000,149503,0.754,246.23193501326259,40.34205801817335,0.03386074270557029,0.0
scientific_publication/scientific_publication_0149.png,наукова публікація,RVL-CDIP,,777,1000,415437,0.777,234.5479703989704,57.12197444034202,0.07612998712998713,0.0
scientific_publication/scientific_publication_0150.png,наукова публікація,RVL-CDIP,,777,1000,335226,0.777,240.47082368082368,48.102507293741546,0.054992277992277995,0.0
scientific_publication/scientific_publication_0151.png,наукова публікація,RVL-CDIP,,754,1000,527269,0.754,230.47140053050398,57.61879102013569,0.08892042440318303,0.0
scientific_publication/scientific_publication_0152.png,наукова публікація,RVL-CDIP,,772,1000,214363,0.772,244.94475906735752,41.0375114354223,0.0382059585492228,0.0
scientific_publication/scientific_publication_0153.png,наукова публікація,RVL-CDIP,,754,1000,256194,0.754,239.24142440318303,52.86160935343594,0.06073740053050398,0.0
scientific_publication/scientific_publication_0154.png,наукова публікація,RVL-CDIP,,771,1000,329505,0.771,235.31577821011672,58.80542481017508,0.07554215304798963,0.0
scientific_publication/scientific_publication_0155.png,наукова публікація,RVL-CDIP,,754,1000,484557,0.754,233.10060610079574,55.724788322477245,0.08106366047745359,0.0
scientific_publication/scientific_publication_0156.png,наукова публікація,RVL-CDIP,,772,1000,343593,0.772,229.31281606217615,67.5665488562912,0.10076165803108808,0.0
scientific_publication/scientific_publication_0157.png,наукова публікація,RVL-CDIP,,777,1000,151391,0.777,229.9056731016731,72.81531586624735,0.09813899613899614,0.0
scientific_publication/scientific_publication_0158.png,наукова публікація,RVL-CDIP,,754,1000,193275,0.754,247.35608222811672,33.38761867486786,0.027478779840848806,0.0
scientific_publication/scientific_publication_0159.png,наукова публікація,RVL-CDIP,,777,1000,354883,0.777,219.0344247104247,81.49540108466793,0.14006949806949806,0.0
scientific_publication/scientific_publication_0160.png,наукова публікація,RVL-CDIP,,754,1000,232878,0.754,49.717624668435015,96.48219259692462,0.8083448275862068,0.0
scientific_publication/scientific_publication_0161.png,наукова публікація,RVL-CDIP,,772,1000,257813,0.772,238.83115155440416,53.37946976147187,0.06312435233160622,0.0
scientific_publication/scientific_publication_0162.png,наукова публікація,RVL-CDIP,,754,1000,374577,0.754,235.8606379310345,54.82452837102185,0.07356498673740053,0.0
scientific_publication/scientific_publication_0163.png,наукова публікація,RVL-CDIP,,754,1000,394090,0.754,230.26539920424403,63.58470356503494,0.09595225464190982,0.0
scientific_publication/scientific_publication_0164.png,наукова публікація,RVL-CDIP,,754,1000,364538,0.754,236.4445198938992,54.15368964649761,0.07122148541114058,0.0
scientific_publication/scientific_publication_0165.png,наукова публікація,RVL-CDIP,,812,1000,218661,0.812,240.52267980295568,52.04687765189441,0.056886699507389164,0.0
scientific_publication/scientific_publication_0166.png,наукова публікація,RVL-CDIP,,772,1000,284414,0.772,236.28749740932642,57.898153193060416,0.07157772020725389,0.0
scientific_publication/scientific_publication_0167.png,наукова публікація,RVL-CDIP,,777,1000,130286,0.777,245.4579498069498,43.66407179986996,0.03702702702702703,0.0
scientific_publication/scientific_publication_0168.png,наукова публікація,RVL-CDIP,,754,1000,464390,0.754,232.74799071618037,56.16511981317729,0.08146153846153846,0.0
scientific_publication/scientific_publication_0169.png,наукова публікація,RVL-CDIP,,754,1000,526938,0.754,223.32331167108754,69.79098268396172,0.12039124668435014,0.0
scientific_publication/scientific_publication_0170.png,наукова публікація,RVL-CDIP,,754,1000,554029,0.754,225.02046684350134,66.14090717799748,0.11571352785145889,0.0
scientific_publication/scientific_publication_0171.png,наукова публікація,RVL-CDIP,,771,1000,481961,0.771,236.16836835278858,50.139205799391746,0.06850064850843061,0.0
scientific_publication/scientific_publication_0172.png,наукова публікація,RVL-CDIP,,754,1000,288494,0.754,239.14169628647215,51.627674609240586,0.06061007957559682,0.0
scientific_publication/scientific_publication_0173.png,наукова публікація,RVL-CDIP,,772,1000,332590,0.772,240.40561010362694,47.53869702568418,0.05498575129533679,0.0
scientific_publication/scientific_publication_0174.png,наукова публікація,RVL-CDIP,,754,1000,804647,0.754,203.20547877984086,84.6037805242859,0.19001989389920423,0.0
scientific_publication/scientific_publication_0175.png,наукова публікація,RVL-CDIP,,772,1000,419789,0.772,213.31756347150258,85.32308316054848,0.16603497409326426,0.0
scientific_publication/scientific_publication_0176.png,наукова публікація,RVL-CDIP,,777,1000,1017175,0.777,190.68629858429858,89.60587066323419,0.24585585585585584,0.0
scientific_publication/scientific_publication_0177.png,наукова публікація,RVL-CDIP,,754,1000,373653,0.754,209.136050397878,89.9287340129092,0.176131299734748,0.0
scientific_publication/scientific_publication_0178.png,наукова публікація,RVL-CDIP,,754,1000,46628,0.754,206.29974535809018,99.30556619005671,0.19141114058355438,0.0
scientific_publication/scientific_publication_0179.png,наукова публікація,RVL-CDIP,,754,1000,280390,0.754,233.0084774535809,62.88426202867774,0.08502519893899205,0.0
scientific_publication/scientific_publication_0180.png,наукова публікація,RVL-CDIP,,754,1000,266518,0.754,203.83571220159152,96.73001189820555,0.1998793103448276,0.0
scientific_publication/scientific_publication_0181.png,наукова публікація,RVL-CDIP,,754,1000,224985,0.754,240.76557427055704,50.46838528502412,0.05483289124668435,0.0
scientific_publication/scientific_publication_0182.png,наукова публікація,RVL-CDIP,,754,1000,240245,0.754,246.20647082228118,35.31460916480143,0.03159681697612732,0.0
scientific_publication/scientific_publication_0183.png,наукова публікація,RVL-CDIP,,772,1000,202953,0.772,244.07858031088082,43.47547294066544,0.042218911917098444,0.0
scientific_publication/scientific_publication_0184.png,наукова публікація,RVL-CDIP,,754,1000,274453,0.754,240.67309549071618,48.763433660420965,0.05538063660477453,0.0
scientific_publication/scientific_publication_0185.png,наукова публікація,RVL-CDIP,,798,1000,351479,0.798,236.98444736842106,54.63504259785596,0.0696077694235589,0.0
scientific_publication/scientific_publication_0186.png,наукова публікація,RVL-CDIP,,772,1000,768098,0.772,197.5265505181347,90.37094288755678,0.21982512953367875,0.0
scientific_publication/scientific_publication_0187.png,наукова публікація,RVL-CDIP,,777,1000,523665,0.777,226.09060102960103,66.02559568577878,0.10853153153153153,0.0
scientific_publication/scientific_publication_0188.png,наукова публікація,RVL-CDIP,,772,1000,306402,0.772,224.31667875647668,75.89472113678576,0.12086528497409327,0.0
scientific_publication/scientific_publication_0189.png,наукова публікація,RVL-CDIP,,754,1000,293063,0.754,237.98292307692307,53.63157768352822,0.06389655172413793,0.0
specification/specification_0000.png,специфікація,RVL-CDIP,,793,1000,300047,0.793,241.17670365699874,47.34476308639249,0.053817150063051704,0.0
specification/specification_0001.png,специфікація,RVL-CDIP,,871,1000,284783,0.871,234.8441791044776,58.22437269037089,0.08005970149253731,0.0
specification/specification_0002.png,специфікація,RVL-CDIP,,785,1000,318446,0.785,237.4164280254777,56.2423741394875,0.06588407643312102,0.0
specification/specification_0003.png,специфікація,RVL-CDIP,,777,1000,164948,0.777,238.77769626769626,57.95926288149442,0.062378378378378375,0.0
specification/specification_0004.png,специфікація,RVL-CDIP,,829,1000,263882,0.829,241.39388902291918,49.27617574028246,0.05228226779252111,0.0
specification/specification_0005.png,специфікація,RVL-CDIP,,772,1000,163788,0.772,247.22858031088083,36.846565418853245,0.029880829015544043,0.0
specification/specification_0006.png,специфікація,RVL-CDIP,,754,1000,102118,0.754,248.47458885941646,35.18112691691331,0.025257294429708223,0.0
specification/specification_0007.png,специфікація,RVL-CDIP,,762,1000,148658,0.762,243.04832152230972,47.151379125980235,0.04550262467191601,0.0
specification/specification_0008.png,специфікація,RVL-CDIP,,754,1000,147625,0.754,248.17042572944297,34.265944402378935,0.026204244031830238,0.0
specification/specification_0009.png,специфікація,RVL-CDIP,,778,1000,134870,0.778,246.52522750642675,40.3575951583619,0.03330077120822622,0.0
specification/specification_0010.png,специфікація,RVL-CDIP,,778,1000,223390,0.778,228.90281362467866,72.311286605133,0.1010784061696658,0.0
specification/specification_0011.png,специфікація,RVL-CDIP,,754,1000,146743,0.754,247.453824933687,36.62062547306255,0.028921750663129974,0.0
specification/specification_0012.png,специфікація,RVL-CDIP,,754,1000,167959,0.754,246.60324403183023,38.2641160108481,0.03226525198938992,0.0
specification/specification_0013.png,специфікація,RVL-CDIP,,754,1000,147616,0.754,246.81605039787797,38.44647349689686,0.03152387267904509,0.0
specification/specification_0014.png,специфікація,RVL-CDIP,,754,1000,307245,0.754,223.0965225464191,75.37392800511712,0.12439124668435013,0.0
specification/specification_0015.png,специфікація,RVL-CDIP,,777,1000,313646,0.777,232.38280823680824,62.584018757185746,0.08991634491634491,0.0
specification/specification_0016.png,специфікація,RVL-CDIP,,792,1000,136977,0.792,249.68320075757575,30.030192519112312,0.02061111111111111,0.0
specification/specification_0017.png,специфікація,RVL-CDIP,,773,1000,332240,0.773,232.37071798188873,62.06910787914309,0.08693143596377749,0.0
specification/specification_0018.png,специфікація,RVL-CDIP,,774,1000,208916,0.774,233.7940904392765,65.18346377793996,0.0821937984496124,0.0
specification/specification_0019.png,специфікація,RVL-CDIP,,793,1000,274800,0.793,245.23110592686004,38.311522717069174,0.03329003783102144,0.0
specification/specification_0020.png,специфікація,RVL-CDIP,,785,1000,344305,0.785,236.92464713375796,55.541938372043624,0.06827515923566879,0.0
specification/specification_0021.png,специфікація,RVL-CDIP,,783,1000,251216,0.783,232.5451060025543,67.1383903187502,0.08555683269476373,0.0
specification/specification_0022.png,специфікація,RVL-CDIP,,843,1000,414683,0.843,230.530349940688,65.76378810722558,0.09316963226571767,0.0
specification/specification_0023.png,специфікація,RVL-CDIP,,777,1000,202210,0.777,237.18475933075933,59.62820331892002,0.06875933075933076,0.0
specification/specification_0024.png,специфікація,RVL-CDIP,,780,1000,283397,0.78,233.02525256410257,63.71951771591677,0.08571538461538461,0.0
specification/specification_0025.png,специфікація,RVL-CDIP,,779,1000,174952,0.779,246.51738254172017,38.9814211140462,0.030971758664955072,0.0
specification/specification_0026.png,специфікація,RVL-CDIP,,838,1000,292834,0.838,239.75568854415275,51.24379334187982,0.05825656324582339,0.0
specification/specification_0027.png,специфікація,RVL-CDIP,,754,1000,145160,0.754,246.7632599469496,38.69449952732078,0.03189655172413793,0.0
specification/specification_0028.png,специфікація,RVL-CDIP,,762,1000,139678,0.762,246.7090341207349,39.52104363548876,0.031984251968503935,0.0
specification/specification_0029.png,специфікація,RVL-CDIP,,754,1000,136209,0.754,246.85387267904508,38.84086221803726,0.03154509283819629,0.0
specification/specification_0030.png,специфікація,RVL-CDIP,,754,1000,177904,0.754,241.41542838196287,51.106772627354665,0.05260079575596817,0.0
specification/specification_0031.png,специфікація,RVL-CDIP,,754,1000,137273,0.754,248.03386604774536,35.02606127550492,0.026976127320954908,0.0
specification/specification_0032.png,специфікація,RVL-CDIP,,754,1000,143035,0.754,246.74444429708223,38.80771830836327,0.03168700265251989,0.0
specification/specification_0033.png,специфікація,RVL-CDIP,,797,1000,368129,0.797,225.53779422835635,69.48572169988158,0.1149297365119197,0.0
specification/specification_0034.png,специфікація,RVL-CDIP,,762,1000,175956,0.762,242.8917467191601,44.25883676307916,0.04658267716535433,0.0
specification/specification_0035.png,специфікація,RVL-CDIP,,778,1000,200384,0.778,235.89055526992288,61.944009785686355,0.07380976863753214,0.0
specification/specification_0036.png,специфікація,RVL-CDIP,,762,1000,202614,0.762,244.36367060367454,43.16498662647397,0.040818897637795275,0.0
specification/specification_0037.png,специфікація,RVL-CDIP,,777,1000,259676,0.777,238.21642471042472,55.120628959775985,0.06544658944658945,0.0
specification/specification_0038.png,специфікація,RVL-CDIP,,785,1000,246005,0.785,238.59372611464968,54.728101191265715,0.06386496815286624,0.0
specification/specification_0039.png,специфікація,RVL-CDIP,,754,1000,122450,0.754,249.38389655172415,30.94836518764289,0.02179973474801061,0.0
specification/specification_0040.png,специфікація,RVL-CDIP,,774,1000,374185,0.774,208.3660723514212,91.04428570770257,0.17837080103359174,0.0
specification/specification_0041.png,специфікація,RVL-CDIP,,754,1000,75860,0.754,250.81538328912467,27.894711433422046,0.015977453580901857,0.0
specification/specification_0042.png,специфікація,RVL-CDIP,,788,1000,183060,0.788,244.78088705583755,41.754645243567545,0.04054568527918782,0.0
specification/specification_0043.png,специфікація,RVL-CDIP,,754,1000,135782,0.754,248.08401193633952,34.930827918570465,0.026614058355437665,0.0
specification/specification_0044.png,специфікація,RVL-CDIP,,754,1000,143402,0.754,247.78257559681697,35.74618467293176,0.027952254641909813,0.0
specification/specification_0045.png,специфікація,RVL-CDIP,,775,1000,181518,0.775,246.2721470967742,40.60441435349086,0.032178064516129035,0.0
specification/specification_0046.png,специфікація,RVL-CDIP,,754,1000,163849,0.754,245.62338063660476,41.06934751210409,0.036482758620689656,0.0
specification/specification_0047.png,специфікація,RVL-CDIP,,775,1000,264393,0.775,233.17724,63.71280370777119,0.0849574193548387,0.0
specification/specification_0048.png,специфікація,RVL-CDIP,,782,1000,202625,0.782,243.26629028132993,42.19208397436515,0.04601278772378516,0.0
specification/specification_0049.png,специфікація,RVL-CDIP,,754,1000,111840,0.754,248.65359151193633,34.15750161060907,0.024359416445623342,0.0
specification/specification_0050.png,специфікація,RVL-CDIP,,766,1000,177332,0.766,243.77921279373368,46.07418868162654,0.043473890339425586,0.0
specification/specification_0051.png,специфікація,RVL-CDIP,,754,1000,144049,0.754,246.54029045092838,39.43996828301179,0.03279973474801061,0.0
specification/specification_0052.png,специфікація,RVL-CDIP,,775,1000,44824,0.775,247.4377135483871,41.39512162793456,0.029375483870967743,0.0
specification/specification_0053.png,специфікація,RVL-CDIP,,786,1000,434333,0.786,231.4166717557252,58.117919988878924,0.0895648854961832,0.0
specification/specification_0054.png,специфікація,RVL-CDIP,,754,1000,79932,0.754,249.7656273209549,31.573234210624275,0.020322281167108755,0.0
specification/specification_0055.png,специфікація,RVL-CDIP,,780,1000,427682,0.78,234.78426666666667,56.30456155087775,0.07662179487179487,0.0
specification/specification_0056.png,специфікація,RVL-CDIP,,777,1000,174023,0.777,237.0162368082368,60.89499408999581,0.07003346203346203,0.0
specification/specification_0057.png,специфікація,RVL-CDIP,,797,1000,300252,0.797,244.212382685069,40.15165428129729,0.03822459222082811,0.0
specification/specification_0058.png,специфікація,RVL-CDIP,,797,1000,359359,0.797,232.87588833124215,60.166043127362045,0.08601003764115434,0.0
specification/specification_0059.png,специфікація,RVL-CDIP,,773,1000,300934,0.773,127.1595446313066,123.34946710267744,0.5018020698576973,0.0
specification/specification_0060.png,специфікація,RVL-CDIP,,762,1000,159811,0.762,247.65437664041994,34.31511137444106,0.027993438320209972,0.0
specification/specification_0061.png,специфікація,RVL-CDIP,,754,1000,142001,0.754,246.73040583554376,38.90782466693237,0.03238859416445623,0.0
specification/specification_0062.png,специфікація,RVL-CDIP,,754,1000,129872,0.754,248.5395278514589,33.749334916561416,0.024809018567639257,0.0
specification/specification_0063.png,специфікація,RVL-CDIP,,772,1000,190217,0.772,245.31208808290157,41.53733182602612,0.036955958549222796,0.0
specification/specification_0064.png,специфікація,RVL-CDIP,,777,1000,196340,0.777,238.37510296010296,56.915638143983664,0.06435649935649936,0.0
specification/specification_0065.png,специфікація,RVL-CDIP,,777,1000,204867,0.777,238.7987348777349,56.690893525287436,0.06257400257400257,0.0
specification/specification_0066.png,специфікація,RVL-CDIP,,754,1000,145811,0.754,246.91277055702918,38.17791878214704,0.031255968169761277,0.0
specification/specification_0067.png,специфікація,RVL-CDIP,,780,1000,111439,0.78,249.17888846153846,33.004879012987125,0.022534615384615386,0.0
specification/specification_0068.png,специфікація,RVL-CDIP,,777,1000,195936,0.777,238.69519433719432,57.143620859744566,0.06351480051480052,0.0
specification/specification_0069.png,специфікація,RVL-CDIP,,762,1000,195856,0.762,217.72007349081366,85.22634592718136,0.14574278215223097,0.0
specification/specification_0070.png,специфікація,RVL-CDIP,,762,1000,210914,0.762,214.8243713910761,87.99998410879493,0.15553280839895012,0.0
specification/specification_0071.png,специфікація,RVL-CDIP,,754,1000,146484,0.754,246.6028328912467,39.02664016928832,0.03237400530503979,0.0
specification/specification_0072.png,специфікація,RVL-CDIP,,754,1000,122960,0.754,249.89778647214854,28.764086700162395,0.019387267904509283,0.0
specification/specification_0073.png,специфікація,RVL-CDIP,,774,1000,182141,0.774,244.70419121447028,43.601031902358876,0.03952454780361757,0.0
specification/specification_0074.png,специфікація,RVL-CDIP,,754,1000,136769,0.754,248.2295822281167,34.3463011411725,0.026420424403183023,0.0
specification/specification_0075.png,специфікація,RVL-CDIP,,869,1000,357102,0.869,226.29536939010356,69.79606081721253,0.11148331415420024,0.0
specification/specification_0076.png,специфікація,RVL-CDIP,,783,1000,211910,0.783,234.66055427841636,63.433528528755865,0.07949425287356322,0.0
specification/specification_0077.png,специфікація,RVL-CDIP,,771,1000,216787,0.771,239.4807924773022,54.21110287726719,0.05979247730220493,0.0
specification/specification_0078.png,специфікація,RVL-CDIP,,754,1000,113626,0.754,248.93938859416446,32.98898954245217,0.023460212201591512,0.0
specification/specification_0079.png,специфікація,RVL-CDIP,,754,1000,152386,0.754,246.40896286472147,39.31333068482537,0.033183023872679046,0.0
specification/specification_0080.png,специфікація,RVL-CDIP,,785,1000,149845,0.785,245.42220127388535,43.05033905303355,0.03669554140127389,0.0
specification/specification_0081.png,специфікація,RVL-CDIP,,754,1000,381930,0.754,229.34318567639258,64.23633624887904,0.09963793103448276,0.0
specification/specification_0082.png,специфікація,RVL-CDIP,,754,1000,116579,0.754,249.2343978779841,31.767860897718002,0.022355437665782494,0.0
specification/specification_0083.png,специфікація,RVL-CDIP,,776,1000,362921,0.776,226.4245425257732,69.6359671588538,0.11180025773195876,0.0
specification/specification_0084.png,специфікація,RVL-CDIP,,754,1000,108010,0.754,249.75609416445624,30.304356199040885,0.0203262599469496,0.0
specification/specification_0085.png,специфікація,RVL-CDIP,,754,1000,154230,0.754,246.25114323607428,39.8187129111082,0.03454509283819629,0.0
specification/specification_0086.png,специфікація,RVL-CDIP,,784,1000,135889,0.784,243.62603954081632,47.9247848914452,0.04402551020408163,0.0
specification/specification_0087.png,специфікація,RVL-CDIP,,788,1000,132954,0.788,247.8544543147208,36.4057352290851,0.02759771573604061,0.0
specification/specification_0088.png,специфікація,RVL-CDIP,,777,1000,802053,0.777,203.5569099099099,85.39300540032984,0.18745945945945947,0.0
specification/specification_0089.png,специфікація,RVL-CDIP,,777,1000,187262,0.777,225.8279202059202,77.20170047255847,0.11405276705276705,0.0
specification/specification_0090.png,специфікація,RVL-CDIP,,754,1000,139139,0.754,247.30277320954906,37.164198399900776,0.029937665782493367,0.0
specification/specification_0091.png,специфікація,RVL-CDIP,,754,1000,104386,0.754,249.80992838196286,30.13690054794588,0.019954907161803714,0.0
specification/specification_0092.png,специфікація,RVL-CDIP,,771,1000,358684,0.771,237.45002853437094,54.31477512864661,0.06228534370946822,0.0
specification/specification_0093.png,специфікація,RVL-CDIP,,781,1000,218109,0.781,237.54125608194622,57.29383802295401,0.06789756722151088,0.0
specification/specification_0094.png,специфікація,RVL-CDIP,,762,1000,307024,0.762,211.95089107611548,88.62110111807014,0.16920341207349082,0.0
specification/specification_0095.png,специфікація,RVL-CDIP,,754,1000,134832,0.754,247.24636339522547,37.75267763315229,0.029771883289124668,0.0
specification/specification_0096.png,специфікація,RVL-CDIP,,754,1000,114638,0.754,249.111900530504,32.40970246415474,0.022854111405835542,0.0
specification/specification_0097.png,специфікація,RVL-CDIP,,778,1000,181447,0.778,237.64791388174808,59.36353334021871,0.06762339331619538,0.0
specification/specification_0098.png,специфікація,RVL-CDIP,,777,1000,189052,0.777,234.66291634491634,64.29312019045588,0.07865508365508365,0.0
specification/specification_0099.png,специфікація,RVL-CDIP,,762,1000,217939,0.762,240.72852624671916,48.68783268276698,0.055481627296587926,0.0
specification/specification_0100.png,специфікація,RVL-CDIP,,754,1000,141134,0.754,246.71671618037135,39.03796366412394,0.03213395225464191,0.0
specification/specification_0101.png,специфікація,RVL-CDIP,,754,1000,111181,0.754,248.58702917771885,34.42785920708263,0.024936339522546418,0.0
specification/specification_0102.png,специфікація,RVL-CDIP,,789,1000,342347,0.789,232.87333967046894,62.246797192383475,0.08497084917617237,0.0
specification/specification_0103.png,специфікація,RVL-CDIP,,754,1000,240325,0.754,233.69737798408488,64.28702223316765,0.0813289124668435,0.0
specification/specification_0104.png,специфікація,RVL-CDIP,,796,1000,163155,0.796,246.59205653266332,38.00240693206116,0.0321394472361809,0.0
specification/specification_0105.png,специфікація,RVL-CDIP,,754,1000,151054,0.754,247.93050132625996,34.40056504629888,0.027506631299734748,0.0
specification/specification_0106.png,специфікація,RVL-CDIP,,782,1000,165116,0.782,241.5859219948849,51.857228787441926,0.053156010230179025,0.0
specification/specification_0107.png,специфікація,RVL-CDIP,,754,1000,156837,0.754,247.1689522546419,37.027170881902585,0.030149867374005306,0.0
specification/specification_0108.png,специфікація,RVL-CDIP,,754,1000,140522,0.754,247.98015915119365,35.06637959204661,0.027115384615384614,0.0
specification/specification_0109.png,специфікація,RVL-CDIP,,769,1000,178096,0.769,244.21083485045514,44.97779765713145,0.041780234070221065,0.0
specification/specification_0110.png,специфікація,RVL-CDIP,,785,1000,481231,0.785,227.5887668789809,65.73796427630528,0.10518980891719745,0.0
specification/specification_0111.png,специфікація,RVL-CDIP,,778,1000,370660,0.778,230.4913740359897,67.06424135117906,0.09023907455012853,0.0
specification/specification_0112.png,специфікація,RVL-CDIP,,754,1000,144459,0.754,247.61781564986737,35.84628715078481,0.028379310344827584,0.0
specification/specification_0113.png,специфікація,RVL-CDIP,,795,1000,366673,0.795,234.5332075471698,56.240126695429204,0.07863647798742138,0.0
specification/specification_0114.png,специфікація,RVL-CDIP,,778,1000,192200,0.778,241.86593059125963,50.647140647106916,0.04975321336760925,0.0
specification/specification_0115.png,специфікація,RVL-CDIP,,788,1000,127560,0.788,246.89948984771573,39.79932510005602,0.031163705583756345,0.0
specification/specification_0116.png,специфікація,RVL-CDIP,,777,1000,205421,0.777,243.82443243243245,44.82147926576103,0.04262290862290862,0.0
specification/specification_0117.png,специфікація,RVL-CDIP,,793,1000,389470,0.793,235.24441740226987,56.796160413245026,0.07592938209331652,0.0
specification/specification_0118.png,специфікація,RVL-CDIP,,787,1000,217451,0.787,244.84685260482846,40.51595940441061,0.03735832274459975,0.0
specification/specification_0119.png,специфікація,RVL-CDIP,,754,1000,170486,0.754,241.78535809018567,50.948284102494384,0.05096949602122016,0.0
specification/specification_0120.png,специфікація,RVL-CDIP,,779,1000,189536,0.779,240.07194094993582,54.30933931373907,0.05768806161745828,0.0
specification/specification_0121.png,специфікація,RVL-CDIP,,843,1000,449215,0.843,232.45749110320284,62.03850574736768,0.08685172004744958,0.0
specification/specification_0122.png,специфікація,RVL-CDIP,,754,1000,110852,0.754,249.57196816976128,30.960944138734714,0.02122546419098143,0.0
specification/specification_0123.png,специфікація,RVL-CDIP,,754,1000,179251,0.754,244.54092705570292,43.42451835624815,0.04029840848806366,0.0
specification/specification_0124.png,специфікація,RVL-CDIP,,775,1000,130822,0.775,247.57736903225808,36.859104549980515,0.028819354838709677,0.0
specification/specification_0125.png,специфікація,RVL-CDIP,,754,1000,119758,0.754,248.8821525198939,32.910463765101106,0.023659151193633952,0.0
specification/specification_0126.png,специфікація,RVL-CDIP,,774,1000,380237,0.774,223.4262726098191,74.7700269227519,0.12156330749354005,0.0
specification/specification_0127.png,специфікація,RVL-CDIP,,838,1000,300469,0.838,239.84049045346063,50.93483041402998,0.058140811455847256,0.0
specification/specification_0128.png,специфікація,RVL-CDIP,,754,1000,158238,0.754,246.6415848806366,38.48202127850273,0.03221485411140584,0.0
specification/specification_0129.png,специфікація,RVL-CDIP,,754,1000,142954,0.754,248.17209681697614,34.22138393986801,0.02643501326259947,0.0
specification/specification_0130.png,специфікація,RVL-CDIP,,754,1000,164443,0.754,246.5739575596817,38.14358972935256,0.03261936339522546,0.0
specification/specification_0131.png,специфікація,RVL-CDIP,,778,1000,159453,0.778,219.57257969151672,85.19299826434137,0.13855398457583548,0.0
specification/specification_0132.png,специфікація,RVL-CDIP,,754,1000,154479,0.754,247.02606631299736,37.40051269334478,0.03094031830238727,0.0
specification/specification_0133.png,специфікація,RVL-CDIP,,754,1000,164464,0.754,244.99228116710876,42.830133562132666,0.03869363395225464,0.0
specification/specification_0134.png,специфікація,RVL-CDIP,,754,1000,422890,0.754,232.90315119363396,58.48620157058293,0.08497480106100795,0.0
specification/specification_0135.png,специфікація,RVL-CDIP,,794,1000,350070,0.794,241.2827846347607,45.42693778395335,0.04991561712846348,0.0
specification/specification_0136.png,специфікація,RVL-CDIP,,837,1000,226512,0.837,242.3492329749104,48.06473875512121,0.049194743130227,0.0
specification/specification_0137.png,специфікація,RVL-CDIP,,777,1000,213821,0.777,243.94401544401543,44.27738618646718,0.04219047619047619,0.0
specification/specification_0138.png,специфікація,RVL-CDIP,,754,1000,112241,0.754,249.41736870026526,31.49775323003932,0.02153580901856764,0.0
specification/specification_0139.png,специфікація,RVL-CDIP,,777,1000,254504,0.777,238.68922393822393,54.381259440568186,0.06363191763191763,0.0
specification/specification_0140.png,специфікація,RVL-CDIP,,754,1000,143379,0.754,247.69382095490715,35.5690171709742,0.028152519893899206,0.0
specification/specification_0141.png,специфікація,RVL-CDIP,,782,1000,216325,0.782,239.2171010230179,55.03889181905919,0.060820971867007675,0.0
specification/specification_0142.png,специфікація,RVL-CDIP,,754,1000,161656,0.754,246.60924668435013,38.24996439262777,0.03226923076923077,0.0
specification/specification_0143.png,специфікація,RVL-CDIP,,754,1000,41437,0.754,249.88282891246683,33.76670391795246,0.02017506631299735,0.0
specification/specification_0144.png,специфікація,RVL-CDIP,,788,1000,288112,0.788,234.1460304568528,60.83286410575059,0.08054441624365483,0.0
specification/specification_0145.png,специфікація,RVL-CDIP,,754,1000,144262,0.754,247.85570689655174,35.57016125642375,0.027050397877984085,0.0
specification/specification_0146.png,специфікація,RVL-CDIP,,778,1000,204151,0.778,239.26641645244217,55.5924288057807,0.060910025706940873,0.0
specification/specification_0147.png,специфікація,RVL-CDIP,,780,1000,138283,0.78,249.34028333333333,30.856061712936445,0.02119102564102564,0.0
specification/specification_0148.png,специфікація,RVL-CDIP,,762,1000,70019,0.762,251.40049868766405,25.993315206930586,0.01399475065616798,0.0
specification/specification_0149.png,специфікація,RVL-CDIP,,781,1000,477966,0.781,220.59699871959026,73.0358774706413,0.13671062740076825,0.0
specification/specification_0150.png,специфікація,RVL-CDIP,,754,1000,142757,0.754,247.53262068965518,36.58709781250127,0.028591511936339523,0.0
specification/specification_0151.png,специфікація,RVL-CDIP,,778,1000,162520,0.778,242.8984383033419,48.93925044445368,0.0462853470437018,0.0
specification/specification_0152.png,специфікація,RVL-CDIP,,788,1000,386413,0.788,222.65550888324873,74.17680685264938,0.12483756345177666,0.0
specification/specification_0153.png,специфікація,RVL-CDIP,,786,1000,285971,0.786,243.34760941475827,43.10696065611387,0.04304325699745547,0.0
specification/specification_0154.png,специфікація,RVL-CDIP,,784,1000,325874,0.784,234.54567602040817,60.81461722976804,0.07523469387755102,0.0
specification/specification_0155.png,специфікація,RVL-CDIP,,797,1000,379520,0.797,240.8743626097867,44.86804482158685,0.052302383939774155,0.0
specification/specification_0156.png,специфікація,RVL-CDIP,,754,1000,210258,0.754,239.96204376657826,53.27831099724887,0.05797745358090186,0.0
specification/specification_0157.png,специфікація,RVL-CDIP,,778,1000,169706,0.778,245.62579562982006,41.570603467255005,0.03597557840616967,0.0
specification/specification_0158.png,специфікація,RVL-CDIP,,754,1000,168287,0.754,231.46616445623343,69.50772688367309,0.09109018567639257,0.0
specification/specification_0159.png,специфікація,RVL-CDIP,,788,1000,349767,0.788,231.09489593908629,62.30331525053418,0.09236802030456853,0.0
specification/specification_0160.png,специфікація,RVL-CDIP,,776,1000,78441,0.776,243.86984664948454,49.42078178477908,0.04375,0.0
specification/specification_0161.png,специфікація,RVL-CDIP,,778,1000,252988,0.778,212.22204241645244,90.76876414388924,0.16712982005141389,0.0
specification/specification_0162.png,специфікація,RVL-CDIP,,777,1000,262821,0.777,224.34478378378378,77.24808466809323,0.11914543114543115,0.0
specification/specification_0163.png,специфікація,RVL-CDIP,,794,1000,383799,0.794,235.48031486146095,56.70948063912507,0.0738551637279597,0.0
specification/specification_0164.png,специфікація,RVL-CDIP,,778,1000,208431,0.778,237.84614267352185,58.366256649940176,0.0662185089974293,0.0
specification/specification_0165.png,специфікація,RVL-CDIP,,754,1000,119452,0.754,249.201675066313,31.88027956347956,0.02224137931034483,0.0
specification/specification_0166.png,специфікація,RVL-CDIP,,754,1000,115807,0.754,249.28771220159152,31.896272787118487,0.02185809018567639,0.0
specification/specification_0167.png,специфікація,RVL-CDIP,,754,1000,379771,0.754,229.3259124668435,64.34115398960311,0.10008355437665782,0.0
specification/specification_0168.png,специфікація,RVL-CDIP,,781,1000,136111,0.781,247.546457106274,36.58428810611894,0.028473751600512163,0.0
specification/specification_0169.png,специфікація,RVL-CDIP,,775,1000,215547,0.775,240.46525548387098,52.447611962419565,0.05608,0.0
specification/specification_0170.png,специфікація,RVL-CDIP,,776,1000,196163,0.776,242.6899742268041,48.020624247214016,0.047725515463917526,0.0
specification/specification_0171.png,специфікація,RVL-CDIP,,762,1000,290147,0.762,233.381875328084,60.82213688514893,0.08425459317585302,0.0
specification/specification_0172.png,специфікація,RVL-CDIP,,786,1000,181562,0.786,243.57102162849873,45.4051003367448,0.044108142493638675,0.0
specification/specification_0173.png,специфікація,RVL-CDIP,,783,1000,249234,0.783,241.91230906768837,46.22718725588115,0.05000893997445722,0.0
specification/specification_0174.png,специфікація,RVL-CDIP,,781,1000,241067,0.781,244.19141613316262,42.99089898705815,0.04184122919334187,0.0
specification/specification_0175.png,специфікація,RVL-CDIP,,775,1000,234036,0.775,196.08220903225808,102.89215995900685,0.23037032258064516,0.0
specification/specification_0176.png,специфікація,RVL-CDIP,,754,1000,105460,0.754,248.98032360742707,33.34069163860241,0.023023872679045092,0.0
specification/specification_0177.png,специфікація,RVL-CDIP,,776,1000,134817,0.776,246.18521649484535,41.22567832185978,0.034345360824742266,0.0
specification/specification_0178.png,специфікація,RVL-CDIP,,778,1000,290165,0.778,238.95166323907455,52.86280876426263,0.059017994858611825,0.0
specification/specification_0179.png,специфікація,RVL-CDIP,,754,1000,138067,0.754,248.17030636604775,34.736422299989705,0.026709549071618037,0.0
specification/specification_0180.png,специфікація,RVL-CDIP,,787,1000,353831,0.787,231.51660864040662,62.42176607917123,0.08776747141041931,0.0
specification/specification_0181.png,специфікація,RVL-CDIP,,769,1000,181280,0.769,237.67713914174251,59.422376660584206,0.06683745123537062,0.0
specification/specification_0182.png,специфікація,RVL-CDIP,,783,1000,181080,0.783,246.44264878671774,39.05782131151281,0.03323627075351213,0.0
specification/specification_0183.png,специфікація,RVL-CDIP,,778,1000,159066,0.778,242.2225526992288,50.667233748197894,0.04924035989717224,0.0
specification/specification_0184.png,специфікація,RVL-CDIP,,777,1000,226561,0.777,237.42280566280567,58.68324297689478,0.06753667953667954,0.0
specification/specification_0185.png,специфікація,RVL-CDIP,,754,1000,173957,0.754,245.98987798408487,39.767317478736345,0.03475596816976127,0.0
specification/specification_0186.png,специфікація,RVL-CDIP,,776,1000,178812,0.776,244.9817731958763,43.05556375017598,0.03862757731958763,0.0
specification/specification_0187.png,специфікація,RVL-CDIP,,754,1000,139599,0.754,246.33705437665782,40.873447282504365,0.0331631299734748,0.0
specification/specification_0188.png,специфікація,RVL-CDIP,,838,1000,249155,0.838,243.0066813842482,45.80828748573572,0.046381861575179,0.0
specification/specification_0189.png,специфікація,RVL-CDIP,,754,1000,118388,0.754,248.98577188328912,32.709492643062056,0.023278514588859416,0.0
file_folder/file_folder_0000.png,файлова папка,RVL-CDIP,,840,1000,38977,0.84,253.7676130952381,15.376797839689695,0.004551190476190476,0.0
file_folder/file_folder_0001.png,файлова папка,RVL-CDIP,,778,1000,1057742,0.778,230.34905141388174,42.32431643963302,0.04446143958868894,0.0
file_folder/file_folder_0002.png,файлова папка,RVL-CDIP,,754,1000,40839,0.754,251.9662652519894,25.682089557427805,0.011716180371352785,0.0
file_folder/file_folder_0003.png,файлова папка,RVL-CDIP,,777,1000,137997,0.777,251.2854247104247,23.470850645683385,0.011041184041184041,0.0
file_folder/file_folder_0004.png,файлова папка,RVL-CDIP,,762,1000,25823,0.762,253.54090551181102,17.32881723579532,0.005097112860892389,0.0
file_folder/file_folder_0005.png,файлова папка,RVL-CDIP,,754,1000,185103,0.754,238.78159151193634,57.10436283938403,0.061553050397877986,0.0
file_folder/file_folder_0006.png,файлова папка,RVL-CDIP,,754,1000,40537,0.754,253.47233554376658,16.886534625374992,0.005791777188328912,0.0
file_folder/file_folder_0007.png,файлова папка,RVL-CDIP,,754,1000,1031775,0.754,172.6244403183024,97.20019420419884,0.3137161803713528,0.0
file_folder/file_folder_0008.png,файлова папка,RVL-CDIP,,798,1000,622089,0.798,211.50155137844612,80.18623123265917,0.17167042606516292,0.0
file_folder/file_folder_0009.png,файлова папка,RVL-CDIP,,754,1000,16667,0.754,254.5329774535809,9.263865227846525,0.0017440318302387268,0.0
file_folder/file_folder_0010.png,файлова папка,RVL-CDIP,,777,1000,1004707,0.777,217.92454182754182,64.08315048495258,0.1151081081081081,0.0
file_folder/file_folder_0011.png,файлова папка,RVL-CDIP,,767,1000,41290,0.767,195.64492307692308,107.21575451797415,0.23284093872229467,0.0
file_folder/file_folder_0012.png,файлова папка,RVL-CDIP,,789,1000,128768,0.789,188.6553485424588,110.13819350757359,0.25827503168567806,0.0
file_folder/file_folder_0013.png,файлова папка,RVL-CDIP,,780,1000,23813,0.78,254.20462820512822,12.003453952294125,0.0031205128205128206,0.0
file_folder/file_folder_0014.png,файлова папка,RVL-CDIP,,703,1000,15761,0.703,254.60051778093884,8.455766843049926,0.001465149359886202,0.0
file_folder/file_folder_0015.png,файлова папка,RVL-CDIP,,762,1000,23420,0.762,241.78123622047244,55.57172488753338,0.051545931758530186,0.0
file_folder/file_folder_0016.png,файлова папка,RVL-CDIP,,777,1000,85803,0.777,73.99803474903474,114.74758491806718,0.7118635778635779,0.0
file_folder/file_folder_0017.png,файлова папка,RVL-CDIP,,739,1000,155324,0.739,180.6041745602165,113.64190810421253,0.2899959404600812,0.0
file_folder/file_folder_0018.png,файлова папка,RVL-CDIP,,762,1000,32417,0.762,197.58800787401574,106.04850817732003,0.22514041994750655,0.0
file_folder/file_folder_0019.png,файлова папка,RVL-CDIP,,777,1000,18892,0.777,253.91690347490348,15.242028057048094,0.004221364221364221,0.0
file_folder/file_folder_0020.png,файлова папка,RVL-CDIP,,754,1000,25907,0.754,254.04786870026524,12.913905962497351,0.0035689655172413794,0.0
file_folder/file_folder_0021.png,файлова папка,RVL-CDIP,,754,1000,34351,0.754,231.0178673740053,73.78200756938746,0.09388859416445623,0.0
file_folder/file_folder_0022.png,файлова папка,RVL-CDIP,,867,1000,24277,0.867,254.24031718569782,11.699531320415632,0.0027831603229527104,0.0
file_folder/file_folder_0023.png,файлова папка,RVL-CDIP,,777,1000,42080,0.777,253.5346833976834,16.358629558306195,0.005464607464607464,0.0
file_folder/file_folder_0024.png,файлова папка,RVL-CDIP,,741,1000,462038,0.741,229.38104858299596,63.477604509874816,0.08707557354925775,0.0
file_folder/file_folder_0025.png,файлова папка,RVL-CDIP,,754,1000,1154625,0.754,141.84398408488065,86.62070362008728,0.48199336870026527,0.0
file_folder/file_folder_0026.png,файлова папка,RVL-CDIP,,777,1000,284988,0.777,47.58350579150579,94.11477816746543,0.8148957528957529,0.0
file_folder/file_folder_0027.png,файлова папка,RVL-CDIP,,777,1000,32369,0.777,254.27755855855855,10.769957732535406,0.002348777348777349,0.0
file_folder/file_folder_0028.png,файлова папка,RVL-CDIP,,777,1000,76449,0.777,251.36444787644788,26.875698407210553,0.013597168597168597,0.0
file_folder/file_folder_0029.png,файлова папка,RVL-CDIP,,777,1000,546026,0.777,111.04564864864865,118.72050469101872,0.5767953667953668,0.0
file_folder/file_folder_0030.png,файлова папка,RVL-CDIP,,777,1000,27697,0.777,249.86576705276704,34.901944288343145,0.019930501930501932,0.0
file_folder/file_folder_0031.png,файлова папка,RVL-CDIP,,762,1000,764296,0.762,87.43129790026246,106.64254445527598,0.6708136482939633,0.0
file_folder/file_folder_0032.png,файлова папка,RVL-CDIP,,754,1000,25940,0.754,254.07820159151194,12.574229831837423,0.0032824933687002652,0.0
file_folder/file_folder_0033.png,файлова папка,RVL-CDIP,,777,1000,38374,0.777,170.15172200772201,119.65819773610033,0.33332432432432435,0.0
file_folder/file_folder_0034.png,файлова папка,RVL-CDIP,,754,1000,150492,0.754,69.8033023872679,111.77238658491348,0.723974801061008,0.0
file_folder/file_folder_0035.png,файлова папка,RVL-CDIP,,764,1000,37347,0.764,43.60802879581152,95.40825344037943,0.8287801047120419,0.0
file_folder/file_folder_0036.png,файлова папка,RVL-CDIP,,762,1000,580072,0.762,105.98869816272966,115.88711357498256,0.607510498687664,0.0
file_folder/file_folder_0037.png,файлова папка,RVL-CDIP,,762,1000,1257728,0.762,171.43805643044618,90.22989785795025,0.3266758530183727,0.0
file_folder/file_folder_0038.png,файлова папка,RVL-CDIP,,754,1000,22742,0.754,254.50903315649867,8.590338975100076,0.0016273209549071618,0.0
file_folder/file_folder_0039.png,файлова папка,RVL-CDIP,,776,1000,129571,0.776,138.90832087628866,122.8567622655394,0.45240335051546393,0.0
file_folder/file_folder_0040.png,файлова папка,RVL-CDIP,,772,1000,141952,0.772,248.37252331606217,35.16803086288415,0.02340025906735751,0.0
file_folder/file_folder_0041.png,файлова папка,RVL-CDIP,,795,1000,61983,0.795,250.6159710691824,30.78732659736794,0.017070440251572328,0.0
file_folder/file_folder_0042.png,файлова папка,RVL-CDIP,,777,1000,18037,0.777,253.60076705276705,17.773390097295067,0.005423423423423423,0.0
file_folder/file_folder_0043.png,файлова папка,RVL-CDIP,,777,1000,294531,0.777,237.41259073359075,55.961951468205605,0.06520592020592021,0.0
file_folder/file_folder_0044.png,файлова папка,RVL-CDIP,,754,1000,90457,0.754,91.260649867374,121.19498467751669,0.6440636604774536,0.0
file_folder/file_folder_0045.png,файлова папка,RVL-CDIP,,777,1000,49740,0.777,253.1428108108108,18.78770221087361,0.006662805662805663,0.0
file_folder/file_folder_0046.png,файлова папка,RVL-CDIP,,799,1000,122140,0.799,147.12893867334168,124.75927942583495,0.4257909887359199,0.0
file_folder/file_folder_0047.png,файлова папка,RVL-CDIP,,754,1000,24827,0.754,254.1485570291777,12.47610075144776,0.0030636604774535807,0.0
file_folder/file_folder_0048.png,файлова папка,RVL-CDIP,,777,1000,36917,0.777,226.0363951093951,80.33930469416707,0.1131081081081081,0.0
file_folder/file_folder_0049.png,файлова папка,RVL-CDIP,,754,1000,53310,0.754,61.23982228116711,108.21895683243046,0.7594575596816976,0.0
file_folder/file_folder_0050.png,файлова папка,RVL-CDIP,,762,1000,19532,0.762,101.06687926509187,124.43152078325751,0.6032559055118111,0.0
file_folder/file_folder_0051.png,файлова папка,RVL-CDIP,,777,1000,26009,0.777,91.77014157014158,122.08286923952933,0.6401557271557271,0.0
file_folder/file_folder_0052.png,файлова папка,RVL-CDIP,,713,1000,30091,0.713,253.81361290322582,15.311500791369122,0.004509116409537167,0.0
file_folder/file_folder_0053.png,файлова папка,RVL-CDIP,,762,1000,21615,0.762,253.49038320209974,18.103264939796162,0.005717847769028872,0.0
file_folder/file_folder_0054.png,файлова папка,RVL-CDIP,,757,1000,27501,0.757,253.98745442536327,14.143303182322857,0.0038031704095112286,0.0
file_folder/file_folder_0055.png,файлова папка,RVL-CDIP,,762,1000,71067,0.762,60.308699475065616,107.33134663758905,0.76398687664042,0.0
file_folder/file_folder_0056.png,файлова папка,RVL-CDIP,,779,1000,34314,0.779,254.01753915275995,12.9042080170605,0.0037817715019255456,0.0
file_folder/file_folder_0057.png,файлова папка,RVL-CDIP,,754,1000,31182,0.754,236.08289124668434,65.98826721628878,0.07441379310344827,0.0
file_folder/file_folder_0058.png,файлова папка,RVL-CDIP,,762,1000,41976,0.762,77.50400524934383,116.67116376283498,0.6958307086614173,0.0
file_folder/file_folder_0059.png,файлова папка,RVL-CDIP,,754,1000,23212,0.754,254.60497612732095,7.667977172103275,0.0011140583554376659,0.0
file_folder/file_folder_0060.png,файлова папка,RVL-CDIP,,762,1000,42176,0.762,92.28607086614173,121.77075275472215,0.6373543307086614,0.0
file_folder/file_folder_0061.png,файлова папка,RVL-CDIP,,762,1000,441627,0.762,102.5762034120735,117.4807439244406,0.607240157480315,0.0
file_folder/file_folder_0062.png,файлова папка,RVL-CDIP,,790,1000,36058,0.79,238.31031898734176,61.48961882826306,0.06507341772151899,0.0
file_folder/file_folder_0063.png,файлова папка,RVL-CDIP,,754,1000,28956,0.754,254.36017108753316,10.306538169644895,0.0021114058355437668,0.0
file_folder/file_folder_0064.png,файлова папка,RVL-CDIP,,754,1000,30811,0.754,246.1502294429708,44.99401572440899,0.03494297082228117,0.0
file_folder/file_folder_0065.png,файлова папка,RVL-CDIP,,754,1000,44098,0.754,253.00034748010611,19.798318522664516,0.007570291777188329,0.0
file_folder/file_folder_0066.png,файлова папка,RVL-CDIP,,754,1000,24058,0.754,253.63670159151192,16.54325275993576,0.004958885941644562,0.0
file_folder/file_folder_0067.png,файлова папка,RVL-CDIP,,773,1000,45371,0.773,242.2512147477361,53.943515639116164,0.04984217335058215,0.0
file_folder/file_folder_0068.png,файлова папка,RVL-CDIP,,754,1000,16997,0.754,254.40696153846153,9.960318700684748,0.0021180371352785147,0.0
file_folder/file_folder_0069.png,файлова папка,RVL-CDIP,,762,1000,524964,0.762,229.6218031496063,61.09788079801539,0.08982283464566929,0.0
file_folder/file_folder_0070.png,файлова папка,RVL-CDIP,,795,1000,444687,0.795,221.13378867924527,76.41673707782054,0.13263522012578616,0.0
file_folder/file_folder_0071.png,файлова папка,RVL-CDIP,,772,1000,62495,0.772,251.3849261658031,27.1192139595657,0.013963730569948186,0.0
file_folder/file_folder_0072.png,файлова папка,RVL-CDIP,,720,1000,458775,0.72,235.43127222222222,53.535912830581985,0.0688375,0.0
file_folder/file_folder_0073.png,файлова папка,RVL-CDIP,,774,1000,1132021,0.774,216.78260981912146,63.75593078688057,0.11226614987080104,0.0
file_folder/file_folder_0074.png,файлова папка,RVL-CDIP,,813,1000,47088,0.813,246.81431119311193,43.2552233262672,0.03229520295202952,0.0
file_folder/file_folder_0075.png,файлова папка,RVL-CDIP,,762,1000,19189,0.762,252.88575065616797,21.563692317238388,0.007929133858267717,0.0
file_folder/file_folder_0076.png,файлова папка,RVL-CDIP,,754,1000,25372,0.754,254.1281100795756,12.008694363976671,0.003037135278514589,0.0
file_folder/file_folder_0077.png,файлова папка,RVL-CDIP,,785,1000,77866,0.785,250.87633248407644,28.798182654117262,0.01538343949044586,0.0
file_folder/file_folder_0078.png,файлова папка,RVL-CDIP,,775,1000,26329,0.775,254.2388929032258,11.549780776587925,0.0028567741935483872,0.0
file_folder/file_folder_0079.png,файлова папка,RVL-CDIP,,803,1000,42537,0.803,253.82702366127023,13.70636731920985,0.004041095890410959,0.0
file_folder/file_folder_0080.png,файлова папка,RVL-CDIP,,754,1000,80064,0.754,99.50372281167108,123.54919527023704,0.6105371352785146,0.0
file_folder/file_folder_0081.png,файлова папка,RVL-CDIP,,730,1000,42934,0.73,253.17373561643836,18.4351611126849,0.00705068493150685,0.0
file_folder/file_folder_0082.png,файлова папка,RVL-CDIP,,762,1000,64582,0.762,249.19569816272966,34.89676637281701,0.022090551181102362,0.0
file_folder/file_folder_0083.png,файлова папка,RVL-CDIP,,754,1000,26273,0.754,220.81900132625995,85.74557718847426,0.13395888594164457,0.0
file_folder/file_folder_0084.png,файлова папка,RVL-CDIP,,764,1000,35851,0.764,254.26642408376964,11.067122427978275,0.0022591623036649217,0.0
file_folder/file_folder_0085.png,файлова папка,RVL-CDIP,,802,1000,52341,0.802,253.70681047381547,14.334467468569295,0.0042817955112219456,0.0
file_folder/file_folder_0086.png,файлова папка,RVL-CDIP,,762,1000,785705,0.762,177.4277244094488,102.1164218472459,0.3039763779527559,0.0
file_folder/file_folder_0087.png,файлова папка,RVL-CDIP,,754,1000,58458,0.754,247.07117904509283,41.35892423546449,0.031538461538461536,0.0
file_folder/file_folder_0088.png,файлова папка,RVL-CDIP,,864,1000,1467652,0.864,202.12730324074073,65.50807142024341,0.14278472222222222,0.0
file_folder/file_folder_0089.png,файлова папка,RVL-CDIP,,754,1000,32638,0.754,197.9926379310345,105.67127284501629,0.22357824933687004,0.0
file_folder/file_folder_0090.png,файлова папка,RVL-CDIP,,754,1000,10214,0.754,254.8211074270557,5.468237326896164,0.0006286472148541114,0.0
file_folder/file_folder_0091.png,файлова папка,RVL-CDIP,,754,1000,32071,0.754,233.12399867374006,70.76277130931211,0.08559681697612732,0.0
file_folder/file_folder_0092.png,файлова папка,RVL-CDIP,,784,1000,25970,0.784,252.4034693877551,23.219337103250144,0.009411989795918367,0.0
file_folder/file_folder_0093.png,файлова папка,RVL-CDIP,,762,1000,206544,0.762,76.03560892388451,113.23500858976763,0.7094816272965879,0.0
file_folder/file_folder_0094.png,файлова папка,RVL-CDIP,,770,1000,45422,0.77,253.24290909090908,18.395461547978737,0.00662987012987013,0.0
file_folder/file_folder_0095.png,файлова папка,RVL-CDIP,,731,1000,112716,0.731,45.07951983584131,95.03623561648726,0.8215294117647058,0.0
file_folder/file_folder_0096.png,файлова папка,RVL-CDIP,,781,1000,20788,0.781,253.47199871959026,18.55390153102699,0.005985915492957746,0.0
file_folder/file_folder_0097.png,файлова папка,RVL-CDIP,,754,1000,33792,0.754,215.05215384615386,92.08630006296634,0.15674535809018567,0.0
file_folder/file_folder_0098.png,файлова папка,RVL-CDIP,,847,1000,543751,0.847,239.92687131050766,44.57677730459004,0.046244391971664696,0.0
file_folder/file_folder_0099.png,файлова папка,RVL-CDIP,,782,1000,243815,0.782,249.84861764705883,24.520053909836207,0.011900255754475703,0.0
file_folder/file_folder_0100.png,файлова папка,RVL-CDIP,,754,1000,34270,0.754,248.78149602122016,38.354774308352795,0.02446684350132626,0.0
file_folder/file_folder_0101.png,файлова папка,RVL-CDIP,,778,1000,758372,0.778,159.89065167095114,110.85474728393498,0.38545372750642676,0.0
file_folder/file_folder_0102.png,файлова папка,RVL-CDIP,,762,1000,74934,0.762,117.73607611548556,126.23132742696326,0.5401784776902887,0.0
file_folder/file_folder_0103.png,файлова папка,RVL-CDIP,,772,1000,36197,0.772,252.17185621761658,24.590170071496654,0.011264248704663212,0.0
file_folder/file_folder_0104.png,файлова папка,RVL-CDIP,,754,1000,49405,0.754,252.8568368700265,20.716078894004518,0.00796419098143236,0.0
file_folder/file_folder_0105.png,файлова папка,RVL-CDIP,,754,1000,24880,0.754,253.58238063660477,17.460615740141492,0.005387267904509284,0.0
file_folder/file_folder_0106.png,файлова папка,RVL-CDIP,,786,1000,248430,0.786,251.61241603053435,17.223092708120586,0.004782442748091603,0.0
file_folder/file_folder_0107.png,файлова папка,RVL-CDIP,,754,1000,180827,0.754,251.967449602122,19.146049315650668,0.006419098143236074,0.0
file_folder/file_folder_0108.png,файлова папка,RVL-CDIP,,787,1000,15508,0.787,254.23776111817025,12.761816688991358,0.0029301143583227445,0.0
file_folder/file_folder_0109.png,файлова папка,RVL-CDIP,,777,1000,88935,0.777,252.08310296010296,22.65562399341997,0.010020592020592021,0.0
file_folder/file_folder_0110.png,файлова папка,RVL-CDIP,,754,1000,1277085,0.754,146.1592055702918,97.01298351541672,0.46019893899204245,0.0
file_folder/file_folder_0111.png,файлова папка,RVL-CDIP,,777,1000,24881,0.777,80.09018532818533,117.98799450495612,0.685911196911197,0.0
file_folder/file_folder_0112.png,файлова папка,RVL-CDIP,,777,1000,21604,0.777,254.0063178893179,13.762273145940556,0.0036177606177606176,0.0
file_folder/file_folder_0113.png,файлова папка,RVL-CDIP,,754,1000,20080,0.754,253.52166445623342,17.782121759192943,0.006019893899204244,0.0
file_folder/file_folder_0114.png,файлова папка,RVL-CDIP,,754,1000,21621,0.754,250.41922413793102,31.951469506770266,0.018657824933687003,0.0
file_folder/file_folder_0115.png,файлова папка,RVL-CDIP,,772,1000,22456,0.772,253.8689585492228,15.166745534460915,0.004613989637305699,0.0
file_folder/file_folder_0116.png,файлова папка,RVL-CDIP,,728,1000,16150,0.728,254.47987774725274,10.139520061273434,0.0020041208791208793,0.0
file_folder/file_folder_0117.png,файлова папка,RVL-CDIP,,771,1000,60683,0.771,244.37409208819716,49.37784032106229,0.041085603112840464,0.0
file_folder/file_folder_0118.png,файлова папка,RVL-CDIP,,777,1000,33042,0.777,37.64607335907336,89.95327383361087,0.8524749034749035,0.0
file_folder/file_folder_0119.png,файлова папка,RVL-CDIP,,754,1000,238241,0.754,245.37614854111405,35.91067407157679,0.030535809018567638,0.0
file_folder/file_folder_0120.png,файлова папка,RVL-CDIP,,754,1000,52439,0.754,235.11394827586207,67.33091923887348,0.0780344827586207,0.0
file_folder/file_folder_0121.png,файлова папка,RVL-CDIP,,782,1000,115287,0.782,252.59046035805628,18.56043315270965,0.006709718670076727,0.0
file_folder/file_folder_0122.png,файлова папка,RVL-CDIP,,754,1000,45949,0.754,253.44076923076923,16.292683373335862,0.005779840848806366,0.0
file_folder/file_folder_0123.png,файлова папка,RVL-CDIP,,777,1000,296525,0.777,246.4118906048906,35.07468677601995,0.023764478764478764,0.0
file_folder/file_folder_0124.png,файлова папка,RVL-CDIP,,787,1000,54186,0.787,253.62521473951716,15.204290708799897,0.004612452350698857,0.0
file_folder/file_folder_0125.png,файлова папка,RVL-CDIP,,754,1000,34364,0.754,253.1170119363395,19.537944222465573,0.007278514588859417,0.0
file_folder/file_folder_0126.png,файлова папка,RVL-CDIP,,779,1000,16810,0.779,91.90054685494223,122.0527472883147,0.6405173299101412,0.0
file_folder/file_folder_0127.png,файлова папка,RVL-CDIP,,754,1000,20815,0.754,254.17736206896552,12.799350126135286,0.003086206896551724,0.0
file_folder/file_folder_0128.png,файлова папка,RVL-CDIP,,754,1000,23286,0.754,254.0197771883289,14.443688106027532,0.0036392572944297084,0.0
file_folder/file_folder_0129.png,файлова папка,RVL-CDIP,,777,1000,39124,0.777,253.39766924066925,17.619555780975645,0.0058931788931788935,0.0
file_folder/file_folder_0130.png,файлова папка,RVL-CDIP,,754,1000,67102,0.754,100.79857692307692,120.62077618543572,0.6094880636604775,0.0
file_folder/file_folder_0131.png,файлова папка,RVL-CDIP,,797,1000,48054,0.797,246.70705269761606,43.837237139744076,0.031928481806775405,0.0
file_folder/file_folder_0132.png,файлова папка,RVL-CDIP,,754,1000,114802,0.754,251.2262599469496,21.786963165987316,0.010525198938992042,0.0
file_folder/file_folder_0133.png,файлова папка,RVL-CDIP,,754,1000,25474,0.754,254.1011724137931,13.032799276474858,0.0034429708222811673,0.0
file_folder/file_folder_0134.png,файлова папка,RVL-CDIP,,762,1000,583866,0.762,98.28226509186352,113.02486159930159,0.6229370078740157,0.0
file_folder/file_folder_0135.png,файлова папка,RVL-CDIP,,779,1000,161640,0.779,249.96183825417202,28.983297069542225,0.016878048780487806,0.0
file_folder/file_folder_0136.png,файлова папка,RVL-CDIP,,773,1000,16128,0.773,254.6477063389392,7.764894907723698,0.001261319534282018,0.0
file_folder/file_folder_0137.png,файлова папка,RVL-CDIP,,754,1000,49814,0.754,253.99686074270556,11.255331396277224,0.002763925729442971,0.0
file_folder/file_folder_0138.png,файлова папка,RVL-CDIP,,754,1000,35664,0.754,249.2167718832891,35.61736569980416,0.02313395225464191,0.0
file_folder/file_folder_0139.png,файлова папка,RVL-CDIP,,612,1000,31252,0.612,254.2946911764706,10.081424154992355,0.0020245098039215685,0.0
file_folder/file_folder_0140.png,файлова папка,RVL-CDIP,,762,1000,20642,0.762,251.53991207349083,28.077463295036697,0.01358005249343832,0.0
file_folder/file_folder_0141.png,файлова папка,RVL-CDIP,,762,1000,1007295,0.762,132.88622047244095,107.09607568404418,0.4864251968503937,0.0
file_folder/file_folder_0142.png,файлова папка,RVL-CDIP,,772,1000,46092,0.772,103.10708678756477,124.68040024277961,0.5960440414507772,0.0
file_folder/file_folder_0143.png,файлова папка,RVL-CDIP,,768,1000,33116,0.768,195.51428255208333,107.38215018717594,0.23332291666666666,0.0
file_folder/file_folder_0144.png,файлова папка,RVL-CDIP,,729,1000,48581,0.729,222.97992043895746,83.43676151176514,0.12522633744855968,0.0
file_folder/file_folder_0145.png,файлова папка,RVL-CDIP,,796,1000,124291,0.796,194.6902336683417,107.03122503624573,0.2348957286432161,0.0
file_folder/file_folder_0146.png,файлова папка,RVL-CDIP,,786,1000,66329,0.786,249.58054452926208,33.86348992997974,0.019563613231552163,0.0
file_folder/file_folder_0147.png,файлова папка,RVL-CDIP,,777,1000,90884,0.777,248.55448519948519,37.18715581684842,0.024503217503217503,0.0
file_folder/file_folder_0148.png,файлова папка,RVL-CDIP,,777,1000,71460,0.777,252.4323268983269,21.348972577913898,0.008913770913770915,0.0
file_folder/file_folder_0149.png,файлова папка,RVL-CDIP,,754,1000,19896,0.754,254.62246419098145,7.639705188037268,0.0012374005305039787,0.0
file_folder/file_folder_0150.png,файлова папка,RVL-CDIP,,777,1000,29641,0.777,254.02916087516087,13.611058475927692,0.0035122265122265123,0.0
file_folder/file_folder_0151.png,файлова папка,RVL-CDIP,,779,1000,128193,0.779,253.57958536585366,12.033403441684229,0.0022849807445442876,0.0
file_folder/file_folder_0152.png,файлова папка,RVL-CDIP,,762,1000,179022,0.762,66.62396456692913,108.93245784863034,0.7414632545931759,0.0
file_folder/file_folder_0153.png,файлова папка,RVL-CDIP,,778,1000,35813,0.778,253.45921850899742,17.37475867986707,0.006118251928020566,0.0
file_folder/file_folder_0154.png,файлова папка,RVL-CDIP,,762,1000,389559,0.762,241.78075459317586,42.09289079017541,0.03664829396325459,0.0
file_folder/file_folder_0155.png,файлова папка,RVL-CDIP,,762,1000,77403,0.762,63.46984514435695,109.06260266772674,0.7513228346456693,0.0
file_folder/file_folder_0156.png,файлова папка,RVL-CDIP,,754,1000,643274,0.754,184.60955968169762,88.20299756340209,0.2633023872679045,0.0
file_folder/file_folder_0157.png,файлова папка,RVL-CDIP,,754,1000,31338,0.754,254.0961021220159,12.27195263237769,0.0030954907161803713,0.0
file_folder/file_folder_0158.png,файлова папка,RVL-CDIP,,762,1000,891112,0.762,210.7384212598425,73.80457927328801,0.15439107611548555,0.0
file_folder/file_folder_0159.png,файлова папка,RVL-CDIP,,762,1000,45248,0.762,93.16183858267716,122.04913837073809,0.6344606299212598,0.0
file_folder/file_folder_0160.png,файлова папка,RVL-CDIP,,762,1000,12555,0.762,253.56057611548556,17.147513377999395,0.005296587926509186,0.0
file_folder/file_folder_0161.png,файлова папка,RVL-CDIP,,754,1000,27758,0.754,252.61020689655172,22.749892069809103,0.008828912466843501,0.0
file_folder/file_folder_0162.png,файлова папка,RVL-CDIP,,754,1000,49379,0.754,251.8713275862069,25.556554888845767,0.01223076923076923,0.0
file_folder/file_folder_0163.png,файлова папка,RVL-CDIP,,777,1000,29675,0.777,253.18787644787645,19.81190689512965,0.007014157014157014,0.0
file_folder/file_folder_0164.png,файлова папка,RVL-CDIP,,754,1000,59601,0.754,129.84585411140583,126.91976137664477,0.49137533156498675,0.0
file_folder/file_folder_0165.png,файлова папка,RVL-CDIP,,754,1000,24870,0.754,179.39948275862068,116.17466950792772,0.2965450928381963,0.0
file_folder/file_folder_0166.png,файлова папка,RVL-CDIP,,765,1000,37644,0.765,253.4886732026144,17.607525198025012,0.005788235294117647,0.0
file_folder/file_folder_0167.png,файлова папка,RVL-CDIP,,778,1000,37858,0.778,253.3382583547558,18.107430665219205,0.00632133676092545,0.0
file_folder/file_folder_0168.png,файлова папка,RVL-CDIP,,784,1000,37319,0.784,252.69720280612245,22.09359298188449,0.00882780612244898,0.0
file_folder/file_folder_0169.png,файлова папка,RVL-CDIP,,772,1000,19194,0.772,254.05941191709846,13.365615879587704,0.0033976683937823834,0.0
file_folder/file_folder_0170.png,файлова папка,RVL-CDIP,,754,1000,26317,0.754,252.92411140583553,20.790399413305582,0.008011936339522546,0.0
file_folder/file_folder_0171.png,файлова папка,RVL-CDIP,,754,1000,17096,0.754,254.52492572944297,8.50128930351568,0.0015596816976127322,0.0
file_folder/file_folder_0172.png,файлова папка,RVL-CDIP,,800,1000,203332,0.8,41.50678875,90.70925832798366,0.84056375,0.0
file_folder/file_folder_0173.png,файлова папка,RVL-CDIP,,781,1000,56551,0.781,240.1768309859155,58.307565520021186,0.05743661971830986,0.0
file_folder/file_folder_0174.png,файлова папка,RVL-CDIP,,798,1000,24786,0.798,253.1878045112782,20.21809972606757,0.007155388471177945,0.0
file_folder/file_folder_0175.png,файлова папка,RVL-CDIP,,762,1000,118903,0.762,243.66254593175853,47.52399207678747,0.0438503937007874,0.0
file_folder/file_folder_0176.png,файлова папка,RVL-CDIP,,754,1000,43123,0.754,203.89050928381963,101.55204253656376,0.20086206896551725,0.0
file_folder/file_folder_0177.png,файлова папка,RVL-CDIP,,777,1000,627350,0.777,228.20056241956243,64.67504066792668,0.08323166023166023,0.0
file_folder/file_folder_0178.png,файлова папка,RVL-CDIP,,754,1000,41919,0.754,253.7894694960212,14.038073389646506,0.0044681697612732095,0.0
file_folder/file_folder_0179.png,файлова папка,RVL-CDIP,,772,1000,56478,0.772,247.60619041450778,41.159001631547284,0.029474093264248706,0.0
file_folder/file_folder_0180.png,файлова папка,RVL-CDIP,,762,1000,595921,0.762,236.034156167979,45.88056118920058,0.04520997375328084,0.0
file_folder/file_folder_0181.png,файлова папка,RVL-CDIP,,786,1000,119159,0.786,246.17954198473282,41.293035397138176,0.03383715012722646,0.0
file_folder/file_folder_0182.png,файлова папка,RVL-CDIP,,762,1000,15654,0.762,245.47590157480315,47.65907530193995,0.03708792650918635,0.0
file_folder/file_folder_0183.png,файлова папка,RVL-CDIP,,754,1000,1095557,0.754,143.81491644562334,103.57584289213054,0.4574429708222812,0.0
file_folder/file_folder_0184.png,файлова папка,RVL-CDIP,,762,1000,26432,0.762,253.01501443569555,20.182816006897937,0.007513123359580052,0.0
file_folder/file_folder_0185.png,файлова папка,RVL-CDIP,,777,1000,38347,0.777,55.8118018018018,104.91995795642119,0.7811827541827542,0.0
file_folder/file_folder_0186.png,файлова папка,RVL-CDIP,,754,1000,59240,0.754,103.56644164456233,123.51655691522578,0.5975636604774536,0.0
file_folder/file_folder_0187.png,файлова папка,RVL-CDIP,,754,1000,41930,0.754,254.19075331564986,10.18003769881165,0.0018992042440318302,0.0
file_folder/file_folder_0188.png,файлова папка,RVL-CDIP,,802,1000,41793,0.802,253.689391521197,14.97614324559386,0.004814214463840399,0.0
file_folder/file_folder_0189.png,файлова папка,RVL-CDIP,,762,1000,21361,0.762,254.2845721784777,11.134047604108948,0.002694225721784777,0.0
news_article/news_article_0000.png,новинна стаття,RVL-CDIP,,754,1000,167811,0.754,247.21032891246685,35.95304907620354,0.029254641909814322,0.0
news_article/news_article_0001.png,новинна стаття,RVL-CDIP,,754,1000,468628,0.754,231.29738196286473,58.39467213478844,0.09061671087533156,0.0
news_article/news_article_0002.png,новинна стаття,RVL-CDIP,,777,1000,903610,0.777,185.88760746460747,96.7176996645756,0.26513513513513515,0.0
news_article/news_article_0003.png,новинна стаття,RVL-CDIP,,754,1000,324050,0.754,239.49453846153847,49.099881305120306,0.060145888594164455,0.0
news_article/news_article_0004.png,новинна стаття,RVL-CDIP,,754,1000,520018,0.754,179.9088978779841,106.57962388246904,0.2929151193633952,0.0
news_article/news_article_0005.png,новинна стаття,RVL-CDIP,,786,1000,148915,0.786,248.92216539440204,31.1945786670029,0.023463104325699747,0.0
news_article/news_article_0006.png,новинна стаття,RVL-CDIP,,754,1000,70924,0.754,243.0490026525199,51.80086456384996,0.04748408488063661,0.0
news_article/news_article_0007.png,новинна стаття,RVL-CDIP,,777,1000,384963,0.777,236.41169755469755,54.90440628444842,0.07094465894465894,0.0
news_article/news_article_0008.png,новинна стаття,RVL-CDIP,,754,1000,380588,0.754,234.07185809018569,57.698797959896844,0.08107029177718833,0.0
news_article/news_article_0009.png,новинна стаття,RVL-CDIP,,777,1000,313512,0.777,238.1479703989704,53.99967034075597,0.06494851994851995,0.0
news_article/news_article_0010.png,новинна стаття,RVL-CDIP,,754,1000,620099,0.754,220.56826923076923,71.25108408911727,0.12645623342175066,0.0
news_article/news_article_0011.png,новинна стаття,RVL-CDIP,,786,1000,281873,0.786,225.82115521628498,74.90789179872228,0.11364631043256998,0.0
news_article/news_article_0012.png,новинна стаття,RVL-CDIP,,780,1000,519484,0.78,224.3712064102564,70.01484550935193,0.11794102564102564,0.0
news_article/news_article_0013.png,новинна стаття,RVL-CDIP,,781,1000,383662,0.781,226.34982586427657,70.92543462083302,0.11060179257362356,0.0
news_article/news_article_0014.png,новинна стаття,RVL-CDIP,,754,1000,260755,0.754,241.38103183023873,47.93088597824437,0.052875331564986736,0.0
news_article/news_article_0015.png,новинна стаття,RVL-CDIP,,754,1000,203596,0.754,245.22523740053052,39.99924842061658,0.03671618037135278,0.0
news_article/news_article_0016.png,новинна стаття,RVL-CDIP,,754,1000,213703,0.754,244.09192175066312,42.89190948416869,0.04181034482758621,0.0
news_article/news_article_0017.png,новинна стаття,RVL-CDIP,,773,1000,270760,0.773,237.8745834411384,55.673888708101785,0.06621604139715395,0.0
news_article/news_article_0018.png,новинна стаття,RVL-CDIP,,754,1000,206424,0.754,239.39623607427055,54.38910933707295,0.06083819628647215,0.0
news_article/news_article_0019.png,новинна стаття,RVL-CDIP,,754,1000,202398,0.754,244.38987400530505,43.660286899036066,0.039846153846153844,0.0
news_article/news_article_0020.png,новинна стаття,RVL-CDIP,,787,1000,417700,0.787,235.06483481575603,56.56748511336016,0.07593900889453621,0.0
news_article/news_article_0021.png,новинна стаття,RVL-CDIP,,778,1000,222139,0.778,244.34689203084832,43.85974878052963,0.039457583547557844,0.0
news_article/news_article_0022.png,новинна стаття,RVL-CDIP,,754,1000,183805,0.754,246.1728899204244,37.828343710176604,0.0326631299734748,0.0
news_article/news_article_0023.png,новинна стаття,RVL-CDIP,,611,1000,286449,0.611,213.1205875613748,87.33439693182335,0.15878396072013093,0.0
news_article/news_article_0024.png,новинна стаття,RVL-CDIP,,754,1000,468508,0.754,216.80695888594164,79.57296914249308,0.15591909814323607,0.0
news_article/news_article_0025.png,новинна стаття,RVL-CDIP,,777,1000,401178,0.777,234.04261776061776,58.52572757870751,0.08057915057915058,0.0
news_article/news_article_0026.png,новинна стаття,RVL-CDIP,,754,1000,261563,0.754,239.42818435013263,52.825911238854665,0.06014058355437666,0.0
news_article/news_article_0027.png,новинна стаття,RVL-CDIP,,754,1000,296786,0.754,232.93648541114058,63.394262351205754,0.08561405835543767,0.0
news_article/news_article_0028.png,новинна стаття,RVL-CDIP,,754,1000,205738,0.754,242.1737824933687,48.03116300146858,0.04979973474801061,0.0
news_article/news_article_0029.png,новинна стаття,RVL-CDIP,,754,1000,282933,0.754,237.25322679045092,56.420283963354855,0.0693448275862069,0.0
news_article/news_article_0030.png,новинна стаття,RVL-CDIP,,754,1000,687823,0.754,214.15648541114058,75.9282306693719,0.15126923076923077,0.0
news_article/news_article_0031.png,новинна стаття,RVL-CDIP,,754,1000,267730,0.754,238.0876525198939,54.536786784625676,0.06587665782493368,0.0
news_article/news_article_0032.png,новинна стаття,RVL-CDIP,,796,1000,273970,0.796,233.01464572864322,64.28742145131825,0.08638819095477387,0.0
news_article/news_article_0033.png,новинна стаття,RVL-CDIP,,777,1000,332143,0.777,236.33056756756756,56.3554863768772,0.0713037323037323,0.0
news_article/news_article_0034.png,новинна стаття,RVL-CDIP,,754,1000,462760,0.754,210.48340053050399,87.30834110997291,0.17836870026525198,0.0
news_article/news_article_0035.png,новинна стаття,RVL-CDIP,,783,1000,355831,0.783,229.70448275862068,66.52658948793287,0.09752745849297574,0.0
news_article/news_article_0036.png,новинна стаття,RVL-CDIP,,782,1000,255684,0.782,243.43590153452686,44.540590084147006,0.043850383631713556,0.0
news_article/news_article_0037.png,новинна стаття,RVL-CDIP,,787,1000,429053,0.787,177.57894409148665,110.2055118646066,0.3024726810673444,0.0
news_article/news_article_0038.png,новинна стаття,RVL-CDIP,,754,1000,536855,0.754,219.46400132625996,73.35082415597483,0.13657957559681697,0.0
news_article/news_article_0039.png,новинна стаття,RVL-CDIP,,763,1000,365299,0.763,192.67515596330276,103.03757453471987,0.24717038007863695,0.0
news_article/news_article_0040.png,новинна стаття,RVL-CDIP,,776,1000,468517,0.776,232.82686726804124,57.21869189000666,0.08585438144329897,0.0
news_article/news_article_0041.png,новинна стаття,RVL-CDIP,,754,1000,917582,0.754,195.9864549071618,84.19617460346234,0.21272015915119363,0.0
news_article/news_article_0042.png,новинна стаття,RVL-CDIP,,754,1000,249249,0.754,239.4581604774536,53.335636313005956,0.060263925729442974,0.0
news_article/news_article_0043.png,новинна стаття,RVL-CDIP,,754,1000,371076,0.754,227.83414854111405,69.29770266097816,0.1050291777188329,0.0
news_article/news_article_0044.png,новинна стаття,RVL-CDIP,,754,1000,377194,0.754,214.9311896551724,84.89680150465033,0.15751193633952254,0.0
news_article/news_article_0045.png,новинна стаття,RVL-CDIP,,777,1000,313652,0.777,243.45198584298583,40.91936114820404,0.04172844272844273,0.0
news_article/news_article_0046.png,новинна стаття,RVL-CDIP,,777,1000,448854,0.777,230.42194337194337,62.77695361029249,0.09404761904761905,0.0
news_article/news_article_0047.png,новинна стаття,RVL-CDIP,,754,1000,262681,0.754,236.2029774535809,58.81741960699192,0.07270689655172413,0.0
news_article/news_article_0048.png,новинна стаття,RVL-CDIP,,777,1000,145649,0.777,250.64367438867438,26.76268289069459,0.01543886743886744,0.0
news_article/news_article_0049.png,новинна стаття,RVL-CDIP,,777,1000,331038,0.777,236.09159716859716,57.10276894586037,0.07372715572715573,0.0
news_article/news_article_0050.png,новинна стаття,RVL-CDIP,,754,1000,379197,0.754,222.17097877984085,75.76834369867404,0.1286710875331565,0.0
news_article/news_article_0051.png,новинна стаття,RVL-CDIP,,741,1000,366021,0.741,174.28915384615385,112.43446687502124,0.3172294197031039,0.0
news_article/news_article_0052.png,новинна стаття,RVL-CDIP,,754,1000,94809,0.754,244.99335809018567,45.895324720679284,0.03890716180371353,0.0
news_article/news_article_0053.png,новинна стаття,RVL-CDIP,,777,1000,533849,0.777,228.5005662805663,64.33922786011323,0.09946332046332046,0.0
news_article/news_article_0054.png,новинна стаття,RVL-CDIP,,777,1000,115170,0.777,249.28006435006435,32.46160760156876,0.022093951093951094,0.0
news_article/news_article_0055.png,новинна стаття,RVL-CDIP,,802,1000,51249,0.802,253.1928229426434,17.430752952464452,0.006928927680798005,0.0
news_article/news_article_0056.png,новинна стаття,RVL-CDIP,,784,1000,280258,0.784,240.2674017857143,50.46328461861437,0.057255102040816325,0.0
news_article/news_article_0057.png,новинна стаття,RVL-CDIP,,782,1000,726142,0.782,213.89646803069053,76.27108643778368,0.15739130434782608,0.0
news_article/news_article_0058.png,новинна стаття,RVL-CDIP,,754,1000,697628,0.754,210.12714456233422,79.71652937594364,0.17443501326259947,0.0
news_article/news_article_0059.png,новинна стаття,RVL-CDIP,,802,1000,254348,0.802,245.3406970074813,39.44849040994987,0.0355286783042394,0.0
news_article/news_article_0060.png,новинна стаття,RVL-CDIP,,868,1000,552758,0.868,230.27433986175114,62.404453005545705,0.09407603686635944,0.0
news_article/news_article_0061.png,новинна стаття,RVL-CDIP,,754,1000,674343,0.754,199.04443103448276,91.60175883051258,0.21892705570291776,0.0
news_article/news_article_0062.png,новинна стаття,RVL-CDIP,,754,1000,173531,0.754,223.61782095490716,80.26667551230821,0.12266445623342175,0.0
news_article/news_article_0063.png,новинна стаття,RVL-CDIP,,754,1000,295655,0.754,239.96933952254642,49.09208668466321,0.05693766578249337,0.0
news_article/news_article_0064.png,новинна стаття,RVL-CDIP,,777,1000,151702,0.777,249.29308494208493,30.20504674660298,0.02108108108108108,0.0
news_article/news_article_0065.png,новинна стаття,RVL-CDIP,,754,1000,442178,0.754,230.6202652519894,61.869964884722556,0.0941551724137931,0.0
news_article/news_article_0066.png,новинна стаття,RVL-CDIP,,783,1000,419700,0.783,222.94928607918263,74.64952140659452,0.12455427841634738,0.0
news_article/news_article_0067.png,новинна стаття,RVL-CDIP,,754,1000,249953,0.754,243.6650901856764,42.22245200664459,0.04222546419098143,0.0
news_article/news_article_0068.png,новинна стаття,RVL-CDIP,,777,1000,160707,0.777,245.94205405405404,40.813566129828544,0.03488416988416988,0.0
news_article/news_article_0069.png,новинна стаття,RVL-CDIP,,754,1000,275745,0.754,238.4791724137931,53.210897959932694,0.06389522546419098,0.0
news_article/news_article_0070.png,новинна стаття,RVL-CDIP,,777,1000,916061,0.777,213.6220012870013,71.76909639987154,0.14241312741312742,0.0
news_article/news_article_0071.png,новинна стаття,RVL-CDIP,,777,1000,347391,0.777,236.52738481338483,55.08078164101572,0.07114929214929215,0.0
news_article/news_article_0072.png,новинна стаття,RVL-CDIP,,764,1000,220301,0.764,242.27508507853403,47.56024437716099,0.049214659685863874,0.0
news_article/news_article_0073.png,новинна стаття,RVL-CDIP,,754,1000,490243,0.754,206.89907427055704,89.58428313504228,0.18840981432360743,0.0
news_article/news_article_0074.png,новинна стаття,RVL-CDIP,,754,1000,134248,0.754,244.51153315649867,45.07460511349483,0.04043633952254642,0.0
news_article/news_article_0075.png,новинна стаття,RVL-CDIP,,754,1000,254631,0.754,243.27471883289124,43.535030458734745,0.04416976127320955,0.0
news_article/news_article_0076.png,новинна стаття,RVL-CDIP,,754,1000,266892,0.754,219.96455039787799,81.27234370161086,0.1327997347480106,0.0
news_article/news_article_0077.png,новинна стаття,RVL-CDIP,,776,1000,564486,0.776,207.15847293814434,88.1172011741815,0.18596649484536082,0.0
news_article/news_article_0078.png,новинна стаття,RVL-CDIP,,794,1000,617459,0.794,193.00591561712847,98.29570247449834,0.2500050377833753,0.0
news_article/news_article_0079.png,новинна стаття,RVL-CDIP,,777,1000,137558,0.777,247.65764736164735,37.30608832102938,0.028086229086229087,0.0
news_article/news_article_0080.png,новинна стаття,RVL-CDIP,,754,1000,345944,0.754,199.586599469496,98.36632264940258,0.21469098143236073,0.0
news_article/news_article_0081.png,новинна стаття,RVL-CDIP,,777,1000,291520,0.777,238.36814414414414,54.58101549427159,0.06413642213642214,0.0
news_article/news_article_0082.png,новинна стаття,RVL-CDIP,,754,1000,358397,0.754,236.7219098143236,54.36140272442327,0.06931962864721486,0.0
news_article/news_article_0083.png,новинна стаття,RVL-CDIP,,754,1000,21357,0.754,253.79132625994694,15.525581665092044,0.004507957559681698,0.0
news_article/news_article_0084.png,новинна стаття,RVL-CDIP,,782,1000,433814,0.782,235.55105882352942,54.51807156358233,0.07412020460358057,0.0
news_article/news_article_0085.png,новинна стаття,RVL-CDIP,,754,1000,416913,0.754,234.85097612732096,54.71885794886026,0.07668700265251989,0.0
news_article/news_article_0086.png,новинна стаття,RVL-CDIP,,777,1000,545653,0.777,225.78226383526385,67.67387178019221,0.11144916344916345,0.0
news_article/news_article_0087.png,новинна стаття,RVL-CDIP,,777,1000,235842,0.777,245.89347104247105,37.626244114657545,0.03388288288288288,0.0
news_article/news_article_0088.png,новинна стаття,RVL-CDIP,,806,1000,519184,0.806,232.09798511166252,57.89034594179174,0.08846526054590571,0.0
news_article/news_article_0089.png,новинна стаття,RVL-CDIP,,777,1000,203035,0.777,246.4517528957529,38.03842369716359,0.03232561132561133,0.0
news_article/news_article_0090.png,новинна стаття,RVL-CDIP,,754,1000,416003,0.754,226.76654376657825,68.98576739416336,0.11053448275862068,0.0
news_article/news_article_0091.png,новинна стаття,RVL-CDIP,,754,1000,356065,0.754,234.9200318302387,57.444036267523515,0.0776631299734748,0.0
news_article/news_article_0092.png,новинна стаття,RVL-CDIP,,754,1000,634417,0.754,222.28135543766578,63.064846596602244,0.11288992042440318,0.0
news_article/news_article_0093.png,новинна стаття,RVL-CDIP,,754,1000,338976,0.754,235.8376326259947,55.652984900612424,0.07444164456233422,0.0
news_article/news_article_0094.png,новинна стаття,RVL-CDIP,,777,1000,586354,0.777,204.31203732303732,90.28693802046105,0.19587516087516088,0.0
news_article/news_article_0095.png,новинна стаття,RVL-CDIP,,784,1000,371699,0.784,233.13283545918367,60.57521205245563,0.08414923469387756,0.0
news_article/news_article_0096.png,новинна стаття,RVL-CDIP,,803,1000,566957,0.803,202.3569414694894,92.49532328393721,0.20617434620174346,0.0
news_article/news_article_0097.png,новинна стаття,RVL-CDIP,,754,1000,339501,0.754,226.7922572944297,71.50443290591429,0.11086472148541114,0.0
news_article/news_article_0098.png,новинна стаття,RVL-CDIP,,777,1000,511173,0.777,227.49139382239383,65.71605789837098,0.105997425997426,0.0
news_article/news_article_0099.png,новинна стаття,RVL-CDIP,,754,1000,266514,0.754,237.1750371352785,56.70494232443228,0.06877718832891247,0.0
news_article/news_article_0100.png,новинна стаття,RVL-CDIP,,754,1000,356651,0.754,224.00172413793103,75.08244154832465,0.1223368700265252,0.0
news_article/news_article_0101.png,новинна стаття,RVL-CDIP,,754,1000,528599,0.754,232.3829721485411,52.62067850007486,0.07905172413793103,0.0
news_article/news_article_0102.png,новинна стаття,RVL-CDIP,,777,1000,664460,0.777,221.42291763191764,70.11107852857354,0.12367052767052768,0.0
news_article/news_article_0103.png,новинна стаття,RVL-CDIP,,754,1000,135351,0.754,247.75851061007958,35.92476314852665,0.027953580901856765,0.0
news_article/news_article_0104.png,новинна стаття,RVL-CDIP,,775,1000,518129,0.775,197.40790580645162,96.01814815665688,0.2257058064516129,0.0
news_article/news_article_0105.png,новинна стаття,RVL-CDIP,,777,1000,691961,0.777,230.20808236808236,55.02562439519184,0.08624195624195624,0.0
news_article/news_article_0106.png,новинна стаття,RVL-CDIP,,754,1000,385188,0.754,232.3459827586207,61.00348211711769,0.08748541114058356,0.0
news_article/news_article_0107.png,новинна стаття,RVL-CDIP,,716,1000,281587,0.716,233.64126675977653,62.570879108557094,0.08276117318435754,0.0
news_article/news_article_0108.png,новинна стаття,RVL-CDIP,,786,1000,229257,0.786,235.74918193384224,60.84657042333957,0.07555089058524173,0.0
news_article/news_article_0109.png,новинна стаття,RVL-CDIP,,777,1000,287152,0.777,240.7106731016731,49.47291936698667,0.05444530244530245,0.0
news_article/news_article_0110.png,новинна стаття,RVL-CDIP,,754,1000,460715,0.754,230.4275,61.02411827838654,0.09428779840848807,0.0
news_article/news_article_0111.png,новинна стаття,RVL-CDIP,,789,1000,257091,0.789,243.4378288973384,43.13249158779823,0.04362484157160963,0.0
news_article/news_article_0112.png,новинна стаття,RVL-CDIP,,781,1000,175147,0.781,244.06314212548014,45.456350553532246,0.042820742637644044,0.0
news_article/news_article_0113.png,новинна стаття,RVL-CDIP,,808,1000,536957,0.808,221.67798514851486,73.28261212322975,0.12866707920792078,0.0
news_article/news_article_0114.png,новинна стаття,RVL-CDIP,,754,1000,251588,0.754,239.11143103448276,54.13583662660515,0.06110079575596817,0.0
news_article/news_article_0115.png,новинна стаття,RVL-CDIP,,767,1000,76326,0.767,251.65794524119949,24.88358039972117,0.012597131681877444,0.0
news_article/news_article_0116.png,новинна стаття,RVL-CDIP,,785,1000,623617,0.785,218.32903057324842,74.78500934651476,0.13998343949044587,0.0
news_article/news_article_0117.png,новинна стаття,RVL-CDIP,,754,1000,180466,0.754,242.01695092838196,49.259472454129366,0.05072679045092838,0.0
news_article/news_article_0118.png,новинна стаття,RVL-CDIP,,754,1000,134068,0.754,243.62088726790452,47.88303827492799,0.04476923076923077,0.0
news_article/news_article_0119.png,новинна стаття,RVL-CDIP,,762,1000,449160,0.762,223.32574803149606,72.27376944031884,0.12247900262467191,0.0
news_article/news_article_0120.png,новинна стаття,RVL-CDIP,,754,1000,315546,0.754,233.75011803713528,60.17534864214393,0.0830238726790451,0.0
news_article/news_article_0121.png,новинна стаття,RVL-CDIP,,726,1000,269273,0.726,235.95694490358127,58.6241553203969,0.07420247933884297,0.0
news_article/news_article_0122.png,новинна стаття,RVL-CDIP,,754,1000,547038,0.754,221.50763793103448,71.1255295208378,0.1293633952254642,0.0
news_article/news_article_0123.png,новинна стаття,RVL-CDIP,,765,1000,290114,0.765,242.15582875816995,44.7456103197657,0.04933071895424836,0.0
news_article/news_article_0124.png,новинна стаття,RVL-CDIP,,754,1000,223331,0.754,243.21246684350132,45.424915644266065,0.044628647214854114,0.0
news_article/news_article_0125.png,новинна стаття,RVL-CDIP,,777,1000,518497,0.777,222.37324839124838,72.91496680709749,0.12616344916344915,0.0
news_article/news_article_0126.png,новинна стаття,RVL-CDIP,,754,1000,340725,0.754,223.29191379310345,75.41629264390899,0.12321618037135279,0.0
news_article/news_article_0127.png,новинна стаття,RVL-CDIP,,754,1000,245419,0.754,238.3318673740053,54.690533048783934,0.06468037135278515,0.0
news_article/news_article_0128.png,новинна стаття,RVL-CDIP,,754,1000,204125,0.754,237.31850397877983,58.53553538403494,0.0688660477453581,0.0
news_article/news_article_0129.png,новинна стаття,RVL-CDIP,,780,1000,554448,0.78,200.92694487179486,93.25608768263507,0.21250897435897437,0.0
news_article/news_article_0130.png,новинна стаття,RVL-CDIP,,785,1000,214583,0.785,239.5856,54.3169431756989,0.06034140127388535,0.0
news_article/news_article_0131.png,новинна стаття,RVL-CDIP,,802,1000,63796,0.802,247.900174563591,38.58431496820358,0.027604738154613468,0.0
news_article/news_article_0132.png,новинна стаття,RVL-CDIP,,780,1000,267845,0.78,224.47666282051281,76.76340543742451,0.11914615384615385,0.0
news_article/news_article_0133.png,новинна стаття,RVL-CDIP,,754,1000,528845,0.754,223.40021618037136,70.35774061095903,0.12272015915119364,0.0
news_article/news_article_0134.png,новинна стаття,RVL-CDIP,,754,1000,373378,0.754,227.578575596817,69.7607554879313,0.10622281167108753,0.0
news_article/news_article_0135.png,новинна стаття,RVL-CDIP,,794,1000,349991,0.794,236.11704030226701,56.28971685380911,0.07183123425692695,0.0
news_article/news_article_0136.png,новинна стаття,RVL-CDIP,,754,1000,225601,0.754,241.22690583554376,49.66561297200541,0.05439920424403183,0.0
news_article/news_article_0137.png,новинна стаття,RVL-CDIP,,777,1000,119377,0.777,251.09862805662806,23.98199576015918,0.013634491634491635,0.0
news_article/news_article_0138.png,новинна стаття,RVL-CDIP,,790,1000,247493,0.79,239.86640632911391,52.29544615140153,0.05804683544303797,0.0
news_article/news_article_0139.png,новинна стаття,RVL-CDIP,,777,1000,311037,0.777,240.34191377091378,49.70653349474932,0.05699227799227799,0.0
news_article/news_article_0140.png,новинна стаття,RVL-CDIP,,754,1000,70469,0.754,250.7282851458886,28.79275605098491,0.016786472148541114,0.0
news_article/news_article_0141.png,новинна стаття,RVL-CDIP,,774,1000,254136,0.774,237.32954909560723,57.09857391276617,0.06840826873385013,0.0
news_article/news_article_0142.png,новинна стаття,RVL-CDIP,,779,1000,378554,0.779,240.7770654685494,45.66136118006116,0.05279589216944801,0.0
news_article/news_article_0143.png,новинна стаття,RVL-CDIP,,754,1000,511867,0.754,218.76988726790452,75.94920530760882,0.1410862068965517,0.0
news_article/news_article_0144.png,новинна стаття,RVL-CDIP,,777,1000,247164,0.777,238.48741698841698,55.631185607236425,0.06388288288288288,0.0
news_article/news_article_0145.png,новинна стаття,RVL-CDIP,,761,1000,525029,0.761,226.81230486202367,64.53433305159578,0.10940341655716163,0.0
news_article/news_article_0146.png,новинна стаття,RVL-CDIP,,754,1000,292430,0.754,237.4528076923077,54.521741955208945,0.06792572944297082,0.0
news_article/news_article_0147.png,новинна стаття,RVL-CDIP,,754,1000,343863,0.754,219.21841379310345,80.93813050197684,0.13992705570291777,0.0
news_article/news_article_0148.png,новинна стаття,RVL-CDIP,,777,1000,430172,0.777,225.88528185328187,70.89305699135497,0.1115971685971686,0.0
news_article/news_article_0149.png,новинна стаття,RVL-CDIP,,858,1000,244512,0.858,244.9129568764569,40.99022042610762,0.03902913752913753,0.0
news_article/news_article_0150.png,новинна стаття,RVL-CDIP,,754,1000,330594,0.754,238.89005570291778,49.13419185051549,0.061859416445623344,0.0
news_article/news_article_0151.png,новинна стаття,RVL-CDIP,,703,1000,355988,0.703,225.41143669985775,72.07445147092623,0.11610526315789474,0.0
news_article/news_article_0152.png,новинна стаття,RVL-CDIP,,754,1000,433046,0.754,231.5893050397878,50.17511497287179,0.07476525198938992,0.0
news_article/news_article_0153.png,новинна стаття,RVL-CDIP,,779,1000,559967,0.779,231.45923106546854,58.17920572213755,0.08461360718870346,0.0
news_article/news_article_0154.png,новинна стаття,RVL-CDIP,,754,1000,136268,0.754,243.49824668435014,48.4888451401627,0.04513660477453581,0.0
news_article/news_article_0155.png,новинна стаття,RVL-CDIP,,788,1000,104398,0.788,248.83392639593907,34.970836301685054,0.024068527918781727,0.0
news_article/news_article_0156.png,новинна стаття,RVL-CDIP,,802,1000,377314,0.802,238.97482917705736,50.24826740945023,0.05641770573566085,0.0
news_article/news_article_0157.png,новинна стаття,RVL-CDIP,,762,1000,145972,0.762,216.74837139107612,87.93299267860657,0.1485262467191601,0.0
news_article/news_article_0158.png,новинна стаття,RVL-CDIP,,762,1000,453727,0.762,211.16988582677166,85.38931684617684,0.17147112860892388,0.0
news_article/news_article_0159.png,новинна стаття,RVL-CDIP,,777,1000,613580,0.777,218.47899485199486,75.53383072851386,0.13856885456885457,0.0
news_article/news_article_0160.png,новинна стаття,RVL-CDIP,,754,1000,332497,0.754,172.09712068965518,114.0527632733079,0.3260822281167109,0.0
news_article/news_article_0161.png,новинна стаття,RVL-CDIP,,776,1000,308152,0.776,234.21384664948454,61.57726089685184,0.08048582474226804,0.0
news_article/news_article_0162.png,новинна стаття,RVL-CDIP,,777,1000,75575,0.777,248.50114285714287,37.20262962753481,0.025575289575289574,0.0
news_article/news_article_0163.png,новинна стаття,RVL-CDIP,,754,1000,621697,0.754,227.63831167108754,60.61764342842213,0.09890450928381962,0.0
news_article/news_article_0164.png,новинна стаття,RVL-CDIP,,791,1000,429375,0.791,238.08044374209862,49.16429331741758,0.06143362831858407,0.0
news_article/news_article_0165.png,новинна стаття,RVL-CDIP,,763,1000,272473,0.763,242.16778243774573,45.86588419153047,0.047948885976408916,0.0
news_article/news_article_0166.png,новинна стаття,RVL-CDIP,,754,1000,326098,0.754,219.89551856763924,80.45449025833446,0.13573607427055703,0.0
news_article/news_article_0167.png,новинна стаття,RVL-CDIP,,788,1000,345542,0.788,239.20181218274112,50.02830308341818,0.05903680203045685,0.0
news_article/news_article_0168.png,новинна стаття,RVL-CDIP,,754,1000,301997,0.754,223.8099946949602,75.15487444355134,0.12888063660477453,0.0
news_article/news_article_0169.png,новинна стаття,RVL-CDIP,,754,1000,333618,0.754,234.33113925729444,59.32882323028512,0.08020291777188329,0.0
news_article/news_article_0170.png,новинна стаття,RVL-CDIP,,754,1000,350612,0.754,238.42172679045092,50.58902886470967,0.06362201591511936,0.0
news_article/news_article_0171.png,новинна стаття,RVL-CDIP,,789,1000,293908,0.789,234.2566248415716,61.33496136703773,0.08024334600760456,0.0
news_article/news_article_0172.png,новинна стаття,RVL-CDIP,,777,1000,476203,0.777,218.10082625482625,78.40156338785368,0.14541312741312742,0.0
news_article/news_article_0173.png,новинна стаття,RVL-CDIP,,754,1000,576229,0.754,216.7958673740053,75.65051451104694,0.15147214854111407,0.0
news_article/news_article_0174.png,новинна стаття,RVL-CDIP,,843,1000,61042,0.843,250.91281850533807,29.42399499112114,0.016073546856465008,0.0
news_article/news_article_0175.png,новинна стаття,RVL-CDIP,,777,1000,376864,0.777,211.98652767052766,88.1845805005544,0.1680978120978121,0.0
news_article/news_article_0176.png,новинна стаття,RVL-CDIP,,754,1000,238090,0.754,238.94966578249335,53.96016584756562,0.06227188328912467,0.0
news_article/news_article_0177.png,новинна стаття,RVL-CDIP,,777,1000,415047,0.777,230.7203449163449,63.65977607823863,0.09297297297297297,0.0
news_article/news_article_0178.png,новинна стаття,RVL-CDIP,,778,1000,385698,0.778,225.43468380462724,72.23382987579087,0.11481362467866324,0.0
news_article/news_article_0179.png,новинна стаття,RVL-CDIP,,813,1000,374527,0.813,240.04668511685117,46.49665915423155,0.056686346863468635,0.0
news_article/news_article_0180.png,новинна стаття,RVL-CDIP,,762,1000,582869,0.762,212.16777559055117,80.48578089423232,0.16576509186351707,0.0
news_article/news_article_0181.png,новинна стаття,RVL-CDIP,,754,1000,367566,0.754,239.23125862068966,46.8650414166414,0.06092705570291777,0.0
news_article/news_article_0182.png,новинна стаття,RVL-CDIP,,777,1000,513665,0.777,222.8441801801802,72.28216334932964,0.1251132561132561,0.0
news_article/news_article_0183.png,новинна стаття,RVL-CDIP,,754,1000,386860,0.754,239.02229045092838,47.35046088869539,0.05686472148541114,0.0
news_article/news_article_0184.png,новинна стаття,RVL-CDIP,,779,1000,255920,0.779,244.8170436456996,39.548284807417645,0.03470860077021823,0.0
news_article/news_article_0185.png,новинна стаття,RVL-CDIP,,754,1000,218403,0.754,240.22052917771884,51.57836595949444,0.05652652519893899,0.0
news_article/news_article_0186.png,новинна стаття,RVL-CDIP,,754,1000,40053,0.754,253.3425649867374,16.803585473750175,0.006387267904509284,0.0
news_article/news_article_0187.png,новинна стаття,RVL-CDIP,,777,1000,620353,0.777,211.87787001287,81.51863293389847,0.16497168597168596,0.0
news_article/news_article_0188.png,новинна стаття,RVL-CDIP,,754,1000,420246,0.754,229.22868965517242,64.27252840785222,0.09953448275862069,0.0
news_article/news_article_0189.png,новинна стаття,RVL-CDIP,,783,1000,104490,0.783,249.34116985951468,32.90273993661334,0.02188250319284802,0.0
budget/budget_0000.png,бюджет,RVL-CDIP,,772,1000,196777,0.772,237.8384494818653,57.05903731673881,0.0664922279792746,0.0
budget/budget_0001.png,бюджет,RVL-CDIP,,772,1000,250604,0.772,243.61842487046633,43.03916199448313,0.044203367875647666,0.0
budget/budget_0002.png,бюджет,RVL-CDIP,,754,1000,454958,0.754,207.03695888594166,89.56226579869258,0.18774137931034482,0.0
budget/budget_0003.png,бюджет,RVL-CDIP,,754,1000,46354,0.754,130.0918050397878,126.8664170904283,0.4894244031830239,0.0
budget/budget_0004.png,бюджет,RVL-CDIP,,754,1000,50833,0.754,252.75495490716182,20.275738873213243,0.008171087533156499,0.0
budget/budget_0005.png,бюджет,RVL-CDIP,,844,1000,87153,0.844,252.32304739336493,21.069586762753655,0.009652843601895734,0.0
budget/budget_0006.png,бюджет,RVL-CDIP,,754,1000,130054,0.754,244.74101061007957,44.32927156032292,0.0396710875331565,0.0
budget/budget_0007.png,бюджет,RVL-CDIP,,845,1000,72384,0.845,252.04804378698225,23.57700997766342,0.011607100591715977,0.0
budget/budget_0008.png,бюджет,RVL-CDIP,,777,1000,249136,0.777,239.98270141570143,52.57533236552911,0.05726126126126126,0.0
budget/budget_0009.png,бюджет,RVL-CDIP,,779,1000,107545,0.779,246.2793132220796,42.19559660775253,0.03436970474967908,0.0
budget/budget_0010.png,бюджет,RVL-CDIP,,775,1000,220341,0.775,213.89520774193548,88.94785198879939,0.16096387096774192,0.0
budget/budget_0011.png,бюджет,RVL-CDIP,,780,1000,124523,0.78,247.86998333333332,37.01203802125601,0.027675641025641025,0.0
budget/budget_0012.png,бюджет,RVL-CDIP,,754,1000,139953,0.754,249.35211936339522,22.561959047006614,0.007106100795755968,0.0
budget/budget_0013.png,бюджет,RVL-CDIP,,754,1000,60964,0.754,252.95571883289125,18.399895396009043,0.007750663129973475,0.0
budget/budget_0014.png,бюджет,RVL-CDIP,,754,1000,92880,0.754,248.55875596816975,34.61312367050357,0.02489655172413793,0.0
budget/budget_0015.png,бюджет,RVL-CDIP,,754,1000,110721,0.754,248.41942572944296,33.638833440147394,0.024521220159151192,0.0
budget/budget_0016.png,бюджет,RVL-CDIP,,752,1000,136235,0.752,244.28881117021277,45.98452093080474,0.041622340425531916,0.0
budget/budget_0017.png,бюджет,RVL-CDIP,,794,1000,120794,0.794,249.53504156171286,31.699384276744578,0.021104534005037784,0.0
budget/budget_0018.png,бюджет,RVL-CDIP,,762,1000,137045,0.762,246.62816666666666,39.7398816395838,0.031401574803149604,0.0
budget/budget_0019.png,бюджет,RVL-CDIP,,802,1000,17692,0.802,254.53454239401495,8.902667023972308,0.001516209476309227,0.0
budget/budget_0020.png,бюджет,RVL-CDIP,,754,1000,33012,0.754,252.071649867374,25.542046034595103,0.011253315649867373,0.0
budget/budget_0021.png,бюджет,RVL-CDIP,,754,1000,233668,0.754,243.45958620689655,43.77588114371144,0.04440318302387268,0.0
budget/budget_0022.png,бюджет,RVL-CDIP,,754,1000,160433,0.754,243.44419893899203,46.477995367166436,0.04518302387267904,0.0
budget/budget_0023.png,бюджет,RVL-CDIP,,754,1000,62542,0.754,252.10648806366046,22.84793288133793,0.010927055702917772,0.0
budget/budget_0024.png,бюджет,RVL-CDIP,,754,1000,335096,0.754,240.4104801061008,41.107482290295415,0.03809814323607427,0.0
budget/budget_0025.png,бюджет,RVL-CDIP,,762,1000,139788,0.762,247.83237139107612,35.781365758696325,0.027468503937007872,0.0
budget/budget_0026.png,бюджет,RVL-CDIP,,777,1000,86792,0.777,252.32615315315314,20.22141482897975,0.009346203346203346,0.0
budget/budget_0027.png,бюджет,RVL-CDIP,,768,1000,999342,0.768,210.88650520833335,71.99687447407999,0.14912369791666666,0.0
budget/budget_0028.png,бюджет,RVL-CDIP,,768,1000,406102,0.768,229.92963151041667,61.43954074344352,0.09744401041666667,0.0
budget/budget_0029.png,бюджет,RVL-CDIP,,777,1000,257629,0.777,238.9076615186615,54.2405713030197,0.06278378378378378,0.0
budget/budget_0030.png,бюджет,RVL-CDIP,,754,1000,231236,0.754,245.0260424403183,40.036864256708895,0.03794694960212201,0.0
budget/budget_0031.png,бюджет,RVL-CDIP,,767,1000,131274,0.767,249.86924641460234,28.83654689359182,0.019216427640156453,0.0
budget/budget_0032.png,бюджет,RVL-CDIP,,754,1000,101940,0.754,251.8162294429708,22.89203778969584,0.01043103448275862,0.0
budget/budget_0033.png,бюджет,RVL-CDIP,,754,1000,200336,0.754,244.98868037135279,39.46884757495694,0.034583554376657825,0.0
budget/budget_0034.png,бюджет,RVL-CDIP,,779,1000,267601,0.779,236.21851091142491,58.40508916525473,0.0731206675224647,0.0
budget/budget_0035.png,бюджет,RVL-CDIP,,762,1000,43022,0.762,250.74567322834645,30.012012407690392,0.01606561679790026,0.0
budget/budget_0036.png,бюджет,RVL-CDIP,,777,1000,180280,0.777,240.97535521235523,52.51110489989891,0.05446846846846847,0.0
budget/budget_0037.png,бюджет,RVL-CDIP,,845,1000,146734,0.845,249.0835775147929,31.099454484554766,0.0231301775147929,0.0
budget/budget_0038.png,бюджет,RVL-CDIP,,754,1000,239496,0.754,240.3120795755968,44.10777049465982,0.047486737400530506,0.0
budget/budget_0039.png,бюджет,RVL-CDIP,,765,1000,166158,0.765,245.39494901960785,42.06508523305364,0.03716078431372549,0.0
budget/budget_0040.png,бюджет,RVL-CDIP,,785,1000,123947,0.785,249.98282420382165,29.141314280341856,0.01970063694267516,0.0
budget/budget_0041.png,бюджет,RVL-CDIP,,771,1000,98820,0.771,248.21325680933853,36.83165920044935,0.02588326848249027,0.0
budget/budget_0042.png,бюджет,RVL-CDIP,,777,1000,126534,0.777,244.34362162162162,46.10497058729724,0.04035907335907336,0.0
budget/budget_0043.png,бюджет,RVL-CDIP,,798,1000,198525,0.798,244.32746616541354,43.503607910710755,0.041023809523809525,0.0
budget/budget_0044.png,бюджет,RVL-CDIP,,754,1000,174641,0.754,248.68352917771884,30.3174673468076,0.02356631299734748,0.0
budget/budget_0045.png,бюджет,RVL-CDIP,,773,1000,35440,0.773,253.17124320827944,19.073113204274595,0.0071241914618369985,0.0
budget/budget_0046.png,бюджет,RVL-CDIP,,777,1000,931747,0.777,204.52316087516087,77.37730633490632,0.15492535392535392,0.0
budget/budget_0047.png,бюджет,RVL-CDIP,,776,1000,142836,0.776,241.64392912371133,51.06962528931315,0.05216237113402062,0.0
budget/budget_0048.png,бюджет,RVL-CDIP,,754,1000,174610,0.754,241.53133421750664,50.85983323020189,0.05264058355437666,0.0
budget/budget_0049.png,бюджет,RVL-CDIP,,777,1000,92342,0.777,250.94925997425997,27.018233334700017,0.015521235521235521,0.0
budget/budget_0050.png,бюджет,RVL-CDIP,,724,1000,228608,0.724,238.29778453038674,55.324682067956104,0.06383977900552486,0.0
budget/budget_0051.png,бюджет,RVL-CDIP,,786,1000,188796,0.786,243.01025954198474,46.847944782724525,0.04613486005089058,0.0
budget/budget_0052.png,бюджет,RVL-CDIP,,779,1000,45276,0.779,253.1093620025674,18.757613092775788,0.007335044929396663,0.0
budget/budget_0053.png,бюджет,RVL-CDIP,,754,1000,240943,0.754,227.84178381962866,71.88139605586416,0.1059946949602122,0.0
budget/budget_0054.png,бюджет,RVL-CDIP,,848,1000,150776,0.848,248.44789150943396,34.58190590914539,0.02520518867924528,0.0
budget/budget_0055.png,бюджет,RVL-CDIP,,754,1000,91964,0.754,249.24501591511935,33.89731801769648,0.02206763925729443,0.0
budget/budget_0056.png,бюджет,RVL-CDIP,,754,1000,115505,0.754,249.0047427055703,30.655198628796025,0.019404509283819628,0.0
budget/budget_0057.png,бюджет,RVL-CDIP,,765,1000,52762,0.765,252.15536862745097,24.105320009210974,0.010979084967320262,0.0
budget/budget_0058.png,бюджет,RVL-CDIP,,789,1000,170620,0.789,245.73117997465147,41.466817808218394,0.03547148288973384,0.0
budget/budget_0059.png,бюджет,RVL-CDIP,,779,1000,221606,0.779,240.7837946084724,51.97648443579474,0.05534146341463415,0.0
budget/budget_0060.png,бюджет,RVL-CDIP,,777,1000,41760,0.777,253.17915444015443,18.447757121433817,0.007002574002574003,0.0
budget/budget_0061.png,бюджет,RVL-CDIP,,754,1000,92757,0.754,250.3195,28.996366380140223,0.01792970822281167,0.0
budget/budget_0062.png,бюджет,RVL-CDIP,,811,1000,78265,0.811,252.22657336621455,21.408043359681294,0.010688039457459926,0.0
budget/budget_0063.png,бюджет,RVL-CDIP,,754,1000,110354,0.754,248.51796551724138,34.98251667613637,0.025053050397877984,0.0
budget/budget_0064.png,бюджет,RVL-CDIP,,754,1000,116310,0.754,250.2868196286472,27.777126006762884,0.017643236074270558,0.0
budget/budget_0065.png,бюджет,RVL-CDIP,,786,1000,342371,0.786,240.08901017811704,47.445909025911405,0.05667430025445293,0.0
budget/budget_0066.png,бюджет,RVL-CDIP,,769,1000,303890,0.769,228.8646254876463,68.92119330804846,0.10081274382314695,0.0
budget/budget_0067.png,бюджет,RVL-CDIP,,754,1000,123291,0.754,248.1893899204244,35.68536265172827,0.02539655172413793,0.0
budget/budget_0068.png,бюджет,RVL-CDIP,,802,1000,114833,0.802,248.95315087281796,34.20515869308507,0.02180423940149626,0.0
budget/budget_0069.png,бюджет,RVL-CDIP,,788,1000,166308,0.788,248.44280203045685,33.33794963330358,0.024875634517766497,0.0
budget/budget_0070.png,бюджет,RVL-CDIP,,777,1000,188918,0.777,245.34302316602316,42.62364654763222,0.0360965250965251,0.0
budget/budget_0071.png,бюджет,RVL-CDIP,,807,1000,99857,0.807,251.81418959107808,22.10431932858744,0.011426270136307311,0.0
budget/budget_0072.png,бюджет,RVL-CDIP,,849,1000,77330,0.849,251.89402473498234,24.53386237284897,0.01195170789163722,0.0
budget/budget_0073.png,бюджет,RVL-CDIP,,753,1000,81404,0.753,251.5548273572377,24.34775949378658,0.013191235059760956,0.0
budget/budget_0074.png,бюджет,RVL-CDIP,,754,1000,118734,0.754,245.69394429708223,42.39508981299063,0.03574137931034483,0.0
budget/budget_0075.png,бюджет,RVL-CDIP,,802,1000,152234,0.802,247.53729925187034,36.4727173379321,0.029165835411471323,0.0
budget/budget_0076.png,бюджет,RVL-CDIP,,754,1000,252189,0.754,240.32595888594165,51.19617270471536,0.05699336870026525,0.0
budget/budget_0077.png,бюджет,RVL-CDIP,,754,1000,142656,0.754,245.5477201591512,39.03590323476646,0.03669363395225464,0.0
budget/budget_0078.png,бюджет,RVL-CDIP,,783,1000,211864,0.783,244.5281698595147,40.57630449107584,0.0404125159642401,0.0
budget/budget_0079.png,бюджет,RVL-CDIP,,754,1000,136170,0.754,249.0810928381963,31.591208226565076,0.0226737400530504,0.0
budget/budget_0080.png,бюджет,RVL-CDIP,,762,1000,57122,0.762,252.60212729658792,20.20463202627379,0.009444881889763779,0.0
budget/budget_0081.png,бюджет,RVL-CDIP,,802,1000,494730,0.802,188.48495511221944,102.73345870135796,0.2614351620947631,0.0
budget/budget_0082.png,бюджет,RVL-CDIP,,754,1000,57601,0.754,249.90943368700266,32.483838595392136,0.01963527851458886,0.0
budget/budget_0083.png,бюджет,RVL-CDIP,,802,1000,202873,0.802,244.92581670822943,42.417899892064284,0.03899750623441396,0.0
budget/budget_0084.png,бюджет,RVL-CDIP,,777,1000,85434,0.777,250.70789703989703,28.681507393037933,0.016455598455598457,0.0
budget/budget_0085.png,бюджет,RVL-CDIP,,762,1000,318952,0.762,213.78258923884513,86.56221405354803,0.16203412073490814,0.0
budget/budget_0086.png,бюджет,RVL-CDIP,,786,1000,119503,0.786,248.60333460559795,34.72490964637788,0.024310432569974554,0.0
budget/budget_0087.png,бюджет,RVL-CDIP,,802,1000,179479,0.802,237.87474812967582,57.78832372850528,0.06598503740648379,0.0
budget/budget_0088.png,бюджет,RVL-CDIP,,754,1000,113801,0.754,246.90071352785145,37.12106470164502,0.03033289124668435,0.0
budget/budget_0089.png,бюджет,RVL-CDIP,,795,1000,170274,0.795,248.5099245283019,32.55241203316114,0.024688050314465408,0.0
budget/budget_0090.png,бюджет,RVL-CDIP,,754,1000,151807,0.754,243.73780106100796,45.24601818426363,0.041677718832891245,0.0
budget/budget_0091.png,бюджет,RVL-CDIP,,754,1000,308466,0.754,227.3083222811671,69.96133846876974,0.1090053050397878,0.0
budget/budget_0092.png,бюджет,RVL-CDIP,,754,1000,218817,0.754,245.23133421750663,38.785277350068284,0.0376604774535809,0.0
budget/budget_0093.png,бюджет,RVL-CDIP,,761,1000,294838,0.761,231.62493166885676,62.58291891805733,0.09168856767411301,0.0
budget/budget_0094.png,бюджет,RVL-CDIP,,784,1000,97488,0.784,249.31033290816328,32.39398991351205,0.021955357142857145,0.0
budget/budget_0095.png,бюджет,RVL-CDIP,,774,1000,211840,0.774,245.17206589147287,41.661441648152035,0.03785271317829458,0.0
budget/budget_0096.png,бюджет,RVL-CDIP,,764,1000,162094,0.764,247.9840942408377,33.93069130524533,0.027331151832460734,0.0
budget/budget_0097.png,бюджет,RVL-CDIP,,777,1000,997870,0.777,205.952009009009,73.06422718426153,0.16376833976833977,0.0
budget/budget_0098.png,бюджет,RVL-CDIP,,809,1000,145221,0.809,248.86749196538938,32.562103946732655,0.0238504326328801,0.0
budget/budget_0099.png,бюджет,RVL-CDIP,,762,1000,106178,0.762,226.60499868766405,77.4193953294383,0.11072047244094488,0.0
budget/budget_0100.png,бюджет,RVL-CDIP,,784,1000,110110,0.784,250.89677423469388,25.876992554701385,0.015834183673469386,0.0
budget/budget_0101.png,бюджет,RVL-CDIP,,802,1000,123898,0.802,249.02627182044887,32.755299517021754,0.022594763092269328,0.0
budget/budget_0102.png,бюджет,RVL-CDIP,,777,1000,77265,0.777,247.5473758043758,39.8294144432185,0.028495495495495494,0.0
budget/budget_0103.png,бюджет,RVL-CDIP,,786,1000,119775,0.786,247.65571374045803,37.584216309137,0.02833206106870229,0.0
budget/budget_0104.png,бюджет,RVL-CDIP,,778,1000,51854,0.778,252.3856118251928,22.64309856832253,0.010336760925449872,0.0
budget/budget_0105.png,бюджет,RVL-CDIP,,777,1000,345772,0.777,222.51115315315315,75.50621027879156,0.12713513513513514,0.0
budget/budget_0106.png,бюджет,RVL-CDIP,,777,1000,117066,0.777,247.57526254826254,37.72164293671259,0.028168597168597168,0.0
budget/budget_0107.png,бюджет,RVL-CDIP,,803,1000,107549,0.803,251.03743088418432,25.372473340454953,0.01524906600249066,0.0
budget/budget_0108.png,бюджет,RVL-CDIP,,776,1000,388715,0.776,236.14452448453608,48.821498460208836,0.06891237113402061,0.0
budget/budget_0109.png,бюджет,RVL-CDIP,,781,1000,279334,0.781,238.080795134443,55.07828516279383,0.0653495518565941,0.0
budget/budget_0110.png,бюджет,RVL-CDIP,,754,1000,306827,0.754,238.48716445623342,51.81409332999622,0.06429708222811671,0.0
budget/budget_0111.png,бюджет,RVL-CDIP,,754,1000,108307,0.754,249.61097214854112,31.19188522276087,0.020518567639257294,0.0
budget/budget_0112.png,бюджет,RVL-CDIP,,754,1000,161180,0.754,244.7612201591512,43.19517162324524,0.038892572944297085,0.0
budget/budget_0113.png,бюджет,RVL-CDIP,,754,1000,94857,0.754,248.82401591511936,32.12367167045599,0.02403050397877984,0.0
budget/budget_0114.png,бюджет,RVL-CDIP,,814,1000,176899,0.814,249.0464864864865,30.180390678596545,0.02158722358722359,0.0
budget/budget_0115.png,бюджет,RVL-CDIP,,754,1000,68353,0.754,249.87118567639257,32.41419321005682,0.020114058355437666,0.0
budget/budget_0116.png,бюджет,RVL-CDIP,,827,1000,289740,0.827,242.9040532043531,40.7363335264991,0.04319709794437727,0.0
budget/budget_0117.png,бюджет,RVL-CDIP,,754,1000,114114,0.754,244.3272877984085,45.632108451057334,0.041143236074270555,0.0
budget/budget_0118.png,бюджет,RVL-CDIP,,776,1000,231451,0.776,234.4175837628866,62.85828324092895,0.07914690721649485,0.0
budget/budget_0119.png,бюджет,RVL-CDIP,,754,1000,138709,0.754,247.33092705570292,37.14658475778215,0.02952652519893899,0.0
budget/budget_0120.png,бюджет,RVL-CDIP,,847,1000,134945,0.847,248.30399645808737,34.90167035024682,0.026010625737898464,0.0
budget/budget_0121.png,бюджет,RVL-CDIP,,847,1000,263065,0.847,241.68563046044864,49.31113775188403,0.05134356552538371,0.0
budget/budget_0122.png,бюджет,RVL-CDIP,,771,1000,85834,0.771,251.28238521400777,25.842994880654704,0.01435408560311284,0.0
budget/budget_0123.png,бюджет,RVL-CDIP,,754,1000,296786,0.754,241.23052122015915,45.64397077588524,0.05037002652519894,0.0
budget/budget_0124.png,бюджет,RVL-CDIP,,800,1000,104831,0.8,249.88725875,30.735899745420646,0.01957,0.0
budget/budget_0125.png,бюджет,RVL-CDIP,,754,1000,113168,0.754,247.9839323607427,35.33006403694794,0.026942970822281167,0.0
budget/budget_0126.png,бюджет,RVL-CDIP,,754,1000,195223,0.754,244.59908355437665,41.275066069008005,0.038401856763925726,0.0
budget/budget_0127.png,бюджет,RVL-CDIP,,776,1000,106398,0.776,246.8379793814433,40.68180948569648,0.031150773195876287,0.0
budget/budget_0128.png,бюджет,RVL-CDIP,,775,1000,99635,0.775,249.2259135483871,33.34935285686785,0.022691612903225807,0.0
budget/budget_0129.png,бюджет,RVL-CDIP,,754,1000,88615,0.754,249.34130106100795,32.82134305607943,0.021206896551724138,0.0
budget/budget_0130.png,бюджет,RVL-CDIP,,754,1000,56453,0.754,232.07790185676393,71.56074013114797,0.09024270557029178,0.0
budget/budget_0131.png,бюджет,RVL-CDIP,,768,1000,163415,0.768,248.47145052083334,33.255696998317525,0.024890625,0.0
budget/budget_0132.png,бюджет,RVL-CDIP,,754,1000,339749,0.754,230.24278116710875,61.32103583020252,0.09272015915119364,0.0
budget/budget_0133.png,бюджет,RVL-CDIP,,754,1000,254095,0.754,241.263949602122,47.821478300455766,0.05284615384615385,0.0
budget/budget_0134.png,бюджет,RVL-CDIP,,754,1000,166037,0.754,248.45759151193633,30.42786743496007,0.022543766578249337,0.0
budget/budget_0135.png,бюджет,RVL-CDIP,,777,1000,160244,0.777,246.19080952380952,40.450880803127,0.03419047619047619,0.0
budget/budget_0136.png,бюджет,RVL-CDIP,,783,1000,117766,0.783,247.8963601532567,37.178720304180686,0.027644955300127713,0.0
budget/budget_0137.png,бюджет,RVL-CDIP,,779,1000,138022,0.779,248.2831861360719,35.476497283802026,0.025738125802310656,0.0
budget/budget_0138.png,бюджет,RVL-CDIP,,754,1000,352912,0.754,227.99873342175067,66.52539009711629,0.10424801061007957,0.0
budget/budget_0139.png,бюджет,RVL-CDIP,,777,1000,81157,0.777,251.7764453024453,23.269925744329804,0.012481338481338481,0.0
budget/budget_0140.png,бюджет,RVL-CDIP,,797,1000,183675,0.797,240.5720225846926,52.94803832588219,0.0565069008782936,0.0
budget/budget_0141.png,бюджет,RVL-CDIP,,810,1000,135454,0.81,249.62093209876542,30.05400123514842,0.020682716049382717,0.0
budget/budget_0142.png,бюджет,RVL-CDIP,,754,1000,131752,0.754,245.5759774535809,41.78844822609925,0.03364588859416446,0.0
budget/budget_0143.png,бюджет,RVL-CDIP,,754,1000,209101,0.754,240.60410610079575,48.1995676440253,0.05161671087533157,0.0
budget/budget_0144.png,бюджет,RVL-CDIP,,754,1000,287662,0.754,234.1648952254642,57.59444895946074,0.08081962864721486,0.0
budget/budget_0145.png,бюджет,RVL-CDIP,,754,1000,124003,0.754,251.56177851458887,21.61643109371802,0.010778514588859417,0.0
budget/budget_0146.png,бюджет,RVL-CDIP,,754,1000,124172,0.754,246.60655835543767,38.303566790460415,0.03187135278514589,0.0
budget/budget_0147.png,бюджет,RVL-CDIP,,777,1000,186131,0.777,249.68597812097812,27.780718970203992,0.018064350064350063,0.0
budget/budget_0148.png,бюджет,RVL-CDIP,,785,1000,133305,0.785,245.29392101910827,43.86612851411317,0.03751210191082802,0.0
budget/budget_0149.png,бюджет,RVL-CDIP,,771,1000,303415,0.771,242.92365629053177,42.37263784007884,0.03902594033722438,0.0
budget/budget_0150.png,бюджет,RVL-CDIP,,799,1000,202039,0.799,246.47797872340425,38.822666413499526,0.03174342928660826,0.0
budget/budget_0151.png,бюджет,RVL-CDIP,,781,1000,228189,0.781,243.60907170294493,42.98754098047474,0.042005121638924454,0.0
budget/budget_0152.png,бюджет,RVL-CDIP,,787,1000,126825,0.787,248.772667090216,33.86515108852706,0.023705209656925033,0.0
budget/budget_0153.png,бюджет,RVL-CDIP,,762,1000,78866,0.762,248.9365367454068,34.98250984027629,0.023761154855643046,0.0
budget/budget_0154.png,бюджет,RVL-CDIP,,772,1000,220750,0.772,244.9380297927461,40.68727532563446,0.03927720207253886,0.0
budget/budget_0155.png,бюджет,RVL-CDIP,,754,1000,309918,0.754,242.6045477453581,39.91945259849684,0.04006631299734748,0.0
budget/budget_0156.png,бюджет,RVL-CDIP,,775,1000,375063,0.775,228.9678812903226,65.03273274581414,0.09915354838709678,0.0
budget/budget_0157.png,бюджет,RVL-CDIP,,802,1000,550100,0.802,227.20979551122196,55.773436712303536,0.09379925187032419,0.0
budget/budget_0158.png,бюджет,RVL-CDIP,,754,1000,142745,0.754,246.1864151193634,41.70417867113609,0.0340106100795756,0.0
budget/budget_0159.png,бюджет,RVL-CDIP,,754,1000,82753,0.754,251.28733554376657,25.325845184445644,0.014643236074270557,0.0
budget/budget_0160.png,бюджет,RVL-CDIP,,754,1000,433312,0.754,236.03315915119364,42.287122579036506,0.043976127320954905,0.0
budget/budget_0161.png,бюджет,RVL-CDIP,,777,1000,127488,0.777,244.84357271557272,43.85610604674331,0.038382239382239385,0.0
budget/budget_0162.png,бюджет,RVL-CDIP,,794,1000,151527,0.794,246.90661712846347,35.92350321399282,0.03044836272040302,0.0
budget/budget_0163.png,бюджет,RVL-CDIP,,787,1000,353370,0.787,227.3409872935197,71.05531110286458,0.10886404066073697,0.0
budget/budget_0164.png,бюджет,RVL-CDIP,,754,1000,166820,0.754,247.47369098143236,35.75527566029612,0.028616710875331564,0.0
budget/budget_0165.png,бюджет,RVL-CDIP,,754,1000,358174,0.754,238.84456366047746,48.31497744089971,0.057608753315649866,0.0
budget/budget_0166.png,бюджет,RVL-CDIP,,754,1000,209443,0.754,245.46994031830238,38.82494837484571,0.036696286472148544,0.0
budget/budget_0167.png,бюджет,RVL-CDIP,,802,1000,176262,0.802,247.2372132169576,36.6058986152621,0.03008354114713217,0.0
budget/budget_0168.png,бюджет,RVL-CDIP,,762,1000,89246,0.762,211.7571811023622,93.85782856994315,0.16909317585301836,0.0
budget/budget_0169.png,бюджет,RVL-CDIP,,754,1000,373793,0.754,221.98899071618038,71.06395744138291,0.12979045092838196,0.0
budget/budget_0170.png,бюджет,RVL-CDIP,,773,1000,131948,0.773,249.97294566623543,28.64710175264305,0.01936869340232859,0.0
budget/budget_0171.png,бюджет,RVL-CDIP,,754,1000,168617,0.754,246.66150795755968,37.345598742266425,0.0315106100795756,0.0
budget/budget_0172.png,бюджет,RVL-CDIP,,762,1000,89299,0.762,231.2597401574803,71.75613993966017,0.09299606299212598,0.0
budget/budget_0173.png,бюджет,RVL-CDIP,,754,1000,96433,0.754,245.7399801061008,42.58638060145167,0.035424403183023874,0.0
budget/budget_0174.png,бюджет,RVL-CDIP,,783,1000,78935,0.783,252.22133205619411,21.057526919430376,0.010454661558109833,0.0
budget/budget_0175.png,бюджет,RVL-CDIP,,776,1000,128797,0.776,248.7412087628866,34.134746503353014,0.02405798969072165,0.0
budget/budget_0176.png,бюджет,RVL-CDIP,,762,1000,232058,0.762,241.61575196850393,48.35386244712285,0.05234120734908136,0.0
budget/budget_0177.png,бюджет,RVL-CDIP,,754,1000,475286,0.754,242.66259151193634,37.62319268298113,0.032098143236074274,0.0
budget/budget_0178.png,бюджет,RVL-CDIP,,754,1000,137175,0.754,249.2969893899204,29.514154208252943,0.021310344827586206,0.0
budget/budget_0179.png,бюджет,RVL-CDIP,,782,1000,102688,0.782,250.9235959079284,26.42841436197738,0.015338874680306905,0.0
budget/budget_0180.png,бюджет,RVL-CDIP,,843,1000,163639,0.843,247.11367022538553,38.367907637684105,0.030568208778173192,0.0
budget/budget_0181.png,бюджет,RVL-CDIP,,776,1000,128928,0.776,239.92728994845362,55.32333436590572,0.05838530927835051,0.0
budget/budget_0182.png,бюджет,RVL-CDIP,,754,1000,97120,0.754,249.50870159151194,32.206487453564826,0.021029177718832892,0.0
budget/budget_0183.png,бюджет,RVL-CDIP,,754,1000,209227,0.754,242.70318700265253,45.60579374668052,0.04453978779840849,0.0
budget/budget_0184.png,бюджет,RVL-CDIP,,843,1000,307011,0.843,239.44864650059313,51.91367399704513,0.06047212336892052,0.0
budget/budget_0185.png,бюджет,RVL-CDIP,,861,1000,199805,0.861,245.4842857142857,41.44417752377528,0.03666318234610918,0.0
budget/budget_0186.png,бюджет,RVL-CDIP,,826,1000,734816,0.826,232.42670581113802,52.604537830485434,0.06773002421307506,0.0
budget/budget_0187.png,бюджет,RVL-CDIP,,765,1000,37384,0.765,251.6456954248366,27.06264669328919,0.012945098039215687,0.0
budget/budget_0188.png,бюджет,RVL-CDIP,,754,1000,294835,0.754,236.513124668435,56.416953592663674,0.07007161803713528,0.0
budget/budget_0189.png,бюджет,RVL-CDIP,,802,1000,602278,0.802,219.58974314214464,64.36605331217996,0.13123940149625934,0.0
presentation/presentation_0000.png,презентація,RVL-CDIP,,789,1000,180510,0.789,237.32020152091255,59.3595206476461,0.06879847908745247,0.0
presentation/presentation_0001.png,презентація,RVL-CDIP,,777,1000,218514,0.777,242.6605263835264,47.46357399904497,0.04762033462033462,0.0
presentation/presentation_0002.png,презентація,RVL-CDIP,,754,1000,209475,0.754,243.3434973474801,45.04159445509989,0.04503580901856764,0.0
presentation/presentation_0003.png,презентація,RVL-CDIP,,777,1000,81695,0.777,251.66032046332046,23.776099174247133,0.012692406692406693,0.0
presentation/presentation_0004.png,презентація,RVL-CDIP,,754,1000,217137,0.754,240.77142440318303,50.92892246176984,0.05523607427055703,0.0
presentation/presentation_0005.png,презентація,RVL-CDIP,,777,1000,99822,0.777,250.3263268983269,29.341422173387794,0.018092664092664093,0.0
presentation/presentation_0006.png,презентація,RVL-CDIP,,754,1000,269788,0.754,234.4793647214854,61.27458091650218,0.0800371352785146,0.0
presentation/presentation_0007.png,презентація,RVL-CDIP,,771,1000,203486,0.771,242.321728923476,48.645729943459216,0.048944228274967576,0.0
presentation/presentation_0008.png,презентація,RVL-CDIP,,754,1000,266891,0.754,239.13587665782492,52.233135670157125,0.061824933687002655,0.0
presentation/presentation_0009.png,презентація,RVL-CDIP,,841,1000,207947,0.841,244.06862306777646,44.83438457236559,0.04239476813317479,0.0
presentation/presentation_0010.png,презентація,RVL-CDIP,,762,1000,214283,0.762,243.41528346456693,45.41187409337924,0.044395013123359583,0.0
presentation/presentation_0011.png,презентація,RVL-CDIP,,754,1000,293300,0.754,240.73706366047745,47.766515465960815,0.054961538461538464,0.0
presentation/presentation_0012.png,презентація,RVL-CDIP,,754,1000,283217,0.754,239.150974801061,51.07330985768392,0.06177320954907162,0.0
presentation/presentation_0013.png,презентація,RVL-CDIP,,754,1000,174943,0.754,241.5690172413793,50.79284148287249,0.052309018567639254,0.0
presentation/presentation_0014.png,презентація,RVL-CDIP,,785,1000,177958,0.785,241.17578089171974,51.691014660378926,0.0540968152866242,0.0
presentation/presentation_0015.png,презентація,RVL-CDIP,,777,1000,91918,0.777,241.48045045045046,54.43029645806341,0.05283655083655084,0.0
presentation/presentation_0016.png,презентація,RVL-CDIP,,777,1000,34085,0.777,253.56359716859717,17.18475317710245,0.0052471042471042475,0.0
presentation/presentation_0017.png,презентація,RVL-CDIP,,754,1000,202536,0.754,240.2872599469496,52.863791080968845,0.05762732095490716,0.0
presentation/presentation_0018.png,презентація,RVL-CDIP,,754,1000,26218,0.754,252.7341100795756,22.547399384315703,0.008843501326259946,0.0
presentation/presentation_0019.png,презентація,RVL-CDIP,,754,1000,253886,0.754,230.85216710875332,67.62203839334295,0.09363793103448276,0.0
presentation/presentation_0020.png,презентація,RVL-CDIP,,777,1000,186477,0.777,243.41300643500642,46.81579356753171,0.044701415701415705,0.0
presentation/presentation_0021.png,презентація,RVL-CDIP,,781,1000,323565,0.781,236.4121408450704,56.617558472401555,0.07234571062740076,0.0
presentation/presentation_0022.png,презентація,RVL-CDIP,,762,1000,149045,0.762,219.74820472440945,84.37906023705331,0.13830314960629922,0.0
presentation/presentation_0023.png,презентація,RVL-CDIP,,768,1000,62083,0.768,251.51258723958333,25.981728513734407,0.013256510416666667,0.0
presentation/presentation_0024.png,презентація,RVL-CDIP,,754,1000,236517,0.754,245.91536206896552,36.362221258183865,0.0325,0.0
presentation/presentation_0025.png,презентація,RVL-CDIP,,754,1000,139414,0.754,237.30056366047745,61.010583481593706,0.06917506631299734,0.0
presentation/presentation_0026.png,презентація,RVL-CDIP,,762,1000,126531,0.762,247.09765354330708,39.06157840327286,0.030622047244094487,0.0
presentation/presentation_0027.png,презентація,RVL-CDIP,,814,1000,264054,0.814,239.34277886977887,53.48361653151522,0.06071007371007371,0.0
presentation/presentation_0028.png,презентація,RVL-CDIP,,802,1000,40321,0.802,252.39719201995013,23.492816838090448,0.010189526184538653,0.0
presentation/presentation_0029.png,презентація,RVL-CDIP,,776,1000,15965,0.776,254.3026636597938,12.015364696138256,0.002686855670103093,0.0
presentation/presentation_0030.png,презентація,RVL-CDIP,,762,1000,52607,0.762,250.39791338582677,31.530553001000936,0.01774278215223097,0.0
presentation/presentation_0031.png,презентація,RVL-CDIP,,786,1000,342705,0.786,236.20813613231553,56.71843127701962,0.07228880407124683,0.0
presentation/presentation_0032.png,презентація,RVL-CDIP,,754,1000,153810,0.754,244.3450145888594,45.879050953483784,0.04117904509283819,0.0
presentation/presentation_0033.png,презентація,RVL-CDIP,,754,1000,78749,0.754,249.23836074270557,34.14048979690805,0.02223076923076923,0.0
presentation/presentation_0034.png,презентація,RVL-CDIP,,762,1000,29302,0.762,251.58036614173227,26.9864744594483,0.013333333333333334,0.0
presentation/presentation_0035.png,презентація,RVL-CDIP,,762,1000,225740,0.762,240.23262992125984,51.12201429190749,0.05620603674540683,0.0
presentation/presentation_0036.png,презентація,RVL-CDIP,,804,1000,416123,0.804,225.2168893034826,71.60377272694176,0.1153818407960199,0.0
presentation/presentation_0037.png,презентація,RVL-CDIP,,762,1000,317226,0.762,236.120812335958,56.92795111621564,0.06773884514435695,0.0
presentation/presentation_0038.png,презентація,RVL-CDIP,,750,1000,71150,0.75,250.465372,29.465100456329953,0.017501333333333334,0.0
presentation/presentation_0039.png,презентація,RVL-CDIP,,754,1000,189821,0.754,244.97119230769232,41.600335505241944,0.038675066312997344,0.0
presentation/presentation_0040.png,презентація,RVL-CDIP,,754,1000,121423,0.754,242.92792838196286,47.67565902540631,0.04622944297082228,0.0
presentation/presentation_0041.png,презентація,RVL-CDIP,,754,1000,328622,0.754,233.06368965517242,61.84476220394771,0.08431167108753315,0.0
presentation/presentation_0042.png,презентація,RVL-CDIP,,802,1000,177499,0.802,247.08718578553615,35.804683701270505,0.02903491271820449,0.0
presentation/presentation_0043.png,презентація,RVL-CDIP,,828,1000,185214,0.828,245.2271739130435,41.981737181154536,0.03802898550724638,0.0
presentation/presentation_0044.png,презентація,RVL-CDIP,,771,1000,50841,0.771,250.56588326848248,30.889766970527756,0.01719455252918288,0.0
presentation/presentation_0045.png,презентація,RVL-CDIP,,754,1000,860947,0.754,223.53600928381962,50.249360214884504,0.07603846153846154,0.0
presentation/presentation_0046.png,презентація,RVL-CDIP,,777,1000,39343,0.777,253.71264736164736,15.01704115284792,0.004846846846846847,0.0
presentation/presentation_0047.png,презентація,RVL-CDIP,,777,1000,43588,0.777,252.41100643500644,23.14826617402559,0.010106821106821106,0.0
presentation/presentation_0048.png,презентація,RVL-CDIP,,803,1000,225182,0.803,240.12549439601494,53.069173070244446,0.05787173100871731,0.0
presentation/presentation_0049.png,презентація,RVL-CDIP,,754,1000,314284,0.754,238.26843633952254,52.12380257345746,0.06468567639257294,0.0
presentation/presentation_0050.png,презентація,RVL-CDIP,,754,1000,150583,0.754,242.8338899204244,49.47980096157856,0.04736870026525199,0.0
presentation/presentation_0051.png,презентація,RVL-CDIP,,774,1000,231708,0.774,245.27983591731265,38.66224193640747,0.03788759689922481,0.0
presentation/presentation_0052.png,презентація,RVL-CDIP,,762,1000,83844,0.762,249.62823228346457,32.2296730389561,0.021119422572178477,0.0
presentation/presentation_0053.png,презентація,RVL-CDIP,,754,1000,21857,0.754,253.935700265252,14.786749239683067,0.003985411140583555,0.0
presentation/presentation_0054.png,презентація,RVL-CDIP,,754,1000,710508,0.754,224.71659416445624,59.304521854847756,0.09440981432360743,0.0
presentation/presentation_0055.png,презентація,RVL-CDIP,,754,1000,259844,0.754,239.92871883289124,50.87081872262137,0.05862997347480106,0.0
presentation/presentation_0056.png,презентація,RVL-CDIP,,802,1000,62009,0.802,251.13195635910225,28.26317926177331,0.015115960099750624,0.0
presentation/presentation_0057.png,презентація,RVL-CDIP,,762,1000,29858,0.762,252.01960236220472,25.12173584389399,0.01221784776902887,0.0
presentation/presentation_0058.png,презентація,RVL-CDIP,,777,1000,228017,0.777,244.14795366795366,43.1867307849268,0.041316602316602315,0.0
presentation/presentation_0059.png,презентація,RVL-CDIP,,771,1000,153457,0.771,218.39547341115434,86.42623312390339,0.14338002594033722,0.0
presentation/presentation_0060.png,презентація,RVL-CDIP,,771,1000,215671,0.771,246.50145395590144,35.65809644728652,0.032911802853437096,0.0
presentation/presentation_0061.png,презентація,RVL-CDIP,,754,1000,38065,0.754,250.27891114058355,32.8247634544952,0.018311671087533156,0.0
presentation/presentation_0062.png,презентація,RVL-CDIP,,785,1000,49724,0.785,252.3958407643312,22.803424578551276,0.01005732484076433,0.0
presentation/presentation_0063.png,презентація,RVL-CDIP,,777,1000,80083,0.777,248.74976061776061,36.55078902284292,0.02385070785070785,0.0
presentation/presentation_0064.png,презентація,RVL-CDIP,,777,1000,225839,0.777,236.53899227799226,59.75236874785259,0.07268854568854569,0.0
presentation/presentation_0065.png,презентація,RVL-CDIP,,754,1000,21175,0.754,254.2890477453581,11.218747356532717,0.00276790450928382,0.0
presentation/presentation_0066.png,презентація,RVL-CDIP,,754,1000,44165,0.754,251.06375862068967,29.582430553248276,0.015348806366047745,0.0
presentation/presentation_0067.png,презентація,RVL-CDIP,,777,1000,246664,0.777,243.96483011583013,42.48558277550432,0.04295752895752896,0.0
presentation/presentation_0068.png,презентація,RVL-CDIP,,777,1000,58365,0.777,250.94297812097813,29.686827450104673,0.015514800514800515,0.0
presentation/presentation_0069.png,презентація,RVL-CDIP,,842,1000,1014152,0.842,208.03874228028505,70.26419924113355,0.17266152019002376,0.0
presentation/presentation_0070.png,презентація,RVL-CDIP,,777,1000,324999,0.777,242.41759845559847,43.70733455789044,0.04734620334620335,0.0
presentation/presentation_0071.png,презентація,RVL-CDIP,,754,1000,195236,0.754,245.01185411140582,40.986134746312764,0.038046419098143235,0.0
presentation/presentation_0072.png,презентація,RVL-CDIP,,809,1000,230711,0.809,246.83386650185415,34.72261491888848,0.022401730531520395,0.0
presentation/presentation_0073.png,презентація,RVL-CDIP,,754,1000,136481,0.754,243.27816312997348,48.95491476501394,0.046104774535809016,0.0
presentation/presentation_0074.png,презентація,RVL-CDIP,,777,1000,119389,0.777,248.9261364221364,33.3798969784636,0.023383526383526382,0.0
presentation/presentation_0075.png,презентація,RVL-CDIP,,754,1000,142135,0.754,246.66714323607428,39.010125795715155,0.03228779840848806,0.0
presentation/presentation_0076.png,презентація,RVL-CDIP,,754,1000,23531,0.754,253.4281578249337,18.405170187484355,0.0061392572944297084,0.0
presentation/presentation_0077.png,презентація,RVL-CDIP,,754,1000,143079,0.754,244.99384880636606,44.71945833980166,0.03912599469496021,0.0
presentation/presentation_0078.png,презентація,RVL-CDIP,,754,1000,235966,0.754,240.5094946949602,50.49033500006123,0.05646816976127321,0.0
presentation/presentation_0079.png,презентація,RVL-CDIP,,843,1000,207737,0.843,245.34560854092527,41.11118950242923,0.037372479240806646,0.0
presentation/presentation_0080.png,презентація,RVL-CDIP,,762,1000,298900,0.762,232.45207742782154,63.54241229383719,0.0878241469816273,0.0
presentation/presentation_0081.png,презентація,RVL-CDIP,,754,1000,55719,0.754,250.02970822281168,32.526603853927064,0.019454907161803713,0.0
presentation/presentation_0082.png,презентація,RVL-CDIP,,754,1000,112431,0.754,248.7302851458886,34.46583889853401,0.023956233421750663,0.0
presentation/presentation_0083.png,презентація,RVL-CDIP,,719,1000,217720,0.719,246.5009916550765,35.460460287495465,0.03102642559109875,0.0
presentation/presentation_0084.png,презентація,RVL-CDIP,,754,1000,168897,0.754,248.4553925729443,31.37303480004316,0.0248315649867374,0.0
presentation/presentation_0085.png,презентація,RVL-CDIP,,777,1000,122709,0.777,248.2342084942085,35.47860302361645,0.026155727155727157,0.0
presentation/presentation_0086.png,презентація,RVL-CDIP,,754,1000,158931,0.754,242.36176923076923,50.074646649597284,0.04939389920424403,0.0
presentation/presentation_0087.png,презентація,RVL-CDIP,,754,1000,111126,0.754,248.67497214854112,34.98810120020864,0.02403315649867374,0.0
presentation/presentation_0088.png,презентація,RVL-CDIP,,754,1000,74706,0.754,250.85374270557028,27.987320429527486,0.015992042440318304,0.0
presentation/presentation_0089.png,презентація,RVL-CDIP,,783,1000,169311,0.783,248.12402298850574,33.44025579594251,0.02671519795657727,0.0
presentation/presentation_0090.png,презентація,RVL-CDIP,,754,1000,1120422,0.754,129.43035676392572,95.76987633635196,0.5967413793103449,0.0
presentation/presentation_0091.png,презентація,RVL-CDIP,,774,1000,214219,0.774,243.43445736434109,43.80178307200453,0.04470542635658915,0.0
presentation/presentation_0092.png,презентація,RVL-CDIP,,772,1000,200741,0.772,236.01652720207255,61.13862423398688,0.07409974093264249,0.0
presentation/presentation_0093.png,презентація,RVL-CDIP,,777,1000,92068,0.777,250.46358558558558,29.6635494658329,0.017383526383526384,0.0
presentation/presentation_0094.png,презентація,RVL-CDIP,,777,1000,256082,0.777,244.0923462033462,41.97380844920855,0.04127284427284427,0.0
presentation/presentation_0095.png,презентація,RVL-CDIP,,754,1000,188660,0.754,240.63044694960212,52.77709971332612,0.0559946949602122,0.0
presentation/presentation_0096.png,презентація,RVL-CDIP,,754,1000,217057,0.754,244.02478912466844,42.67863817012356,0.04212997347480106,0.0
presentation/presentation_0097.png,презентація,RVL-CDIP,,777,1000,20331,0.777,254.01476833976835,14.43685561035223,0.0037953667953667955,0.0
presentation/presentation_0098.png,презентація,RVL-CDIP,,762,1000,866943,0.762,93.05535695538057,105.38849141134527,0.6623057742782152,0.0
presentation/presentation_0099.png,презентація,RVL-CDIP,,754,1000,64600,0.754,252.81008885941645,19.35546369562715,0.007996021220159152,0.0
presentation/presentation_0100.png,презентація,RVL-CDIP,,754,1000,151718,0.754,247.4404045092838,35.33063522281353,0.028488063660477455,0.0
presentation/presentation_0101.png,презентація,RVL-CDIP,,777,1000,69669,0.777,251.32308494208493,26.694683498024652,0.014146718146718147,0.0
presentation/presentation_0102.png,презентація,RVL-CDIP,,807,1000,293806,0.807,236.82010161090457,57.081382246289785,0.0708091697645601,0.0
presentation/presentation_0103.png,презентація,RVL-CDIP,,754,1000,201586,0.754,244.3057201591512,42.823551189859884,0.041312997347480104,0.0
presentation/presentation_0104.png,презентація,RVL-CDIP,,754,1000,146029,0.754,245.86614588859416,41.40331245221632,0.03579442970822281,0.0
presentation/presentation_0105.png,презентація,RVL-CDIP,,776,1000,234880,0.776,238.96267268041237,54.39895741658492,0.06236211340206185,0.0
presentation/presentation_0106.png,презентація,RVL-CDIP,,777,1000,234724,0.777,242.6143552123552,47.33346751320497,0.04707464607464607,0.0
presentation/presentation_0107.png,презентація,RVL-CDIP,,762,1000,65944,0.762,139.25053674540683,125.99038235218575,0.4557204724409449,0.0
presentation/presentation_0108.png,презентація,RVL-CDIP,,754,1000,203351,0.754,244.70529575596817,41.42311873965341,0.03938859416445623,0.0
presentation/presentation_0109.png,презентація,RVL-CDIP,,754,1000,322086,0.754,202.9443328912467,95.39729033518205,0.20494562334217506,0.0
presentation/presentation_0110.png,презентація,RVL-CDIP,,779,1000,155307,0.779,248.36801540436457,33.43102737906489,0.025047496790757382,0.0
presentation/presentation_0111.png,презентація,RVL-CDIP,,754,1000,75330,0.754,249.37546153846154,32.92091148872583,0.021428381962864722,0.0
presentation/presentation_0112.png,презентація,RVL-CDIP,,754,1000,106912,0.754,249.36439920424402,32.63410991072946,0.0219973474801061,0.0
presentation/presentation_0113.png,презентація,RVL-CDIP,,754,1000,150999,0.754,246.9720596816976,37.644909307796105,0.030819628647214853,0.0
presentation/presentation_0114.png,презентація,RVL-CDIP,,777,1000,53974,0.777,251.31394723294724,28.020213830034763,0.0144002574002574,0.0
presentation/presentation_0115.png,презентація,RVL-CDIP,,762,1000,172334,0.762,243.90208005249343,45.19385269185071,0.043741469816272964,0.0
presentation/presentation_0116.png,презентація,RVL-CDIP,,777,1000,231540,0.777,239.81090733590733,53.16613364245049,0.059128700128700126,0.0
presentation/presentation_0117.png,презентація,RVL-CDIP,,777,1000,245375,0.777,241.67512355212355,48.9823975259626,0.05127927927927928,0.0
presentation/presentation_0118.png,презентація,RVL-CDIP,,777,1000,328327,0.777,224.83571171171172,74.62118076062546,0.11759202059202059,0.0
presentation/presentation_0119.png,презентація,RVL-CDIP,,754,1000,524648,0.754,199.73358222811672,92.5159291701599,0.20972944297082227,0.0
presentation/presentation_0120.png,презентація,RVL-CDIP,,802,1000,28341,0.802,253.58759600997507,17.313435682110807,0.00550997506234414,0.0
presentation/presentation_0121.png,презентація,RVL-CDIP,,766,1000,48310,0.766,251.02722584856397,29.04587317174861,0.01577154046997389,0.0
presentation/presentation_0122.png,презентація,RVL-CDIP,,788,1000,289472,0.788,230.5308223350254,68.58929169899967,0.0953261421319797,0.0
presentation/presentation_0123.png,презентація,RVL-CDIP,,754,1000,197063,0.754,237.15374137931033,59.933069622793134,0.07028514588859416,0.0
presentation/presentation_0124.png,презентація,RVL-CDIP,,782,1000,102519,0.782,247.49432608695653,39.47092349523001,0.029109974424552428,0.0
presentation/presentation_0125.png,презентація,RVL-CDIP,,847,1000,152867,0.847,241.6739622195986,52.35766679269579,0.0522125147579693,0.0
presentation/presentation_0126.png,презентація,RVL-CDIP,,754,1000,159432,0.754,245.47320291777189,42.09950383984289,0.03721087533156499,0.0
presentation/presentation_0127.png,презентація,RVL-CDIP,,764,1000,62951,0.764,248.270777486911,37.9297140212076,0.025417539267015708,0.0
presentation/presentation_0128.png,презентація,RVL-CDIP,,754,1000,325328,0.754,234.7394973474801,58.7912224737634,0.07765119363395226,0.0
presentation/presentation_0129.png,презентація,RVL-CDIP,,792,1000,203879,0.792,231.36024873737372,68.82696554953088,0.09203030303030303,0.0
presentation/presentation_0130.png,презентація,RVL-CDIP,,773,1000,229055,0.773,244.45718369987063,41.929171487350814,0.04102328589909444,0.0
presentation/presentation_0131.png,презентація,RVL-CDIP,,754,1000,262206,0.754,238.84184217506632,52.90095189660204,0.06237002652519894,0.0
presentation/presentation_0132.png,презентація,RVL-CDIP,,754,1000,205070,0.754,244.32222546419098,43.11254088267481,0.04176657824933687,0.0
presentation/presentation_0133.png,презентація,RVL-CDIP,,754,1000,218811,0.754,234.72783156498673,62.575487844561714,0.07927320954907162,0.0
presentation/presentation_0134.png,презентація,RVL-CDIP,,777,1000,269645,0.777,230.51799742599744,68.25207082270951,0.09508494208494209,0.0
presentation/presentation_0135.png,презентація,RVL-CDIP,,754,1000,156306,0.754,246.7455119363395,37.92439347492373,0.03182758620689655,0.0
presentation/presentation_0136.png,презентація,RVL-CDIP,,777,1000,538324,0.777,227.33932947232947,65.80200270127737,0.10195366795366795,0.0
presentation/presentation_0137.png,презентація,RVL-CDIP,,802,1000,131949,0.802,247.27488778054862,38.6030074584582,0.029890274314214465,0.0
presentation/presentation_0138.png,презентація,RVL-CDIP,,754,1000,316607,0.754,236.38048408488064,55.726849457230145,0.07192042440318303,0.0
presentation/presentation_0139.png,презентація,RVL-CDIP,,754,1000,178792,0.754,242.16487400530505,50.04603393725467,0.04996419098143236,0.0
presentation/presentation_0140.png,презентація,RVL-CDIP,,754,1000,50536,0.754,248.8773925729443,37.12599383649161,0.02389522546419098,0.0
presentation/presentation_0141.png,презентація,RVL-CDIP,,762,1000,194579,0.762,242.4885656167979,47.938334847959,0.048666666666666664,0.0
presentation/presentation_0142.png,презентація,RVL-CDIP,,762,1000,296295,0.762,224.2915682414698,75.99389953263217,0.1182257217847769,0.0
presentation/presentation_0143.png,презентація,RVL-CDIP,,762,1000,187586,0.762,245.52257349081364,40.40874567043606,0.03664041994750656,0.0
presentation/presentation_0144.png,презентація,RVL-CDIP,,754,1000,79213,0.754,249.46460344827585,32.767278822137996,0.021322281167108752,0.0
presentation/presentation_0145.png,презентація,RVL-CDIP,,777,1000,248444,0.777,233.00219176319177,65.04117517023852,0.08602316602316602,0.0
presentation/presentation_0146.png,презентація,RVL-CDIP,,762,1000,41008,0.762,252.37537007874016,22.013935879222906,0.009959317585301837,0.0
presentation/presentation_0147.png,презентація,RVL-CDIP,,754,1000,110839,0.754,141.07893899204245,125.23632073498092,0.4472241379310345,0.0
presentation/presentation_0148.png,презентація,RVL-CDIP,,754,1000,164855,0.754,247.20555968169762,36.2432458885544,0.029988063660477453,0.0
presentation/presentation_0149.png,презентація,RVL-CDIP,,762,1000,145671,0.762,244.7183779527559,44.38696882372647,0.03961811023622047,0.0
presentation/presentation_0150.png,презентація,RVL-CDIP,,802,1000,94501,0.802,243.69093765586035,49.872553375760276,0.04440773067331671,0.0
presentation/presentation_0151.png,презентація,RVL-CDIP,,754,1000,180026,0.754,245.93653580901858,39.44058700540529,0.03520689655172414,0.0
presentation/presentation_0152.png,презентація,RVL-CDIP,,792,1000,52932,0.792,251.1389292929293,28.708662098043636,0.014945707070707071,0.0
presentation/presentation_0153.png,презентація,RVL-CDIP,,754,1000,322105,0.754,232.56729177718833,62.7753002220664,0.08727188328912466,0.0
presentation/presentation_0154.png,презентація,RVL-CDIP,,778,1000,216357,0.778,244.75725964010283,42.57165180342335,0.039026992287917735,0.0
presentation/presentation_0155.png,презентація,RVL-CDIP,,775,1000,353274,0.775,232.1480283870968,62.757162890368356,0.0856825806451613,0.0
presentation/presentation_0156.png,презентація,RVL-CDIP,,782,1000,132760,0.782,244.17079156010232,46.860623486759174,0.04120716112531969,0.0
presentation/presentation_0157.png,презентація,RVL-CDIP,,762,1000,36299,0.762,253.21253674540682,18.911071068867216,0.006860892388451443,0.0
presentation/presentation_0158.png,презентація,RVL-CDIP,,754,1000,995774,0.754,169.43477188328913,78.39350284978578,0.36345225464190983,0.0
presentation/presentation_0159.png,презентація,RVL-CDIP,,785,1000,66961,0.785,243.10913503184713,51.80815076533003,0.04629044585987261,0.0
presentation/presentation_0160.png,презентація,RVL-CDIP,,678,1000,411092,0.678,234.29400442477876,54.81601317440246,0.07952064896755162,0.0
presentation/presentation_0161.png,презентація,RVL-CDIP,,796,1000,1047226,0.796,223.58430025125628,48.99785298342393,0.049585427135678393,0.0
presentation/presentation_0162.png,презентація,RVL-CDIP,,754,1000,96649,0.754,246.07050132625994,43.550451128418,0.03496816976127321,0.0
presentation/presentation_0163.png,презентація,RVL-CDIP,,768,1000,201863,0.768,241.37862369791668,51.21147596386438,0.05246484375,0.0
presentation/presentation_0164.png,презентація,RVL-CDIP,,777,1000,170232,0.777,117.87544787644788,125.16596010551989,0.5382123552123552,0.0
presentation/presentation_0165.png,презентація,RVL-CDIP,,802,1000,154353,0.802,245.63601122194513,42.63971261593995,0.035785536159601,0.0
presentation/presentation_0166.png,презентація,RVL-CDIP,,777,1000,224410,0.777,243.70189703989703,44.12453721639276,0.042261261261261264,0.0
presentation/presentation_0167.png,презентація,RVL-CDIP,,802,1000,28385,0.802,253.56725311720697,17.44846442909627,0.0055910224438902745,0.0
presentation/presentation_0168.png,презентація,RVL-CDIP,,754,1000,189770,0.754,247.26036472148542,34.42034751340987,0.0293315649867374,0.0
presentation/presentation_0169.png,презентація,RVL-CDIP,,754,1000,172287,0.754,243.68242705570293,46.7636754726521,0.04403315649867374,0.0
presentation/presentation_0170.png,презентація,RVL-CDIP,,762,1000,130535,0.762,241.75031364829397,52.697480446788745,0.05117060367454068,0.0
presentation/presentation_0171.png,презентація,RVL-CDIP,,777,1000,105494,0.777,249.71134362934362,31.58272083534379,0.020216216216216217,0.0
presentation/presentation_0172.png,презентація,RVL-CDIP,,767,1000,186144,0.767,219.3439074315515,84.58296763989243,0.13952151238591917,0.0
presentation/presentation_0173.png,презентація,RVL-CDIP,,768,1000,322654,0.768,233.17542708333335,61.790387697414296,0.0846953125,0.0
presentation/presentation_0174.png,презентація,RVL-CDIP,,754,1000,240098,0.754,232.7356047745358,65.47819575276513,0.08725596816976128,0.0
presentation/presentation_0175.png,презентація,RVL-CDIP,,809,1000,275438,0.809,241.3078652657602,48.45564529934732,0.05298516687268232,0.0
presentation/presentation_0176.png,презентація,RVL-CDIP,,754,1000,105550,0.754,247.23889389920424,39.43674542754672,0.030360742705570293,0.0
presentation/presentation_0177.png,презентація,RVL-CDIP,,796,1000,303124,0.796,235.18220603015075,59.68156160773152,0.07679522613065326,0.0
presentation/presentation_0178.png,презентація,RVL-CDIP,,754,1000,169686,0.754,245.9141697612732,40.28987063283323,0.03498541114058355,0.0
presentation/presentation_0179.png,презентація,RVL-CDIP,,754,1000,126152,0.754,248.3187175066313,34.35168147189776,0.025986737400530504,0.0
presentation/presentation_0180.png,презентація,RVL-CDIP,,796,1000,68868,0.796,250.21881532663318,31.35628367060939,0.018871859296482413,0.0
presentation/presentation_0181.png,презентація,RVL-CDIP,,762,1000,186867,0.762,244.04775721784776,43.80867525555976,0.04161023622047244,0.0
presentation/presentation_0182.png,презентація,RVL-CDIP,,754,1000,274934,0.754,238.3281777188329,53.0101762381149,0.05971087533156499,0.0
presentation/presentation_0183.png,презентація,RVL-CDIP,,754,1000,335120,0.754,231.64315384615384,63.99886680715273,0.09041246684350132,0.0
presentation/presentation_0184.png,презентація,RVL-CDIP,,754,1000,87535,0.754,241.29461671087535,54.413077673924874,0.05326127320954907,0.0
presentation/presentation_0185.png,презентація,RVL-CDIP,,762,1000,517817,0.762,218.24634645669292,76.15324656058489,0.13374803149606299,0.0
presentation/presentation_0186.png,презентація,RVL-CDIP,,754,1000,282184,0.754,236.3944946949602,57.32738626617051,0.07294031830238727,0.0
presentation/presentation_0187.png,презентація,RVL-CDIP,,762,1000,50469,0.762,252.79867060367454,19.818561001620715,0.00847244094488189,0.0
presentation/presentation_0188.png,презентація,RVL-CDIP,,795,1000,62067,0.795,251.92143522012577,24.30759313834129,0.011988679245283018,0.0
presentation/presentation_0189.png,презентація,RVL-CDIP,,762,1000,29729,0.762,248.88004461942256,37.569803578011935,0.02422703412073491,0.0
questionnaire/questionnaire_0000.png,анкета,RVL-CDIP,,754,1000,111919,0.754,247.32128647214853,38.326682991281935,0.029088859416445623,0.0
questionnaire/questionnaire_0001.png,анкета,RVL-CDIP,,831,1000,207063,0.831,248.62886883273165,30.25012944521246,0.0228014440433213,0.0
questionnaire/questionnaire_0002.png,анкета,RVL-CDIP,,777,1000,299943,0.777,245.48101415701416,37.99034849864773,0.03229086229086229,0.0
questionnaire/questionnaire_0003.png,анкета,RVL-CDIP,,754,1000,161125,0.754,244.6798700265252,43.90340578299709,0.03993899204244032,0.0
questionnaire/questionnaire_0004.png,анкета,RVL-CDIP,,784,1000,154505,0.784,245.80082015306124,41.41877710074536,0.03554974489795918,0.0
questionnaire/questionnaire_0005.png,анкета,RVL-CDIP,,808,1000,249092,0.808,241.1759839108911,48.16791202369595,0.053517326732673266,0.0
questionnaire/questionnaire_0006.png,анкета,RVL-CDIP,,762,1000,189964,0.762,241.7700971128609,48.69822804788375,0.04971653543307086,0.0
questionnaire/questionnaire_0007.png,анкета,RVL-CDIP,,762,1000,287430,0.762,237.36473359580052,55.26337488122094,0.06855905511811024,0.0
questionnaire/questionnaire_0008.png,анкета,RVL-CDIP,,754,1000,461148,0.754,213.11352387267905,84.00907597249291,0.16427188328912468,0.0
questionnaire/questionnaire_0009.png,анкета,RVL-CDIP,,762,1000,202832,0.762,243.3466404199475,44.99459842762632,0.04478477690288714,0.0
questionnaire/questionnaire_0010.png,анкета,RVL-CDIP,,754,1000,199802,0.754,243.27861140583553,46.750530547297195,0.043748010610079574,0.0
questionnaire/questionnaire_0011.png,анкета,RVL-CDIP,,754,1000,167313,0.754,241.24283554376657,52.228140520206324,0.053046419098143234,0.0
questionnaire/questionnaire_0012.png,анкета,RVL-CDIP,,779,1000,177233,0.779,246.75144159178433,36.59893489090944,0.03179075738125802,0.0
questionnaire/questionnaire_0013.png,анкета,RVL-CDIP,,777,1000,110928,0.777,246.4474839124839,41.733390165108375,0.03298326898326898,0.0
questionnaire/questionnaire_0014.png,анкета,RVL-CDIP,,764,1000,238104,0.764,237.19344764397906,57.72707166607301,0.06871465968586388,0.0
questionnaire/questionnaire_0015.png,анкета,RVL-CDIP,,764,1000,301524,0.764,238.3325327225131,53.10565843042313,0.06436125654450262,0.0
questionnaire/questionnaire_0016.png,анкета,RVL-CDIP,,808,1000,290169,0.808,243.71802475247526,41.178801739876555,0.040232673267326734,0.0
questionnaire/questionnaire_0017.png,анкета,RVL-CDIP,,754,1000,240798,0.754,245.54916445623343,37.58312945979248,0.0349973474801061,0.0
questionnaire/questionnaire_0018.png,анкета,RVL-CDIP,,766,1000,210629,0.766,241.9496684073107,48.556016875612556,0.050180156657963444,0.0
questionnaire/questionnaire_0019.png,анкета,RVL-CDIP,,634,1000,254024,0.634,243.73363722397477,38.53145174100016,0.040042586750788645,0.0
questionnaire/questionnaire_0020.png,анкета,RVL-CDIP,,754,1000,241707,0.754,241.22624137931035,48.954954100873785,0.05355039787798409,0.0
questionnaire/questionnaire_0021.png,анкета,RVL-CDIP,,754,1000,263650,0.754,239.55463129973475,51.19924404732853,0.059579575596816974,0.0
questionnaire/questionnaire_0022.png,анкета,RVL-CDIP,,754,1000,267899,0.754,236.27794694960212,57.756913696203625,0.07246551724137931,0.0
questionnaire/questionnaire_0023.png,анкета,RVL-CDIP,,754,1000,201334,0.754,244.20063395225463,42.005839850679926,0.042523872679045095,0.0
questionnaire/questionnaire_0024.png,анкета,RVL-CDIP,,754,1000,26394,0.754,252.33176392572943,24.24196744796062,0.010091511936339522,0.0
questionnaire/questionnaire_0025.png,анкета,RVL-CDIP,,754,1000,254923,0.754,236.7056379310345,57.85018554579777,0.0706763925729443,0.0
questionnaire/questionnaire_0026.png,анкета,RVL-CDIP,,754,1000,218872,0.754,242.69658620689654,46.618958570096126,0.04795225464190982,0.0
questionnaire/questionnaire_0027.png,анкета,RVL-CDIP,,803,1000,146418,0.803,249.03825902864259,32.11658829318853,0.022326276463262764,0.0
questionnaire/questionnaire_0028.png,анкета,RVL-CDIP,,799,1000,256571,0.799,245.2568085106383,38.362978990472136,0.037503128911138925,0.0
questionnaire/questionnaire_0029.png,анкета,RVL-CDIP,,778,1000,123484,0.778,245.0101966580977,44.96035062892612,0.03869280205655527,0.0
questionnaire/questionnaire_0030.png,анкета,RVL-CDIP,,713,1000,214063,0.713,240.74560448807856,50.428670198753785,0.0553562412342216,0.0
questionnaire/questionnaire_0031.png,анкета,RVL-CDIP,,762,1000,125721,0.762,246.5384750656168,39.703826249895926,0.03294619422572179,0.0
questionnaire/questionnaire_0032.png,анкета,RVL-CDIP,,754,1000,149595,0.754,247.40106631299736,35.60588862763817,0.029257294429708224,0.0
questionnaire/questionnaire_0033.png,анкета,RVL-CDIP,,754,1000,202226,0.754,238.92220424403183,54.7450965629592,0.06308753315649868,0.0
questionnaire/questionnaire_0034.png,анкета,RVL-CDIP,,789,1000,124196,0.789,235.07536882129278,65.26299650217713,0.07812801013941699,0.0
questionnaire/questionnaire_0035.png,анкета,RVL-CDIP,,774,1000,212058,0.774,241.74463565891472,47.60379567531052,0.05024935400516796,0.0
questionnaire/questionnaire_0036.png,анкета,RVL-CDIP,,754,1000,189388,0.754,242.85242572944298,47.409515243543396,0.0470026525198939,0.0
questionnaire/questionnaire_0037.png,анкета,RVL-CDIP,,754,1000,199341,0.754,236.80336604774536,59.378743937881886,0.06954509283819629,0.0
questionnaire/questionnaire_0038.png,анкета,RVL-CDIP,,754,1000,228493,0.754,245.00085145888593,39.45786994506011,0.03729177718832891,0.0
questionnaire/questionnaire_0039.png,анкета,RVL-CDIP,,762,1000,768093,0.762,219.94956824146982,65.36558674402772,0.11908792650918636,0.0
questionnaire/questionnaire_0040.png,анкета,RVL-CDIP,,810,1000,169681,0.81,245.05784444444444,42.999597755172864,0.037735802469135805,0.0
questionnaire/questionnaire_0041.png,анкета,RVL-CDIP,,794,1000,234737,0.794,244.55923803526449,42.16653282942738,0.04092821158690176,0.0
questionnaire/questionnaire_0042.png,анкета,RVL-CDIP,,754,1000,200202,0.754,246.4936153846154,36.48786723361487,0.032582228116710875,0.0
questionnaire/questionnaire_0043.png,анкета,RVL-CDIP,,776,1000,156802,0.776,245.75032731958763,42.20064287322505,0.03556701030927835,0.0
questionnaire/questionnaire_0044.png,анкета,RVL-CDIP,,754,1000,208687,0.754,241.61170822281167,49.37437144668999,0.0518289124668435,0.0
questionnaire/questionnaire_0045.png,анкета,RVL-CDIP,,802,1000,169344,0.802,247.29460224438904,36.23761938434674,0.029399002493765584,0.0
questionnaire/questionnaire_0046.png,анкета,RVL-CDIP,,799,1000,221490,0.799,242.07913642052566,47.582404592334846,0.05065456821026283,0.0
questionnaire/questionnaire_0047.png,анкета,RVL-CDIP,,788,1000,177236,0.788,240.82974492385787,53.20609044238604,0.055463197969543146,0.0
questionnaire/questionnaire_0048.png,анкета,RVL-CDIP,,801,1000,195289,0.801,245.11040574282148,41.478557661195275,0.03734956304619226,0.0
questionnaire/questionnaire_0049.png,анкета,RVL-CDIP,,762,1000,183402,0.762,245.1681312335958,41.874292279816906,0.037349081364829395,0.0
questionnaire/questionnaire_0050.png,анкета,RVL-CDIP,,773,1000,222388,0.773,240.61913065976714,50.73864417073391,0.055747736093143596,0.0
questionnaire/questionnaire_0051.png,анкета,RVL-CDIP,,754,1000,198235,0.754,246.5319098143236,35.53136676521279,0.0306657824933687,0.0
questionnaire/questionnaire_0052.png,анкета,RVL-CDIP,,791,1000,165807,0.791,241.4134854614412,51.91698337265504,0.053117572692793935,0.0
questionnaire/questionnaire_0053.png,анкета,RVL-CDIP,,754,1000,271192,0.754,238.2866803713528,53.78535149880582,0.06434350132625995,0.0
questionnaire/questionnaire_0054.png,анкета,RVL-CDIP,,762,1000,178315,0.762,245.67102624671915,40.38746579159868,0.03587401574803149,0.0
questionnaire/questionnaire_0055.png,анкета,RVL-CDIP,,762,1000,100655,0.762,249.21636089238845,33.617858104024144,0.02254199475065617,0.0
questionnaire/questionnaire_0056.png,анкета,RVL-CDIP,,777,1000,86868,0.777,250.14549549549548,29.43653609573685,0.018915057915057914,0.0
questionnaire/questionnaire_0057.png,анкета,RVL-CDIP,,810,1000,160955,0.81,242.68108395061728,49.91019155391518,0.04780123456790124,0.0
questionnaire/questionnaire_0058.png,анкета,RVL-CDIP,,762,1000,374778,0.762,234.3826062992126,57.35855370636487,0.08243700787401574,0.0
questionnaire/questionnaire_0059.png,анкета,RVL-CDIP,,762,1000,145245,0.762,230.77523622047244,70.7315582626439,0.0948517060367454,0.0
questionnaire/questionnaire_0060.png,анкета,RVL-CDIP,,777,1000,426533,0.777,240.58296138996138,45.410384830825954,0.046990990990990994,0.0
questionnaire/questionnaire_0061.png,анкета,RVL-CDIP,,762,1000,226563,0.762,242.36385564304462,45.94380888596733,0.04915748031496063,0.0
questionnaire/questionnaire_0062.png,анкета,RVL-CDIP,,762,1000,96660,0.762,249.31444881889763,31.102429560485565,0.022353018372703412,0.0
questionnaire/questionnaire_0063.png,анкета,RVL-CDIP,,777,1000,1440752,0.777,156.3503075933076,93.96988273466475,0.3685688545688546,0.0
questionnaire/questionnaire_0064.png,анкета,RVL-CDIP,,811,1000,179283,0.811,241.75179531442663,51.12661404041935,0.05166461159062885,0.0
questionnaire/questionnaire_0065.png,анкета,RVL-CDIP,,754,1000,301170,0.754,232.6406604774536,61.14989434189815,0.08771087533156499,0.0
questionnaire/questionnaire_0066.png,анкета,RVL-CDIP,,788,1000,217713,0.788,235.25015482233502,61.8883754551167,0.0774746192893401,0.0
questionnaire/questionnaire_0067.png,анкета,RVL-CDIP,,777,1000,180832,0.777,246.7594568854569,37.53377338022452,0.031765765765765765,0.0
questionnaire/questionnaire_0068.png,анкета,RVL-CDIP,,795,1000,219610,0.795,245.60053333333335,39.34605902721919,0.036055345911949685,0.0
questionnaire/questionnaire_0069.png,анкета,RVL-CDIP,,762,1000,142282,0.762,246.27180183727035,40.63864811819062,0.033888451443569556,0.0
questionnaire/questionnaire_0070.png,анкета,RVL-CDIP,,828,1000,296825,0.828,242.55287681159422,42.68417375972085,0.04765821256038647,0.0
questionnaire/questionnaire_0071.png,анкета,RVL-CDIP,,754,1000,210513,0.754,241.27531962864722,50.30346675993216,0.05288063660477454,0.0
questionnaire/questionnaire_0072.png,анкета,RVL-CDIP,,762,1000,121601,0.762,250.28391994750658,27.001157061119805,0.01778477690288714,0.0
questionnaire/questionnaire_0073.png,анкета,RVL-CDIP,,783,1000,91281,0.783,248.34055683269477,37.04811493899318,0.026020434227330778,0.0
questionnaire/questionnaire_0074.png,анкета,RVL-CDIP,,625,1000,243204,0.625,240.7782256,45.49556899870036,0.0549728,0.0
questionnaire/questionnaire_0075.png,анкета,RVL-CDIP,,754,1000,238900,0.754,88.59550795755968,117.65128323086539,0.6530623342175066,0.0
questionnaire/questionnaire_0076.png,анкета,RVL-CDIP,,777,1000,43779,0.777,253.27252895752895,17.60535178191539,0.006635778635778636,0.0
questionnaire/questionnaire_0077.png,анкета,RVL-CDIP,,762,1000,134121,0.762,247.05713385826772,38.09542653815302,0.030601049868766404,0.0
questionnaire/questionnaire_0078.png,анкета,RVL-CDIP,,754,1000,50820,0.754,253.06208620689654,18.955029446670178,0.0072838196286472146,0.0
questionnaire/questionnaire_0079.png,анкета,RVL-CDIP,,754,1000,252162,0.754,243.18434350132625,44.58071840844472,0.04372546419098143,0.0
questionnaire/questionnaire_0080.png,анкета,RVL-CDIP,,776,1000,407731,0.776,221.35145103092785,76.34266112358536,0.13091623711340206,0.0
questionnaire/questionnaire_0081.png,анкета,RVL-CDIP,,777,1000,158281,0.777,247.34645045045045,35.44961436603465,0.028912483912483914,0.0
questionnaire/questionnaire_0082.png,анкета,RVL-CDIP,,767,1000,252694,0.767,243.68453063885266,43.17749731502008,0.042357235984354626,0.0
questionnaire/questionnaire_0083.png,анкета,RVL-CDIP,,745,1000,137198,0.745,248.28197315436242,33.59548691126009,0.025394630872483222,0.0
questionnaire/questionnaire_0084.png,анкета,RVL-CDIP,,777,1000,335499,0.777,240.73565894465895,48.06479390761756,0.05211454311454312,0.0
questionnaire/questionnaire_0085.png,анкета,RVL-CDIP,,786,1000,274247,0.786,242.80806488549618,44.637575646976565,0.04741348600508906,0.0
questionnaire/questionnaire_0086.png,анкета,RVL-CDIP,,778,1000,181687,0.778,240.50927892030847,53.40952536545163,0.05682133676092545,0.0
questionnaire/questionnaire_0087.png,анкета,RVL-CDIP,,762,1000,166350,0.762,245.91305774278214,40.22123862891887,0.03470472440944882,0.0
questionnaire/questionnaire_0088.png,анкета,RVL-CDIP,,616,1000,199024,0.616,244.7444237012987,39.5079509576544,0.039482142857142855,0.0
questionnaire/questionnaire_0089.png,анкета,RVL-CDIP,,762,1000,157097,0.762,245.53623359580052,41.19722985218775,0.036322834645669294,0.0
questionnaire/questionnaire_0090.png,анкета,RVL-CDIP,,785,1000,115200,0.785,243.65448025477707,48.768653770920864,0.044024203821656054,0.0
questionnaire/questionnaire_0091.png,анкета,RVL-CDIP,,777,1000,1128606,0.777,207.3760283140283,72.29070333951826,0.15558301158301158,0.0
questionnaire/questionnaire_0092.png,анкета,RVL-CDIP,,777,1000,134862,0.777,249.19205148005148,31.344841241757244,0.020283140283140284,0.0
questionnaire/questionnaire_0093.png,анкета,RVL-CDIP,,754,1000,273462,0.754,242.7131949602122,43.615235686434275,0.04293103448275862,0.0
questionnaire/questionnaire_0094.png,анкета,RVL-CDIP,,771,1000,257404,0.771,237.19513488975358,55.792900672359394,0.07037354085603113,0.0
questionnaire/questionnaire_0095.png,анкета,RVL-CDIP,,777,1000,296718,0.777,243.01832303732303,42.293589276240596,0.044386100386100386,0.0
questionnaire/questionnaire_0096.png,анкета,RVL-CDIP,,808,1000,289856,0.808,243.81770297029703,41.673798609740835,0.041288366336633665,0.0
questionnaire/questionnaire_0097.png,анкета,RVL-CDIP,,762,1000,156372,0.762,216.52958530183727,87.48641917125236,0.1511797900262467,0.0
questionnaire/questionnaire_0098.png,анкета,RVL-CDIP,,614,1000,170750,0.614,247.4795684039088,31.90744370295705,0.027982084690553747,0.0
questionnaire/questionnaire_0099.png,анкета,RVL-CDIP,,762,1000,60106,0.762,251.50582414698164,26.51340284429319,0.012954068241469816,0.0
questionnaire/questionnaire_0100.png,анкета,RVL-CDIP,,762,1000,210884,0.762,228.80763517060367,71.3409960510588,0.10223359580052493,0.0
questionnaire/questionnaire_0101.png,анкета,RVL-CDIP,,774,1000,160036,0.774,247.5016149870801,35.146211692844304,0.028790697674418605,0.0
questionnaire/questionnaire_0102.png,анкета,RVL-CDIP,,765,1000,379206,0.765,220.87753725490197,78.53848690770585,0.13502483660130718,0.0
questionnaire/questionnaire_0103.png,анкета,RVL-CDIP,,777,1000,502201,0.777,236.0545546975547,52.01636709653411,0.06427927927927927,0.0
questionnaire/questionnaire_0104.png,анкета,RVL-CDIP,,762,1000,156275,0.762,219.25770603674542,84.4905860645456,0.13924409448818897,0.0
questionnaire/questionnaire_0105.png,анкета,RVL-CDIP,,754,1000,146593,0.754,241.13533952254642,52.791338324071006,0.05439655172413793,0.0
questionnaire/questionnaire_0106.png,анкета,RVL-CDIP,,754,1000,157881,0.754,241.50438196286473,51.711789870083116,0.05229708222811671,0.0
questionnaire/questionnaire_0107.png,анкета,RVL-CDIP,,784,1000,179419,0.784,245.4991007653061,39.33468018832628,0.03578061224489796,0.0
questionnaire/questionnaire_0108.png,анкета,RVL-CDIP,,762,1000,161443,0.762,220.28641994750657,83.47649476850815,0.13570997375328084,0.0
questionnaire/questionnaire_0109.png,анкета,RVL-CDIP,,771,1000,217936,0.771,245.0097029831388,38.94435973128016,0.03891828793774319,0.0
questionnaire/questionnaire_0110.png,анкета,RVL-CDIP,,777,1000,235520,0.777,243.88174903474902,45.09376782902598,0.040263835263835264,0.0
questionnaire/questionnaire_0111.png,анкета,RVL-CDIP,,777,1000,162457,0.777,245.89012483912484,40.37015703055507,0.03400643500643501,0.0
questionnaire/questionnaire_0112.png,анкета,RVL-CDIP,,792,1000,64352,0.792,250.41387752525253,31.15543319009987,0.017868686868686867,0.0
questionnaire/questionnaire_0113.png,анкета,RVL-CDIP,,754,1000,401708,0.754,235.11350795755968,55.0412270902825,0.0732970822281167,0.0
questionnaire/questionnaire_0114.png,анкета,RVL-CDIP,,762,1000,78825,0.762,251.61606036745408,23.179994764617472,0.012636482939632546,0.0
questionnaire/questionnaire_0115.png,анкета,RVL-CDIP,,762,1000,185313,0.762,243.5966036745407,44.811392568749035,0.04361286089238845,0.0
questionnaire/questionnaire_0116.png,анкета,RVL-CDIP,,843,1000,192332,0.843,248.1231447212337,30.842152780979713,0.025818505338078293,0.0
questionnaire/questionnaire_0117.png,анкета,RVL-CDIP,,776,1000,150565,0.776,248.38522551546393,32.78102405596727,0.025509020618556703,0.0
questionnaire/questionnaire_0118.png,анкета,RVL-CDIP,,772,1000,147426,0.772,245.5799067357513,42.60946653303283,0.03725518134715026,0.0
questionnaire/questionnaire_0119.png,анкета,RVL-CDIP,,742,1000,378233,0.742,171.08628436657682,113.31541663869042,0.3287156334231806,0.0
questionnaire/questionnaire_0120.png,анкета,RVL-CDIP,,754,1000,54395,0.754,252.58876923076923,19.85696045834704,0.008803713527851458,0.0
questionnaire/questionnaire_0121.png,анкета,RVL-CDIP,,790,1000,423790,0.79,236.0924911392405,54.657556785348476,0.0655886075949367,0.0
questionnaire/questionnaire_0122.png,анкета,RVL-CDIP,,775,1000,63983,0.775,246.92320774193547,42.040539049758415,0.031189677419354838,0.0
questionnaire/questionnaire_0123.png,анкета,RVL-CDIP,,762,1000,64701,0.762,251.2723622047244,26.53399498182622,0.014528871391076115,0.0
questionnaire/questionnaire_0124.png,анкета,RVL-CDIP,,778,1000,151627,0.778,242.75105912596402,49.672274082257715,0.04755526992287918,0.0
questionnaire/questionnaire_0125.png,анкета,RVL-CDIP,,780,1000,58843,0.78,243.35771794871795,52.03010905356221,0.04539615384615384,0.0
questionnaire/questionnaire_0126.png,анкета,RVL-CDIP,,769,1000,571094,0.769,228.5550169050715,62.49506150938755,0.097,0.0
questionnaire/questionnaire_0127.png,анкета,RVL-CDIP,,762,1000,102360,0.762,249.04799868766403,33.71059985498146,0.0234002624671916,0.0
questionnaire/questionnaire_0128.png,анкета,RVL-CDIP,,777,1000,434567,0.777,232.79194723294722,56.40443379404283,0.08467310167310167,0.0
questionnaire/questionnaire_0129.png,анкета,RVL-CDIP,,754,1000,181110,0.754,246.51900663129973,37.11251820408084,0.03186339522546419,0.0
questionnaire/questionnaire_0130.png,анкета,RVL-CDIP,,754,1000,44875,0.754,252.4845477453581,22.46423110190307,0.009819628647214853,0.0
questionnaire/questionnaire_0131.png,анкета,RVL-CDIP,,786,1000,292224,0.786,238.91015267175572,48.810689045706376,0.061111959287531804,0.0
questionnaire/questionnaire_0132.png,анкета,RVL-CDIP,,796,1000,141981,0.796,245.9501432160804,41.899110480112995,0.035085427135678394,0.0
questionnaire/questionnaire_0133.png,анкета,RVL-CDIP,,768,1000,224305,0.768,244.221671875,41.707864305346156,0.04154296875,0.0
questionnaire/questionnaire_0134.png,анкета,RVL-CDIP,,754,1000,315644,0.754,238.11237267904508,52.13324783864841,0.06554509283819629,0.0
questionnaire/questionnaire_0135.png,анкета,RVL-CDIP,,766,1000,184687,0.766,243.86427415143604,45.51688587373763,0.04301305483028721,0.0
questionnaire/questionnaire_0136.png,анкета,RVL-CDIP,,780,1000,155385,0.78,242.50112564102565,49.791865685837905,0.04774871794871795,0.0
questionnaire/questionnaire_0137.png,анкета,RVL-CDIP,,762,1000,233518,0.762,236.48768635170603,58.38558084385051,0.07151968503937008,0.0
questionnaire/questionnaire_0138.png,анкета,RVL-CDIP,,754,1000,157504,0.754,244.23862599469496,45.17653435771327,0.04112997347480106,0.0
questionnaire/questionnaire_0139.png,анкета,RVL-CDIP,,762,1000,367285,0.762,226.682719160105,70.39376116591481,0.11042125984251969,0.0
questionnaire/questionnaire_0140.png,анкета,RVL-CDIP,,792,1000,218811,0.792,240.19868055555557,53.001484727883586,0.05744191919191919,0.0
questionnaire/questionnaire_0141.png,анкета,RVL-CDIP,,754,1000,172583,0.754,240.1357148541114,54.12782882549107,0.058990716180371355,0.0
questionnaire/questionnaire_0142.png,анкета,RVL-CDIP,,796,1000,258971,0.796,236.56812437185928,58.5957868233017,0.07156281407035175,0.0
questionnaire/questionnaire_0143.png,анкета,RVL-CDIP,,788,1000,248966,0.788,174.2502614213198,114.75137214791874,0.3163121827411168,0.0
questionnaire/questionnaire_0144.png,анкета,RVL-CDIP,,762,1000,115939,0.762,247.19380708661419,38.20823054095016,0.03043963254593176,0.0
questionnaire/questionnaire_0145.png,анкета,RVL-CDIP,,754,1000,354274,0.754,234.47844429708223,60.2760113200659,0.07400132625994695,0.0
questionnaire/questionnaire_0146.png,анкета,RVL-CDIP,,611,1000,98247,0.611,250.6988657937807,25.135879065382166,0.015648117839607203,0.0
questionnaire/questionnaire_0147.png,анкета,RVL-CDIP,,779,1000,232860,0.779,240.82074197689346,48.6493400796062,0.05514377406931964,0.0
questionnaire/questionnaire_0148.png,анкета,RVL-CDIP,,754,1000,250728,0.754,234.1482877984085,62.664816181980584,0.08080106100795756,0.0
questionnaire/questionnaire_0149.png,анкета,RVL-CDIP,,780,1000,87702,0.78,239.66397820512822,58.03089202396394,0.05945897435897436,0.0
questionnaire/questionnaire_0150.png,анкета,RVL-CDIP,,777,1000,407972,0.777,236.81040025740026,53.84900722955005,0.06548519948519949,0.0
questionnaire/questionnaire_0151.png,анкета,RVL-CDIP,,754,1000,213241,0.754,237.12015649867374,58.543914937497384,0.06972811671087534,0.0
questionnaire/questionnaire_0152.png,анкета,RVL-CDIP,,762,1000,164529,0.762,217.73939632545932,86.1190076699115,0.14597244094488188,0.0
questionnaire/questionnaire_0153.png,анкета,RVL-CDIP,,754,1000,239522,0.754,243.68064588859417,42.31919983595203,0.043312997347480106,0.0
questionnaire/questionnaire_0154.png,анкета,RVL-CDIP,,754,1000,77714,0.754,250.80075862068966,27.739343985205092,0.016413793103448277,0.0
questionnaire/questionnaire_0155.png,анкета,RVL-CDIP,,780,1000,153243,0.78,247.14131666666665,37.39783796863032,0.0303,0.0
questionnaire/questionnaire_0156.png,анкета,RVL-CDIP,,754,1000,244653,0.754,238.95711803713527,53.89244392858935,0.06236206896551724,0.0
questionnaire/questionnaire_0157.png,анкета,RVL-CDIP,,762,1000,124900,0.762,248.2000065616798,34.74829648952365,0.02591469816272966,0.0
questionnaire/questionnaire_0158.png,анкета,RVL-CDIP,,775,1000,165456,0.775,248.5993922580645,31.73286815242261,0.023926451612903226,0.0
questionnaire/questionnaire_0159.png,анкета,RVL-CDIP,,850,1000,102659,0.85,249.49825529411766,31.905845627271738,0.021405882352941177,0.0
questionnaire/questionnaire_0160.png,анкета,RVL-CDIP,,762,1000,159610,0.762,246.67191469816274,38.085049273237836,0.03166666666666667,0.0
questionnaire/questionnaire_0161.png,анкета,RVL-CDIP,,754,1000,295500,0.754,221.940200265252,78.52131288071807,0.12954907161803714,0.0
questionnaire/questionnaire_0162.png,анкета,RVL-CDIP,,777,1000,140154,0.777,247.39328314028313,37.37086799849604,0.02872072072072072,0.0
questionnaire/questionnaire_0163.png,анкета,RVL-CDIP,,754,1000,144322,0.754,241.88236870026526,50.911106265005266,0.0506816976127321,0.0
questionnaire/questionnaire_0164.png,анкета,RVL-CDIP,,772,1000,147406,0.772,250.88254404145079,25.26307006836558,0.013123056994818652,0.0
questionnaire/questionnaire_0165.png,анкета,RVL-CDIP,,762,1000,143088,0.762,247.1635406824147,36.390764199342186,0.030661417322834644,0.0
questionnaire/questionnaire_0166.png,анкета,RVL-CDIP,,624,1000,244837,0.624,240.70096153846154,45.770666892600474,0.0548349358974359,0.0
questionnaire/questionnaire_0167.png,анкета,RVL-CDIP,,754,1000,207575,0.754,237.24170557029177,57.67744161043363,0.06903846153846153,0.0
questionnaire/questionnaire_0168.png,анкета,RVL-CDIP,,754,1000,120634,0.754,247.56706631299735,37.2918616823162,0.02843766578249337,0.0
questionnaire/questionnaire_0169.png,анкета,RVL-CDIP,,768,1000,127854,0.768,247.38621614583334,37.252657533908874,0.029403645833333332,0.0
questionnaire/questionnaire_0170.png,анкета,RVL-CDIP,,777,1000,219180,0.777,246.70035263835263,36.46002907053376,0.030926640926640925,0.0
questionnaire/questionnaire_0171.png,анкета,RVL-CDIP,,776,1000,231763,0.776,234.49502319587629,62.54606750454395,0.08008376288659794,0.0
questionnaire/questionnaire_0172.png,анкета,RVL-CDIP,,777,1000,223922,0.777,245.68334362934363,40.02628305152164,0.03362419562419562,0.0
questionnaire/questionnaire_0173.png,анкета,RVL-CDIP,,762,1000,223254,0.762,235.37451837270342,60.54148639215251,0.07489632545931758,0.0
questionnaire/questionnaire_0174.png,анкета,RVL-CDIP,,754,1000,93749,0.754,250.7758527851459,27.65542685774165,0.016137931034482758,0.0
questionnaire/questionnaire_0175.png,анкета,RVL-CDIP,,754,1000,120577,0.754,250.3116525198939,26.17517563754724,0.016343501326259946,0.0
questionnaire/questionnaire_0176.png,анкета,RVL-CDIP,,777,1000,366252,0.777,239.05930244530245,50.23536353635005,0.057666666666666665,0.0
questionnaire/questionnaire_0177.png,анкета,RVL-CDIP,,769,1000,219284,0.769,248.4967633289987,28.83277452471652,0.021293888166449934,0.0
questionnaire/questionnaire_0178.png,анкета,RVL-CDIP,,786,1000,325356,0.786,233.66539949109415,61.762446607524204,0.08241221374045801,0.0
questionnaire/questionnaire_0179.png,анкета,RVL-CDIP,,762,1000,108007,0.762,248.5734094488189,34.1053482467461,0.025061679790026246,0.0
questionnaire/questionnaire_0180.png,анкета,RVL-CDIP,,762,1000,113060,0.762,249.00356824146982,31.795061545957445,0.022835958005249343,0.0
questionnaire/questionnaire_0181.png,анкета,RVL-CDIP,,754,1000,62762,0.754,248.35030901856763,37.7227932564864,0.026385941644562334,0.0
questionnaire/questionnaire_0182.png,анкета,RVL-CDIP,,777,1000,157556,0.777,245.2436936936937,42.11860263624292,0.03792020592020592,0.0
questionnaire/questionnaire_0183.png,анкета,RVL-CDIP,,777,1000,173084,0.777,246.80754182754183,37.67973288147308,0.031395109395109394,0.0
questionnaire/questionnaire_0184.png,анкета,RVL-CDIP,,777,1000,171972,0.777,243.42346846846846,47.11974088174211,0.04491505791505791,0.0
questionnaire/questionnaire_0185.png,анкета,RVL-CDIP,,671,1000,302003,0.671,241.173043219076,44.2999191530676,0.052235469448584204,0.0
questionnaire/questionnaire_0186.png,анкета,RVL-CDIP,,784,1000,136566,0.784,249.8193112244898,29.021322685983066,0.019269132653061224,0.0
questionnaire/questionnaire_0187.png,анкета,RVL-CDIP,,762,1000,75091,0.762,224.55577690288715,81.01209166876669,0.11879527559055118,0.0
questionnaire/questionnaire_0188.png,анкета,RVL-CDIP,,797,1000,802062,0.797,229.34593977415307,50.401815649630215,0.06631493099121706,0.0
questionnaire/questionnaire_0189.png,анкета,RVL-CDIP,,777,1000,514663,0.777,220.74958815958817,75.35102792756244,0.13086615186615186,0.0
resume/resume_0000.png,резюме,RVL-CDIP,,754,1000,211365,0.754,242.23553315649866,47.81993504033817,0.048785145888594166,0.0
resume/resume_0001.png,резюме,RVL-CDIP,,754,1000,194359,0.754,243.163200265252,45.975895493934395,0.0458474801061008,0.0
resume/resume_0002.png,резюме,RVL-CDIP,,777,1000,262912,0.777,238.86364092664093,53.919722535220686,0.06312612612612613,0.0
resume/resume_0003.png,резюме,RVL-CDIP,,754,1000,49939,0.754,250.32060079575598,31.692183248483975,0.018114058355437664,0.0
resume/resume_0004.png,резюме,RVL-CDIP,,754,1000,427179,0.754,229.4873129973475,62.861653248379824,0.09706763925729443,0.0
resume/resume_0005.png,резюме,RVL-CDIP,,754,1000,250337,0.754,241.0018302387268,48.83985668923244,0.05367771883289125,0.0
resume/resume_0006.png,резюме,RVL-CDIP,,781,1000,254541,0.781,244.54218822023049,40.43494862549148,0.03977720870678617,0.0
resume/resume_0007.png,резюме,RVL-CDIP,,767,1000,262572,0.767,241.3934928292047,47.71073734546408,0.052041720990873536,0.0
resume/resume_0008.png,резюме,RVL-CDIP,,754,1000,122758,0.754,246.24446949602122,41.23306367110385,0.034389920424403184,0.0
resume/resume_0009.png,резюме,RVL-CDIP,,754,1000,271792,0.754,237.5013952254642,55.758198675519964,0.06630901856763925,0.0
resume/resume_0010.png,резюме,RVL-CDIP,,754,1000,447631,0.754,229.7644973474801,61.56338362173485,0.09759549071618037,0.0
resume/resume_0011.png,резюме,RVL-CDIP,,754,1000,328280,0.754,233.1410901856764,61.151229814968694,0.08494164456233422,0.0
resume/resume_0012.png,резюме,RVL-CDIP,,762,1000,538014,0.762,218.98779133858267,74.30658095347835,0.138254593175853,0.0
resume/resume_0013.png,резюме,RVL-CDIP,,754,1000,283051,0.754,234.94229442970823,59.755755959843825,0.07792970822281167,0.0
resume/resume_0014.png,резюме,RVL-CDIP,,754,1000,341478,0.754,234.01133687002653,59.19057195039512,0.08113925729442971,0.0
resume/resume_0015.png,резюме,RVL-CDIP,,754,1000,347025,0.754,236.77925331564987,53.77998349769879,0.06969893899204244,0.0
resume/resume_0016.png,резюме,RVL-CDIP,,754,1000,160154,0.754,245.3598899204244,41.011534159945036,0.037511936339522545,0.0
resume/resume_0017.png,резюме,RVL-CDIP,,771,1000,209460,0.771,237.65285084306095,58.068699025628106,0.06743968871595331,0.0
resume/resume_0018.png,резюме,RVL-CDIP,,754,1000,36117,0.754,253.60997082228116,15.281124147935342,0.005072944297082228,0.0
resume/resume_0019.png,резюме,RVL-CDIP,,754,1000,279827,0.754,241.49368037135278,46.85081359590356,0.051753315649867376,0.0
resume/resume_0020.png,резюме,RVL-CDIP,,754,1000,442141,0.754,226.3288474801061,67.91610975394104,0.11135941644562335,0.0
resume/resume_0021.png,резюме,RVL-CDIP,,754,1000,312299,0.754,234.35400795755967,59.110371042974634,0.08003580901856763,0.0
resume/resume_0022.png,резюме,RVL-CDIP,,754,1000,393767,0.754,234.31203448275863,55.78296401949141,0.07823607427055702,0.0
resume/resume_0023.png,резюме,RVL-CDIP,,754,1000,480225,0.754,227.4461830238727,64.30945884009618,0.10597214854111406,0.0
resume/resume_0024.png,резюме,RVL-CDIP,,754,1000,334304,0.754,238.92980901856765,50.35463350741859,0.05943368700265252,0.0
resume/resume_0025.png,резюме,RVL-CDIP,,754,1000,295250,0.754,240.29406100795757,48.90215720243823,0.05644164456233422,0.0
resume/resume_0026.png,резюме,RVL-CDIP,,754,1000,337984,0.754,237.82268302387268,53.03141181971147,0.06610477453580901,0.0
resume/resume_0027.png,резюме,RVL-CDIP,,754,1000,325042,0.754,236.84635411140584,54.183656413939886,0.06970424403183025,0.0
resume/resume_0028.png,резюме,RVL-CDIP,,754,1000,324810,0.754,232.0638050397878,63.53233280941307,0.08899336870026525,0.0
resume/resume_0029.png,резюме,RVL-CDIP,,754,1000,316414,0.754,240.40786870026525,46.328751634422225,0.052746684350132626,0.0
resume/resume_0030.png,резюме,RVL-CDIP,,754,1000,182189,0.754,245.63209416445622,40.06716730640319,0.035525198938992045,0.0
resume/resume_0031.png,резюме,RVL-CDIP,,754,1000,218453,0.754,241.5292029177719,49.68120650523282,0.05193899204244032,0.0
resume/resume_0032.png,резюме,RVL-CDIP,,754,1000,521638,0.754,226.62090450928383,65.25465230427349,0.10838992042440318,0.0
resume/resume_0033.png,резюме,RVL-CDIP,,754,1000,255929,0.754,240.84628116710874,47.49626342098322,0.053358090185676395,0.0
resume/resume_0034.png,резюме,RVL-CDIP,,754,1000,473236,0.754,221.58872811671088,73.03650764019466,0.12942307692307692,0.0
resume/resume_0035.png,резюме,RVL-CDIP,,777,1000,256798,0.777,242.52327027027027,45.845508057754934,0.04794079794079794,0.0
resume/resume_0036.png,резюме,RVL-CDIP,,754,1000,393707,0.754,229.00817904509285,65.95143608115659,0.10025331564986738,0.0
resume/resume_0037.png,резюме,RVL-CDIP,,754,1000,184289,0.754,245.24009946949602,41.3866370653175,0.03743368700265252,0.0
resume/resume_0038.png,резюме,RVL-CDIP,,754,1000,348568,0.754,235.76767374005306,54.60011011443969,0.0733129973474801,0.0
resume/resume_0039.png,резюме,RVL-CDIP,,754,1000,167392,0.754,246.15540185676392,39.486745990061074,0.03362068965517241,0.0
resume/resume_0040.png,резюме,RVL-CDIP,,754,1000,316892,0.754,240.33620822281168,47.38954243222258,0.05626657824933687,0.0
resume/resume_0041.png,резюме,RVL-CDIP,,754,1000,216658,0.754,241.32571087533157,49.64250972545742,0.0529893899204244,0.0
resume/resume_0042.png,резюме,RVL-CDIP,,754,1000,187093,0.754,243.903974801061,44.412453992231704,0.042415119363395225,0.0
resume/resume_0043.png,резюме,RVL-CDIP,,754,1000,246552,0.754,241.7344151193634,47.47272713290339,0.051220159151193635,0.0
resume/resume_0044.png,резюме,RVL-CDIP,,754,1000,337598,0.754,231.1717095490716,64.4389380317805,0.09244429708222812,0.0
resume/resume_0045.png,резюме,RVL-CDIP,,754,1000,173179,0.754,244.97685941644562,42.78252640166484,0.03768435013262599,0.0
resume/resume_0046.png,резюме,RVL-CDIP,,754,1000,82607,0.754,248.81494429708223,35.490392221884655,0.02420159151193634,0.0
resume/resume_0047.png,резюме,RVL-CDIP,,762,1000,172562,0.762,243.2016929133858,46.87057384620017,0.04578215223097113,0.0
resume/resume_0048.png,резюме,RVL-CDIP,,754,1000,359252,0.754,231.87057559681696,62.21327681177128,0.08901193633952255,0.0
resume/resume_0049.png,резюме,RVL-CDIP,,754,1000,329878,0.754,235.5693196286472,57.331756177594286,0.0753023872679045,0.0
resume/resume_0050.png,резюме,RVL-CDIP,,754,1000,304796,0.754,238.19828912466843,52.48870319021176,0.0645238726790451,0.0
resume/resume_0051.png,резюме,RVL-CDIP,,754,1000,338763,0.754,245.1657546419098,34.44690088100594,0.0298315649867374,0.0
resume/resume_0052.png,резюме,RVL-CDIP,,747,1000,189636,0.747,247.716421686747,33.15656312688495,0.027595716198125838,0.0
resume/resume_0053.png,резюме,RVL-CDIP,,754,1000,311280,0.754,239.5495623342175,49.31359045995819,0.05860344827586207,0.0
resume/resume_0054.png,резюме,RVL-CDIP,,802,1000,269926,0.802,242.78804862842892,45.01781462901878,0.04767206982543641,0.0
resume/resume_0055.png,резюме,RVL-CDIP,,754,1000,356778,0.754,231.38878381962866,63.48128726288351,0.09150928381962865,0.0
resume/resume_0056.png,резюме,RVL-CDIP,,754,1000,415436,0.754,233.21686472148542,57.352502496725236,0.08433554376657824,0.0
resume/resume_0057.png,резюме,RVL-CDIP,,772,1000,160583,0.772,247.76265025906736,35.74890573088078,0.02751683937823834,0.0
resume/resume_0058.png,резюме,RVL-CDIP,,754,1000,275620,0.754,239.35868832891248,51.46668961342794,0.06031962864721485,0.0
resume/resume_0059.png,резюме,RVL-CDIP,,754,1000,262034,0.754,242.83236604774535,43.8408040579728,0.0470079575596817,0.0
resume/resume_0060.png,резюме,RVL-CDIP,,754,1000,188373,0.754,245.64888196286472,39.60079954846006,0.03594562334217507,0.0
resume/resume_0061.png,резюме,RVL-CDIP,,754,1000,434378,0.754,233.55518435013263,56.757097732498714,0.08111936339522546,0.0
resume/resume_0062.png,резюме,RVL-CDIP,,754,1000,337630,0.754,235.41735013262598,55.85811937905184,0.07573740053050398,0.0
resume/resume_0063.png,резюме,RVL-CDIP,,754,1000,317253,0.754,235.82985411140584,56.93596955024066,0.07444562334217507,0.0
resume/resume_0064.png,резюме,RVL-CDIP,,754,1000,203525,0.754,247.1166153846154,34.22588372902069,0.02983023872679045,0.0
resume/resume_0065.png,резюме,RVL-CDIP,,754,1000,289190,0.754,237.53643368700264,54.37571779617305,0.0653262599469496,0.0
resume/resume_0066.png,резюме,RVL-CDIP,,754,1000,430515,0.754,233.35954376657824,55.289409928989386,0.08018832891246684,0.0
resume/resume_0067.png,резюме,RVL-CDIP,,754,1000,377699,0.754,235.91531697612731,55.48574931034839,0.07119496021220159,0.0
resume/resume_0068.png,резюме,RVL-CDIP,,754,1000,288728,0.754,230.12690053050397,66.93494510613613,0.09585411140583554,0.0
resume/resume_0069.png,резюме,RVL-CDIP,,754,1000,207090,0.754,240.96804641909813,51.068159960265724,0.054810344827586205,0.0
resume/resume_0070.png,резюме,RVL-CDIP,,754,1000,357338,0.754,234.281124668435,56.67834974364993,0.07813527851458886,0.0
resume/resume_0071.png,резюме,RVL-CDIP,,754,1000,415523,0.754,232.333324933687,59.262987870665185,0.08708885941644562,0.0
resume/resume_0072.png,резюме,RVL-CDIP,,754,1000,370499,0.754,223.39687135278515,73.74854348981674,0.12330503978779842,0.0
resume/resume_0073.png,резюме,RVL-CDIP,,754,1000,383819,0.754,233.05143899204245,58.871548972600344,0.08467506631299734,0.0
resume/resume_0074.png,резюме,RVL-CDIP,,754,1000,150020,0.754,249.04487135278515,30.296351840404157,0.021344827586206896,0.0
resume/resume_0075.png,резюме,RVL-CDIP,,754,1000,371427,0.754,234.399324933687,57.84262915722406,0.08,0.0
resume/resume_0076.png,резюме,RVL-CDIP,,754,1000,352919,0.754,237.2082851458886,53.584019061007005,0.06770424403183024,0.0
resume/resume_0077.png,резюме,RVL-CDIP,,754,1000,401974,0.754,226.02516976127322,69.12394895213785,0.11303580901856763,0.0
resume/resume_0078.png,резюме,RVL-CDIP,,754,1000,252071,0.754,242.30755437665783,46.014782588549146,0.04872148541114058,0.0
resume/resume_0079.png,резюме,RVL-CDIP,,784,1000,286870,0.784,243.92018112244898,41.33913099468548,0.04133673469387755,0.0
resume/resume_0080.png,резюме,RVL-CDIP,,777,1000,127442,0.777,247.0736924066924,39.976608209311976,0.030193050193050193,0.0
resume/resume_0081.png,резюме,RVL-CDIP,,754,1000,367539,0.754,240.76160212201592,43.05392799180337,0.04999336870026525,0.0
resume/resume_0082.png,резюме,RVL-CDIP,,754,1000,279158,0.754,241.12396949602123,48.071352928879215,0.05352519893899204,0.0
resume/resume_0083.png,резюме,RVL-CDIP,,754,1000,480677,0.754,226.6452679045093,66.5280118752952,0.10936472148541114,0.0
resume/resume_0084.png,резюме,RVL-CDIP,,754,1000,347972,0.754,231.09665915119362,62.99784584739126,0.09222944297082228,0.0
resume/resume_0085.png,резюме,RVL-CDIP,,754,1000,442931,0.754,231.29817639257294,60.01034956596981,0.09067771883289125,0.0
resume/resume_0086.png,резюме,RVL-CDIP,,754,1000,161263,0.754,248.89855570291778,30.92683064293727,0.02253448275862069,0.0
resume/resume_0087.png,резюме,RVL-CDIP,,754,1000,361512,0.754,233.32586074270557,59.14395327229633,0.0841472148541114,0.0
resume/resume_0088.png,резюме,RVL-CDIP,,754,1000,182746,0.754,244.23667771883288,44.32523675775329,0.0415053050397878,0.0
resume/resume_0089.png,резюме,RVL-CDIP,,754,1000,177241,0.754,248.0731299734748,31.899254408964293,0.02519628647214854,0.0
resume/resume_0090.png,резюме,RVL-CDIP,,754,1000,318726,0.754,234.38277188328914,58.93383758483589,0.08007029177718833,0.0
resume/resume_0091.png,резюме,RVL-CDIP,,754,1000,264386,0.754,244.68204111405836,38.537740350526114,0.03905039787798408,0.0
resume/resume_0092.png,резюме,RVL-CDIP,,754,1000,401910,0.754,233.11112864721485,58.312711707742075,0.08385941644562334,0.0
resume/resume_0093.png,резюме,RVL-CDIP,,754,1000,224163,0.754,240.98459283819628,49.79030393628502,0.05440450928381963,0.0
resume/resume_0094.png,резюме,RVL-CDIP,,754,1000,471049,0.754,229.85853315649868,62.10671474413944,0.09590716180371353,0.0
resume/resume_0095.png,резюме,RVL-CDIP,,754,1000,226932,0.754,243.48544031830238,43.468105233964984,0.04327851458885942,0.0
resume/resume_0096.png,резюме,RVL-CDIP,,795,1000,447769,0.795,236.05425157232705,52.30844967193507,0.07309685534591195,0.0
resume/resume_0097.png,резюме,RVL-CDIP,,754,1000,414772,0.754,221.7198421750663,75.23475744477084,0.12977984084880637,0.0
resume/resume_0098.png,резюме,RVL-CDIP,,754,1000,420254,0.754,234.50691909814324,54.327157453770006,0.0780132625994695,0.0
resume/resume_0099.png,резюме,RVL-CDIP,,754,1000,135745,0.754,249.48605570291778,29.73309959274551,0.02056498673740053,0.0
resume/resume_0100.png,резюме,RVL-CDIP,,754,1000,365148,0.754,230.91813129973474,62.998868072512,0.0934840848806366,0.0
resume/resume_0101.png,резюме,RVL-CDIP,,754,1000,297158,0.754,240.10468567639256,49.53679488562473,0.05690053050397878,0.0
resume/resume_0102.png,резюме,RVL-CDIP,,754,1000,448837,0.754,225.8508448275862,68.20498418824798,0.11312466843501326,0.0
resume/resume_0103.png,резюме,RVL-CDIP,,754,1000,438663,0.754,224.36811671087534,70.31598153562207,0.11877851458885942,0.0
resume/resume_0104.png,резюме,RVL-CDIP,,754,1000,156613,0.754,248.0428169761273,33.482371063166894,0.025819628647214855,0.0
resume/resume_0105.png,резюме,RVL-CDIP,,754,1000,389451,0.754,230.08210079575596,63.643587586587984,0.09435145888594164,0.0
resume/resume_0106.png,резюме,RVL-CDIP,,754,1000,290533,0.754,237.40951591511936,54.73182467503739,0.0681525198938992,0.0
resume/resume_0107.png,резюме,RVL-CDIP,,785,1000,219988,0.785,242.87564076433122,46.687654634711066,0.046910828025477705,0.0
resume/resume_0108.png,резюме,RVL-CDIP,,772,1000,433243,0.772,239.02304533678756,46.19259668326195,0.05260103626943005,0.0
resume/resume_0109.png,резюме,RVL-CDIP,,754,1000,135700,0.754,247.82563129973474,35.71600030496814,0.02759283819628647,0.0
resume/resume_0110.png,резюме,RVL-CDIP,,754,1000,321028,0.754,237.48335145888595,53.944304672928226,0.06746551724137931,0.0
resume/resume_0111.png,резюме,RVL-CDIP,,754,1000,479633,0.754,221.53073607427055,73.44975873307045,0.12971220159151195,0.0
resume/resume_0112.png,резюме,RVL-CDIP,,771,1000,357552,0.771,236.30193255512322,55.650279511914434,0.07219455252918287,0.0
resume/resume_0113.png,резюме,RVL-CDIP,,767,1000,169742,0.767,246.58836375488917,38.68953955342385,0.03230117340286832,0.0
resume/resume_0114.png,резюме,RVL-CDIP,,772,1000,181239,0.772,245.98818134715026,39.79345518229537,0.03469170984455958,0.0
resume/resume_0115.png,резюме,RVL-CDIP,,754,1000,445090,0.754,231.57078779840847,59.18164769673838,0.0894973474801061,0.0
resume/resume_0116.png,резюме,RVL-CDIP,,754,1000,150443,0.754,247.16794562334218,36.554072985472956,0.03029840848806366,0.0
resume/resume_0117.png,резюме,RVL-CDIP,,754,1000,386075,0.754,233.32540716180372,57.7199136790132,0.08337135278514589,0.0
resume/resume_0118.png,резюме,RVL-CDIP,,754,1000,157571,0.754,248.98912334217508,30.365930969775622,0.02206233421750663,0.0
resume/resume_0119.png,резюме,RVL-CDIP,,754,1000,416488,0.754,231.17167904509284,61.041829168762135,0.09196153846153846,0.0
resume/resume_0120.png,резюме,RVL-CDIP,,754,1000,382510,0.754,232.6357122015915,59.574012445496436,0.08657294429708223,0.0
resume/resume_0121.png,резюме,RVL-CDIP,,754,1000,430258,0.754,227.4097798408488,66.8160134704163,0.10719761273209549,0.0
resume/resume_0122.png,резюме,RVL-CDIP,,754,1000,387373,0.754,232.43958885941643,60.01735069941734,0.08687002652519894,0.0
resume/resume_0123.png,резюме,RVL-CDIP,,772,1000,269827,0.772,232.5474896373057,65.02710980032138,0.08894689119170984,0.0
resume/resume_0124.png,резюме,RVL-CDIP,,754,1000,299104,0.754,238.9481923076923,50.77371400114089,0.060578249336870026,0.0
resume/resume_0125.png,резюме,RVL-CDIP,,754,1000,330560,0.754,236.73705835543765,54.61167258119786,0.07028249336870027,0.0
resume/resume_0126.png,резюме,RVL-CDIP,,763,1000,122412,0.763,248.77765792922673,33.69567841070949,0.023418086500655307,0.0
resume/resume_0127.png,резюме,RVL-CDIP,,754,1000,225952,0.754,241.95694164456233,47.893284252408556,0.050685676392572945,0.0
resume/resume_0128.png,резюме,RVL-CDIP,,754,1000,449026,0.754,230.18743766578248,61.51609648757304,0.0946816976127321,0.0
resume/resume_0129.png,резюме,RVL-CDIP,,754,1000,218487,0.754,243.79407559681698,43.2371929142994,0.0430132625994695,0.0
resume/resume_0130.png,резюме,RVL-CDIP,,754,1000,340867,0.754,236.57575331564988,53.802369159895385,0.07067506631299734,0.0
resume/resume_0131.png,резюме,RVL-CDIP,,754,1000,389289,0.754,231.31344031830238,61.69755560716291,0.09181697612732095,0.0
resume/resume_0132.png,резюме,RVL-CDIP,,754,1000,201310,0.754,241.20561405835545,48.93937976000534,0.053843501326259945,0.0
resume/resume_0133.png,резюме,RVL-CDIP,,754,1000,353321,0.754,234.948700265252,55.45250367741012,0.07672811671087533,0.0
resume/resume_0134.png,резюме,RVL-CDIP,,754,1000,193978,0.754,245.7102148541114,38.68710558606804,0.03542705570291777,0.0
resume/resume_0135.png,резюме,RVL-CDIP,,754,1000,210966,0.754,244.85185676392572,40.79214177718467,0.03793368700265252,0.0
resume/resume_0136.png,резюме,RVL-CDIP,,754,1000,278617,0.754,237.81078381962865,54.5518679974538,0.06615119363395225,0.0
resume/resume_0137.png,резюме,RVL-CDIP,,754,1000,285770,0.754,236.68183421750663,56.334760577415175,0.07110079575596817,0.0
resume/resume_0138.png,резюме,RVL-CDIP,,745,1000,108685,0.745,251.47893825503357,22.24628295684894,0.011343624161073826,0.0
resume/resume_0139.png,резюме,RVL-CDIP,,754,1000,428746,0.754,230.78176790450928,61.66479092431298,0.0930371352785146,0.0
resume/resume_0140.png,резюме,RVL-CDIP,,754,1000,438376,0.754,231.28061405835544,60.296152907834845,0.09146949602122016,0.0
resume/resume_0141.png,резюме,RVL-CDIP,,754,1000,290296,0.754,235.90168965517242,57.720616287641725,0.07409416445623342,0.0
resume/resume_0142.png,резюме,RVL-CDIP,,754,1000,224587,0.754,241.68041379310344,48.57825080077769,0.05148143236074271,0.0
resume/resume_0143.png,резюме,RVL-CDIP,,754,1000,464771,0.754,228.57978116710876,62.92814938561282,0.10037002652519894,0.0
resume/resume_0144.png,резюме,RVL-CDIP,,754,1000,545801,0.754,217.46366976127322,75.71097451193002,0.14618037135278514,0.0
resume/resume_0145.png,резюме,RVL-CDIP,,762,1000,153303,0.762,245.08191469816273,43.16540621747042,0.038288713910761156,0.0
resume/resume_0146.png,резюме,RVL-CDIP,,754,1000,320365,0.754,234.30946684350133,58.162454797271565,0.07803050397877984,0.0
resume/resume_0147.png,резюме,RVL-CDIP,,754,1000,394846,0.754,227.7004323607427,66.77131400000951,0.1053368700265252,0.0
resume/resume_0148.png,резюме,RVL-CDIP,,754,1000,250006,0.754,240.1889098143236,50.993003837811,0.05780371352785146,0.0
resume/resume_0149.png,резюме,RVL-CDIP,,754,1000,406360,0.754,226.93379708222812,67.30915993438695,0.1063368700265252,0.0
resume/resume_0150.png,резюме,RVL-CDIP,,754,1000,247721,0.754,241.87749071618038,47.39934455405921,0.05046949602122016,0.0
resume/resume_0151.png,резюме,RVL-CDIP,,777,1000,449083,0.777,230.38490218790218,63.96162301246049,0.09144787644787644,0.0
resume/resume_0152.png,резюме,RVL-CDIP,,754,1000,168490,0.754,246.30827320954907,38.551079168147886,0.03248275862068965,0.0
resume/resume_0153.png,резюме,RVL-CDIP,,754,1000,393948,0.754,233.56023872679046,57.638207468268945,0.08127984084880636,0.0
resume/resume_0154.png,резюме,RVL-CDIP,,754,1000,184814,0.754,246.26393633952256,38.38791722752831,0.033949602122015914,0.0
resume/resume_0155.png,резюме,RVL-CDIP,,754,1000,432889,0.754,231.37157957559683,59.870252165841855,0.089368700265252,0.0
resume/resume_0156.png,резюме,RVL-CDIP,,769,1000,244120,0.769,236.64064369310793,58.80623385345972,0.07107672301690507,0.0
resume/resume_0157.png,резюме,RVL-CDIP,,754,1000,262433,0.754,240.30319893899204,50.17774659574967,0.056269230769230766,0.0
resume/resume_0158.png,резюме,RVL-CDIP,,754,1000,262520,0.754,237.66355172413793,55.85924570211388,0.06744429708222811,0.0
resume/resume_0159.png,резюме,RVL-CDIP,,754,1000,293312,0.754,238.26290848806366,53.93852522822013,0.0645371352785146,0.0
resume/resume_0160.png,резюме,RVL-CDIP,,754,1000,274582,0.754,242.32804641909814,45.19180117570527,0.04892838196286472,0.0
resume/resume_0161.png,резюме,RVL-CDIP,,754,1000,281349,0.754,240.2263952254642,49.30861748684997,0.057193633952254644,0.0
resume/resume_0162.png,резюме,RVL-CDIP,,754,1000,298858,0.754,237.05585941644563,53.98590386448225,0.06949336870026525,0.0
resume/resume_0163.png,резюме,RVL-CDIP,,754,1000,146263,0.754,249.0424045092838,30.30751251075694,0.021660477453580903,0.0
resume/resume_0164.png,резюме,RVL-CDIP,,754,1000,75850,0.754,250.62702785145888,29.100488875350006,0.01663527851458886,0.0
resume/resume_0165.png,резюме,RVL-CDIP,,754,1000,263847,0.754,242.10036206896552,45.16175247198732,0.048082228116710875,0.0
resume/resume_0166.png,резюме,RVL-CDIP,,754,1000,424337,0.754,233.69189389920425,55.5788606605809,0.07995490716180371,0.0
resume/resume_0167.png,резюме,RVL-CDIP,,754,1000,169137,0.754,244.8540822281167,42.42946832420133,0.03941379310344827,0.0
resume/resume_0168.png,резюме,RVL-CDIP,,754,1000,245181,0.754,242.79579442970822,44.86734114488315,0.04739257294429708,0.0
resume/resume_0169.png,резюме,RVL-CDIP,,772,1000,22562,0.772,254.2591981865285,11.762997616773747,0.0027629533678756478,0.0
resume/resume_0170.png,резюме,RVL-CDIP,,763,1000,577421,0.763,234.02394495412844,56.54940264131906,0.06940235910878113,0.0
resume/resume_0171.png,резюме,RVL-CDIP,,754,1000,363998,0.754,231.71231564986738,62.28334947905479,0.0899787798408488,0.0
resume/resume_0172.png,резюме,RVL-CDIP,,754,1000,264351,0.754,239.26236339522546,52.21036116197339,0.061018567639257296,0.0
resume/resume_0173.png,резюме,RVL-CDIP,,754,1000,103883,0.754,248.914449602122,32.923183735527,0.02239655172413793,0.0
resume/resume_0174.png,резюме,RVL-CDIP,,754,1000,445436,0.754,231.21011936339522,58.553771256578464,0.08963262599469496,0.0
resume/resume_0175.png,резюме,RVL-CDIP,,754,1000,232207,0.754,242.96685411140584,44.946528880206614,0.046657824933687,0.0
resume/resume_0176.png,резюме,RVL-CDIP,,754,1000,266662,0.754,241.36792307692306,47.49715179213839,0.052043766578249336,0.0
resume/resume_0177.png,резюме,RVL-CDIP,,754,1000,283254,0.754,239.3425278514589,51.21694460551142,0.06057294429708223,0.0
resume/resume_0178.png,резюме,RVL-CDIP,,754,1000,223476,0.754,243.00204111405836,45.70254103556018,0.045875331564986736,0.0
resume/resume_0179.png,резюме,RVL-CDIP,,754,1000,90658,0.754,249.92673076923077,30.541325945442594,0.019515915119363396,0.0
resume/resume_0180.png,резюме,RVL-CDIP,,754,1000,225594,0.754,243.34757427055703,43.960773626676406,0.0449946949602122,0.0
resume/resume_0181.png,резюме,RVL-CDIP,,754,1000,258855,0.754,240.5915,49.556403994051244,0.05562864721485411,0.0
resume/resume_0182.png,резюме,RVL-CDIP,,754,1000,242666,0.754,242.98648938992042,43.857630493184175,0.04528514588859416,0.0
resume/resume_0183.png,резюме,RVL-CDIP,,754,1000,466517,0.754,227.9392055702918,63.82345851712922,0.10356896551724137,0.0
resume/resume_0184.png,резюме,RVL-CDIP,,754,1000,380903,0.754,228.223599469496,67.14014570345343,0.10419098143236075,0.0
resume/resume_0185.png,резюме,RVL-CDIP,,754,1000,290875,0.754,237.48382360742707,54.85738926910818,0.06776657824933686,0.0
resume/resume_0186.png,резюме,RVL-CDIP,,762,1000,212779,0.762,239.5827965879265,51.929659272703645,0.06332808398950131,0.0
resume/resume_0187.png,резюме,RVL-CDIP,,769,1000,176018,0.769,243.22463459037712,47.409278331784364,0.04571001300390117,0.0
resume/resume_0188.png,резюме,RVL-CDIP,,754,1000,204653,0.754,244.37986604774537,42.43211392296462,0.040716180371352786,0.0
resume/resume_0189.png,резюме,RVL-CDIP,,754,1000,112928,0.754,250.1871299734748,29.044487798852565,0.018387267904509282,0.0
memo/memo_0000.png,службова записка,RVL-CDIP,,754,1000,94573,0.754,247.7665,37.552976500711566,0.02813793103448276,0.0
memo/memo_0001.png,службова записка,RVL-CDIP,,773,1000,110326,0.773,248.6307490297542,34.97834057823685,0.025108667529107374,0.0
memo/memo_0002.png,службова записка,RVL-CDIP,,775,1000,214040,0.775,242.70598322580645,47.45939637009633,0.04685806451612903,0.0
memo/memo_0003.png,службова записка,RVL-CDIP,,779,1000,290498,0.779,240.74380616174582,48.541079027602656,0.05392554557124519,0.0
memo/memo_0004.png,службова записка,RVL-CDIP,,762,1000,233068,0.762,241.66217847769028,47.95135497093068,0.05255905511811024,0.0
memo/memo_0005.png,службова записка,RVL-CDIP,,762,1000,145615,0.762,221.79538057742784,82.21860866742315,0.1297769028871391,0.0
memo/memo_0006.png,службова записка,RVL-CDIP,,762,1000,232273,0.762,234.93640419947508,61.32382908231465,0.07782020997375329,0.0
memo/memo_0007.png,службова записка,RVL-CDIP,,754,1000,131278,0.754,248.41752785145889,34.30508692301542,0.025450928381962865,0.0
memo/memo_0008.png,службова записка,RVL-CDIP,,777,1000,228696,0.777,245.16859202059203,41.97110777886263,0.03522007722007722,0.0
memo/memo_0009.png,службова записка,RVL-CDIP,,774,1000,269052,0.774,240.17663178294575,52.14867692806425,0.05548191214470284,0.0
memo/memo_0010.png,службова записка,RVL-CDIP,,762,1000,124473,0.762,247.1250538057743,38.236279279588786,0.030753280839895012,0.0
memo/memo_0011.png,службова записка,RVL-CDIP,,754,1000,331537,0.754,238.82258885941644,50.060719816271835,0.06124270557029178,0.0
memo/memo_0012.png,службова записка,RVL-CDIP,,762,1000,97548,0.762,247.29572703412074,39.32367044583091,0.030368766404199474,0.0
memo/memo_0013.png,службова записка,RVL-CDIP,,762,1000,165485,0.762,221.0074593175853,82.4492123606967,0.13266010498687664,0.0
memo/memo_0014.png,службова записка,RVL-CDIP,,762,1000,90582,0.762,250.02264304461943,30.36876540937053,0.01877296587926509,0.0
memo/memo_0015.png,службова записка,RVL-CDIP,,861,1000,286020,0.861,241.45757026713125,48.79000516395703,0.05225551684088269,0.0
memo/memo_0016.png,службова записка,RVL-CDIP,,781,1000,248429,0.781,243.68055441741356,43.33388039531143,0.04368245838668374,0.0
memo/memo_0017.png,службова записка,RVL-CDIP,,774,1000,218960,0.774,241.80174547803617,49.3439485625543,0.05043669250645995,0.0
memo/memo_0018.png,службова записка,RVL-CDIP,,777,1000,121951,0.777,248.38017245817247,35.16623778161177,0.025634491634491635,0.0
memo/memo_0019.png,службова записка,RVL-CDIP,,842,1000,119147,0.842,248.43286579572447,35.45342535613697,0.02549287410926366,0.0
memo/memo_0020.png,службова записка,RVL-CDIP,,868,1000,292198,0.868,242.67673847926267,44.826624930731235,0.048339861751152076,0.0
memo/memo_0021.png,службова записка,RVL-CDIP,,754,1000,289388,0.754,242.388774535809,43.28002458525594,0.04894562334217507,0.0
memo/memo_0022.png,службова записка,RVL-CDIP,,762,1000,152319,0.762,246.56420341207348,38.40921721619337,0.03268372703412074,0.0
memo/memo_0023.png,службова записка,RVL-CDIP,,792,1000,199083,0.792,247.25110101010102,35.48004249510482,0.029537878787878787,0.0
memo/memo_0024.png,службова записка,RVL-CDIP,,762,1000,187578,0.762,244.49693307086613,42.65678581914862,0.04129002624671916,0.0
memo/memo_0025.png,службова записка,RVL-CDIP,,777,1000,395917,0.777,234.2778494208494,60.62066249384162,0.07363320463320464,0.0
memo/memo_0026.png,службова записка,RVL-CDIP,,762,1000,111621,0.762,248.68045144356955,33.33135513561929,0.024601049868766406,0.0
memo/memo_0027.png,службова записка,RVL-CDIP,,762,1000,179577,0.762,241.34147112860893,50.67081036901401,0.05368241469816273,0.0
memo/memo_0028.png,службова записка,RVL-CDIP,,754,1000,364991,0.754,235.02622679045092,56.02197942060963,0.07779045092838197,0.0
memo/memo_0029.png,службова записка,RVL-CDIP,,762,1000,103800,0.762,246.8760380577428,39.91638402322238,0.0319501312335958,0.0
memo/memo_0030.png,службова записка,RVL-CDIP,,786,1000,159185,0.786,246.77871882951655,38.15607279159748,0.03193384223918575,0.0
memo/memo_0031.png,службова записка,RVL-CDIP,,762,1000,498873,0.762,216.83266272965878,78.81153771650811,0.14143044619422573,0.0
memo/memo_0032.png,службова записка,RVL-CDIP,,754,1000,238904,0.754,242.41171618037134,45.829015360773504,0.048555702917771885,0.0
memo/memo_0033.png,службова записка,RVL-CDIP,,762,1000,388031,0.762,238.944719160105,49.091030705565544,0.05088713910761155,0.0
memo/memo_0034.png,службова записка,RVL-CDIP,,767,1000,82746,0.767,241.7514041720991,53.95849895523015,0.052148631029986965,0.0
memo/memo_0035.png,службова записка,RVL-CDIP,,771,1000,241811,0.771,246.61679118028533,37.41431520672669,0.029086900129701686,0.0
memo/memo_0036.png,службова записка,RVL-CDIP,,776,1000,142283,0.776,247.8241829896907,35.73077441703077,0.02791237113402062,0.0
memo/memo_0037.png,службова записка,RVL-CDIP,,777,1000,109830,0.777,250.83626254826254,27.135839296868692,0.015444015444015444,0.0
memo/memo_0038.png,службова записка,RVL-CDIP,,781,1000,105931,0.781,251.29564532650448,23.742053237247642,0.01420102432778489,0.0
memo/memo_0039.png,службова записка,RVL-CDIP,,762,1000,82684,0.762,249.67797112860893,32.15814613784176,0.020459317585301836,0.0
memo/memo_0040.png,службова записка,RVL-CDIP,,762,1000,157993,0.762,245.49194881889764,42.20423326228333,0.03667716535433071,0.0
memo/memo_0041.png,службова записка,RVL-CDIP,,762,1000,159404,0.762,243.15075196850393,48.01466595267952,0.04614041994750656,0.0
memo/memo_0042.png,службова записка,RVL-CDIP,,762,1000,240062,0.762,238.2554212598425,55.461904521535075,0.06057217847769029,0.0
memo/memo_0043.png,службова записка,RVL-CDIP,,777,1000,545726,0.777,212.0255637065637,85.26769175774501,0.15931788931788932,0.0
memo/memo_0044.png,службова записка,RVL-CDIP,,777,1000,312337,0.777,241.93260102960102,44.93668689748013,0.049303732303732306,0.0
memo/memo_0045.png,службова записка,RVL-CDIP,,754,1000,82747,0.754,251.04082095490716,26.15669702326503,0.015306366047745358,0.0
memo/memo_0046.png,службова записка,RVL-CDIP,,754,1000,325674,0.754,239.89794960212203,48.637958531577745,0.05823342175066313,0.0
memo/memo_0047.png,службова записка,RVL-CDIP,,796,1000,106568,0.796,249.54929396984926,31.73639750961751,0.02128140703517588,0.0
memo/memo_0048.png,службова записка,RVL-CDIP,,762,1000,172003,0.762,242.68676115485565,47.986112843017914,0.0482992125984252,0.0
memo/memo_0049.png,службова записка,RVL-CDIP,,777,1000,252017,0.777,242.19687644787643,48.18392491917458,0.04835006435006435,0.0
memo/memo_0050.png,службова записка,RVL-CDIP,,767,1000,225213,0.767,243.2723924380704,45.421119116685055,0.045252933507170794,0.0
memo/memo_0051.png,службова записка,RVL-CDIP,,762,1000,111882,0.762,247.94986351706038,36.05469883184976,0.027379265091863517,0.0
memo/memo_0052.png,службова записка,RVL-CDIP,,771,1000,135441,0.771,215.8052373540856,89.12187327355011,0.15288326848249026,0.0
memo/memo_0053.png,службова записка,RVL-CDIP,,770,1000,162469,0.77,236.9590987012987,60.916069104430186,0.06992337662337662,0.0
memo/memo_0054.png,службова записка,RVL-CDIP,,762,1000,94338,0.762,250.2049002624672,29.862293179529676,0.018688976377952755,0.0
memo/memo_0055.png,службова записка,RVL-CDIP,,847,1000,189232,0.847,240.91091027154664,50.33659758005561,0.054872491145218416,0.0
memo/memo_0056.png,службова записка,RVL-CDIP,,754,1000,205077,0.754,246.08780636604774,37.76644575970311,0.033949602122015914,0.0
memo/memo_0057.png,службова записка,RVL-CDIP,,777,1000,197341,0.777,242.67228056628056,48.21287870820241,0.04759459459459459,0.0
memo/memo_0058.png,службова записка,RVL-CDIP,,761,1000,159803,0.761,248.74009855453352,31.981325003894725,0.02383180026281209,0.0
memo/memo_0059.png,службова записка,RVL-CDIP,,786,1000,276988,0.786,241.38050890585242,47.445337308433054,0.0528587786259542,0.0
memo/memo_0060.png,службова записка,RVL-CDIP,,777,1000,790009,0.777,208.3033758043758,81.71501780145732,0.16922265122265123,0.0
memo/memo_0061.png,службова записка,RVL-CDIP,,754,1000,112854,0.754,249.55811936339524,30.319582161664112,0.02020557029177719,0.0
memo/memo_0062.png,службова записка,RVL-CDIP,,754,1000,110650,0.754,247.50792042440318,38.354864795058916,0.02903448275862069,0.0
memo/memo_0063.png,службова записка,RVL-CDIP,,768,1000,82830,0.768,250.55339192708334,29.2867176206147,0.016927083333333332,0.0
memo/memo_0064.png,службова записка,RVL-CDIP,,783,1000,228206,0.783,242.6765798212005,47.04174613672718,0.04731289910600255,0.0
memo/memo_0065.png,службова записка,RVL-CDIP,,773,1000,198650,0.773,242.61027554980595,47.63725391862186,0.048111254851228975,0.0
memo/memo_0066.png,службова записка,RVL-CDIP,,777,1000,270741,0.777,246.319,36.8978301131195,0.02884684684684685,0.0
memo/memo_0067.png,службова записка,RVL-CDIP,,762,1000,137665,0.762,248.74301443569553,32.003513613611084,0.023652230971128608,0.0
memo/memo_0068.png,службова записка,RVL-CDIP,,762,1000,189384,0.762,243.02293832020996,46.00768668033621,0.046207349081364826,0.0
memo/memo_0069.png,службова записка,RVL-CDIP,,762,1000,139575,0.762,245.38299868766404,43.66187133936933,0.037338582677165354,0.0
memo/memo_0070.png,службова записка,RVL-CDIP,,762,1000,76633,0.762,249.1490590551181,33.773490870763794,0.02283464566929134,0.0
memo/memo_0071.png,службова записка,RVL-CDIP,,777,1000,345001,0.777,235.6316138996139,58.15817873450393,0.07220978120978121,0.0
memo/memo_0072.png,службова записка,RVL-CDIP,,766,1000,171070,0.766,250.97752219321148,22.172823231344786,0.011045691906005222,0.0
memo/memo_0073.png,службова записка,RVL-CDIP,,762,1000,207122,0.762,234.49685039370078,63.23617050724362,0.08028215223097113,0.0
memo/memo_0074.png,службова записка,RVL-CDIP,,754,1000,169010,0.754,245.1873978779841,41.732701606313334,0.037689655172413794,0.0
memo/memo_0075.png,службова записка,RVL-CDIP,,781,1000,278970,0.781,243.29174391805378,42.61971076769078,0.045413572343149806,0.0
memo/memo_0076.png,службова записка,RVL-CDIP,,805,1000,54361,0.805,253.27106708074535,17.858739486701893,0.006012422360248447,0.0
memo/memo_0077.png,службова записка,RVL-CDIP,,762,1000,122171,0.762,228.52035433070867,74.76999726637037,0.10375590551181102,0.0
memo/memo_0078.png,службова записка,RVL-CDIP,,765,1000,84900,0.765,250.82553725490197,28.374606513160966,0.01538169934640523,0.0
memo/memo_0079.png,службова записка,RVL-CDIP,,762,1000,89770,0.762,248.88390551181104,33.83180774039717,0.023332020997375327,0.0
memo/memo_0080.png,службова записка,RVL-CDIP,,754,1000,294894,0.754,239.03223076923078,51.26984380953816,0.06137267904509284,0.0
memo/memo_0081.png,службова записка,RVL-CDIP,,777,1000,288752,0.777,239.31783397683398,51.785782941812364,0.06094723294723295,0.0
memo/memo_0082.png,службова записка,RVL-CDIP,,762,1000,157027,0.762,246.4721850393701,38.527441331008696,0.03140682414698163,0.0
memo/memo_0083.png,службова записка,RVL-CDIP,,762,1000,159581,0.762,247.04693963254593,37.272997816444835,0.03071522309711286,0.0
memo/memo_0084.png,службова записка,RVL-CDIP,,777,1000,314794,0.777,238.48788545688546,53.5646177802873,0.06198970398970399,0.0
memo/memo_0085.png,службова записка,RVL-CDIP,,754,1000,119115,0.754,248.75509018567638,33.409977155926136,0.023946949602122018,0.0
memo/memo_0086.png,службова записка,RVL-CDIP,,781,1000,272798,0.781,237.70851344430218,55.96420979720427,0.0672573623559539,0.0
memo/memo_0087.png,службова записка,RVL-CDIP,,802,1000,219997,0.802,243.03959476309228,46.28300792438895,0.04605236907730673,0.0
memo/memo_0088.png,службова записка,RVL-CDIP,,762,1000,228377,0.762,238.8963346456693,54.114288604624576,0.06300918635170603,0.0
memo/memo_0089.png,службова записка,RVL-CDIP,,754,1000,209978,0.754,245.0750225464191,38.357032029346165,0.038157824933687,0.0
memo/memo_0090.png,службова записка,RVL-CDIP,,754,1000,332495,0.754,236.18460344827585,55.35255526009189,0.07339389920424404,0.0
memo/memo_0091.png,службова записка,RVL-CDIP,,754,1000,152764,0.754,246.84477055702916,37.09747030491807,0.031538461538461536,0.0
memo/memo_0092.png,службова записка,RVL-CDIP,,762,1000,150252,0.762,219.91534908136484,84.33574969573498,0.13615354330708662,0.0
memo/memo_0093.png,службова записка,RVL-CDIP,,762,1000,166364,0.762,242.9063687664042,47.69694222375851,0.04733202099737533,0.0
memo/memo_0094.png,службова записка,RVL-CDIP,,827,1000,170985,0.827,248.66180652962515,31.830922468200562,0.024540507859733978,0.0
memo/memo_0095.png,службова записка,RVL-CDIP,,762,1000,331895,0.762,235.12801837270342,57.967237622151444,0.07448425196850393,0.0
memo/memo_0096.png,службова записка,RVL-CDIP,,810,1000,300010,0.81,241.1850962962963,47.80018721078179,0.05395432098765432,0.0
memo/memo_0097.png,службова записка,RVL-CDIP,,762,1000,237706,0.762,242.87764829396326,45.6251704330149,0.04720734908136483,0.0
memo/memo_0098.png,службова записка,RVL-CDIP,,754,1000,94556,0.754,250.79239920424402,27.024264640562976,0.016307692307692308,0.0
memo/memo_0099.png,службова записка,RVL-CDIP,,754,1000,102284,0.754,248.97563793103447,33.89511184160406,0.02349071618037135,0.0
memo/memo_0100.png,службова записка,RVL-CDIP,,762,1000,119194,0.762,246.19593700787402,41.29969844476565,0.03380314960629921,0.0
memo/memo_0101.png,службова записка,RVL-CDIP,,777,1000,266883,0.777,180.70983655083654,112.33129589798203,0.28925997425997424,0.0
memo/memo_0102.png,службова записка,RVL-CDIP,,762,1000,198039,0.762,236.80783202099738,59.42928054779461,0.0711023622047244,0.0
memo/memo_0103.png,службова записка,RVL-CDIP,,809,1000,122013,0.809,249.25479851668726,32.575460629041956,0.02227317676143387,0.0
memo/memo_0104.png,службова записка,RVL-CDIP,,773,1000,110755,0.773,231.51308408796896,70.95763918304696,0.09060802069857697,0.0
memo/memo_0105.png,службова записка,RVL-CDIP,,779,1000,154072,0.779,248.15924133504492,35.10436267632485,0.025709884467265725,0.0
memo/memo_0106.png,службова записка,RVL-CDIP,,777,1000,213280,0.777,247.38572715572715,34.707249950367995,0.028027027027027026,0.0
memo/memo_0107.png,службова записка,RVL-CDIP,,781,1000,269926,0.781,242.67618309859154,45.00741411937541,0.04681562099871959,0.0
memo/memo_0108.png,службова записка,RVL-CDIP,,762,1000,226881,0.762,237.63425721784776,56.682780497437804,0.0676010498687664,0.0
memo/memo_0109.png,службова записка,RVL-CDIP,,762,1000,155386,0.762,242.12484908136483,50.21059912421798,0.05001837270341207,0.0
memo/memo_0110.png,службова записка,RVL-CDIP,,762,1000,116547,0.762,223.02126640419948,81.63462862687093,0.1255288713910761,0.0
memo/memo_0111.png,службова записка,RVL-CDIP,,754,1000,130052,0.754,247.33755570291777,37.1185294682788,0.029007957559681698,0.0
memo/memo_0112.png,службова записка,RVL-CDIP,,762,1000,97091,0.762,251.34732020997376,23.78010127061643,0.013217847769028871,0.0
memo/memo_0113.png,службова записка,RVL-CDIP,,762,1000,51482,0.762,251.4487532808399,26.871211380776334,0.013946194225721785,0.0
memo/memo_0114.png,службова записка,RVL-CDIP,,777,1000,289587,0.777,242.98752767052767,45.04254545503678,0.04166409266409266,0.0
memo/memo_0115.png,службова записка,RVL-CDIP,,762,1000,98661,0.762,246.23075196850394,41.99990181198872,0.033843832020997375,0.0
memo/memo_0116.png,службова записка,RVL-CDIP,,754,1000,279606,0.754,238.06553050397878,53.35615743278159,0.06634615384615385,0.0
memo/memo_0117.png,службова записка,RVL-CDIP,,754,1000,359917,0.754,236.7294694960212,54.10054627890668,0.07062334217506631,0.0
memo/memo_0118.png,службова записка,RVL-CDIP,,762,1000,192964,0.762,218.81253674540682,84.14583620850745,0.1414501312335958,0.0
memo/memo_0119.png,службова записка,RVL-CDIP,,777,1000,213095,0.777,244.54123552123554,43.1255685179007,0.039913770913770914,0.0
memo/memo_0120.png,службова записка,RVL-CDIP,,772,1000,66906,0.772,251.9065,24.158757865093094,0.011932642487046632,0.0
memo/memo_0121.png,службова записка,RVL-CDIP,,777,1000,443294,0.777,235.04909137709137,56.427608975076716,0.07261904761904762,0.0
memo/memo_0122.png,службова записка,RVL-CDIP,,786,1000,194242,0.786,236.93419847328244,60.23035106358796,0.0713117048346056,0.0
memo/memo_0123.png,службова записка,RVL-CDIP,,775,1000,314593,0.775,236.9270916129032,56.29321481355023,0.07007225806451613,0.0
memo/memo_0124.png,службова записка,RVL-CDIP,,762,1000,95033,0.762,248.8424842519685,34.398341015841766,0.023779527559055116,0.0
memo/memo_0125.png,службова записка,RVL-CDIP,,754,1000,220693,0.754,243.517675066313,44.260809563188616,0.044144562334217506,0.0
memo/memo_0126.png,службова записка,RVL-CDIP,,777,1000,245836,0.777,242.86742342342342,45.2023183797082,0.046805662805662805,0.0
memo/memo_0127.png,службова записка,RVL-CDIP,,778,1000,200544,0.778,243.96887403598973,44.72713809393697,0.04272236503856041,0.0
memo/memo_0128.png,службова записка,RVL-CDIP,,762,1000,103001,0.762,247.46874934383203,38.162314308362426,0.02938320209973753,0.0
memo/memo_0129.png,службова записка,RVL-CDIP,,762,1000,197364,0.762,239.8869094488189,52.756741498308614,0.05828083989501312,0.0
memo/memo_0130.png,службова записка,RVL-CDIP,,762,1000,234342,0.762,218.38746456692914,84.47515907727335,0.14318897637795275,0.0
memo/memo_0131.png,службова записка,RVL-CDIP,,774,1000,107455,0.774,250.50286821705427,27.48998073605978,0.017536175710594314,0.0
memo/memo_0132.png,службова записка,RVL-CDIP,,754,1000,257865,0.754,240.17180636604775,50.09917024492932,0.05747214854111406,0.0
memo/memo_0133.png,службова записка,RVL-CDIP,,762,1000,91782,0.762,250.75119422572178,27.268597807649513,0.01607217847769029,0.0
memo/memo_0134.png,службова записка,RVL-CDIP,,754,1000,287258,0.754,240.71161671087532,48.66877008136121,0.05523209549071618,0.0
memo/memo_0135.png,службова записка,RVL-CDIP,,754,1000,99334,0.754,250.15272281167108,29.5350748304252,0.01870026525198939,0.0
memo/memo_0136.png,службова записка,RVL-CDIP,,754,1000,233102,0.754,240.9027122015915,49.97900766820081,0.05420557029177719,0.0
memo/memo_0137.png,службова записка,RVL-CDIP,,777,1000,352289,0.777,234.56578635778635,59.126960156335414,0.07852123552123552,0.0
memo/memo_0138.png,службова записка,RVL-CDIP,,777,1000,250659,0.777,241.9846332046332,48.045144612913354,0.04946203346203346,0.0
memo/memo_0139.png,службова записка,RVL-CDIP,,777,1000,111816,0.777,249.65336293436295,31.1316583293925,0.02059202059202059,0.0
memo/memo_0140.png,службова записка,RVL-CDIP,,777,1000,564895,0.777,219.3174749034749,76.00721995379084,0.1333899613899614,0.0
memo/memo_0141.png,службова записка,RVL-CDIP,,769,1000,285693,0.769,247.64775292587777,32.660527510120595,0.022386215864759428,0.0
memo/memo_0142.png,службова записка,RVL-CDIP,,754,1000,145381,0.754,243.55276127320954,47.70118874021364,0.04453978779840849,0.0
memo/memo_0143.png,службова записка,RVL-CDIP,,777,1000,131022,0.777,247.5284054054054,37.69338851906642,0.02873873873873874,0.0
memo/memo_0144.png,службова записка,RVL-CDIP,,762,1000,177894,0.762,244.2547125984252,44.276947628630346,0.041846456692913384,0.0
memo/memo_0145.png,службова записка,RVL-CDIP,,762,1000,134561,0.762,228.31834514435695,75.01509595365451,0.10395669291338583,0.0
memo/memo_0146.png,службова записка,RVL-CDIP,,861,1000,141975,0.861,250.14485830429732,27.889077281885385,0.018768873403019744,0.0
memo/memo_0147.png,службова записка,RVL-CDIP,,754,1000,231479,0.754,239.56055172413792,52.572838867033816,0.06003448275862069,0.0
memo/memo_0148.png,службова записка,RVL-CDIP,,762,1000,334072,0.762,230.86979133858267,65.44406784056723,0.09403805774278215,0.0
memo/memo_0149.png,службова записка,RVL-CDIP,,777,1000,275986,0.777,223.1563680823681,78.12655546428458,0.12481853281853282,0.0
memo/memo_0150.png,службова записка,RVL-CDIP,,781,1000,109369,0.781,250.31974647887324,28.237181023445586,0.017503201024327786,0.0
memo/memo_0151.png,службова записка,RVL-CDIP,,762,1000,80835,0.762,250.76956167979003,26.826044519920888,0.01659186351706037,0.0
memo/memo_0152.png,службова записка,RVL-CDIP,,846,1000,229811,0.846,243.86340189125295,43.88207160753671,0.04317612293144208,0.0
memo/memo_0153.png,службова записка,RVL-CDIP,,762,1000,225240,0.762,241.89292388451443,48.273866867794375,0.05099475065616798,0.0
memo/memo_0154.png,службова записка,RVL-CDIP,,777,1000,341904,0.777,239.62928314028315,48.93677336931951,0.05893436293436293,0.0
memo/memo_0155.png,службова записка,RVL-CDIP,,754,1000,150502,0.754,244.63101326259948,44.662115188801316,0.04053315649867374,0.0
memo/memo_0156.png,службова записка,RVL-CDIP,,775,1000,299242,0.775,238.11555354838708,54.44864641485326,0.06492903225806451,0.0
memo/memo_0157.png,службова записка,RVL-CDIP,,777,1000,330135,0.777,227.98012097812096,70.47059622998671,0.10524195624195624,0.0
memo/memo_0158.png,службова записка,RVL-CDIP,,777,1000,283402,0.777,237.52609137709138,55.50656091925554,0.06757528957528958,0.0
memo/memo_0159.png,службова записка,RVL-CDIP,,762,1000,93997,0.762,248.253124671916,35.85597970937122,0.025618110236220473,0.0
memo/memo_0160.png,службова записка,RVL-CDIP,,802,1000,141195,0.802,247.23311346633417,37.15008806717148,0.029763092269326684,0.0
memo/memo_0161.png,службова записка,RVL-CDIP,,779,1000,151748,0.779,245.91761232349165,41.564847835124134,0.03496405648267009,0.0
memo/memo_0162.png,службова записка,RVL-CDIP,,754,1000,288148,0.754,238.09888063660478,53.509931548674615,0.06543899204244032,0.0
memo/memo_0163.png,службова записка,RVL-CDIP,,762,1000,123617,0.762,222.9670971128609,81.47881594367792,0.1260498687664042,0.0
memo/memo_0164.png,службова записка,RVL-CDIP,,762,1000,155159,0.762,243.81283464566928,46.300422786757565,0.04405511811023622,0.0
memo/memo_0165.png,службова записка,RVL-CDIP,,772,1000,139457,0.772,248.114189119171,34.73327740497085,0.026582901554404147,0.0
memo/memo_0166.png,службова записка,RVL-CDIP,,791,1000,232233,0.791,246.37317193426043,36.265971318905656,0.03294437420986093,0.0
memo/memo_0167.png,службова записка,RVL-CDIP,,762,1000,148496,0.762,245.3403464566929,42.85596543321943,0.03765748031496063,0.0
memo/memo_0168.png,службова записка,RVL-CDIP,,777,1000,335181,0.777,232.48492535392535,63.613781536130006,0.08732947232947233,0.0
memo/memo_0169.png,службова записка,RVL-CDIP,,785,1000,198102,0.785,243.5355541401274,45.80669013085191,0.04486369426751592,0.0
memo/memo_0170.png,службова записка,RVL-CDIP,,777,1000,185766,0.777,247.30512612612614,35.78044731796499,0.02847876447876448,0.0
memo/memo_0171.png,службова записка,RVL-CDIP,,777,1000,243740,0.777,242.4934761904762,46.213867237091044,0.04825740025740026,0.0
memo/memo_0172.png,службова записка,RVL-CDIP,,777,1000,258429,0.777,240.42791505791504,51.03355015420308,0.05620978120978121,0.0
memo/memo_0173.png,службова записка,RVL-CDIP,,777,1000,1198642,0.777,158.62505276705278,101.23576583690853,0.37168082368082367,0.0
memo/memo_0174.png,службова записка,RVL-CDIP,,754,1000,106380,0.754,249.95531564986737,30.097244392464376,0.01920424403183024,0.0
memo/memo_0175.png,службова записка,RVL-CDIP,,777,1000,305763,0.777,240.51998326898328,48.888671230373355,0.05554954954954955,0.0
memo/memo_0176.png,службова записка,RVL-CDIP,,762,1000,108013,0.762,246.1938818897638,41.910193923372724,0.03460236220472441,0.0
memo/memo_0177.png,службова записка,RVL-CDIP,,762,1000,290616,0.762,239.7722099737533,48.431655408030494,0.05907874015748032,0.0
memo/memo_0178.png,службова записка,RVL-CDIP,,754,1000,215159,0.754,240.7346697612732,51.24698543631654,0.054920424403183024,0.0
memo/memo_0179.png,службова записка,RVL-CDIP,,762,1000,156969,0.762,239.5980157480315,55.1034909102721,0.06045931758530184,0.0
memo/memo_0180.png,службова записка,RVL-CDIP,,778,1000,71954,0.778,251.5774974293059,25.43950391000209,0.013305912596401029,0.0
memo/memo_0181.png,службова записка,RVL-CDIP,,762,1000,66170,0.762,250.55968372703413,28.86675993125736,0.01739763779527559,0.0
memo/memo_0182.png,службова записка,RVL-CDIP,,754,1000,161084,0.754,245.02546551724137,43.43473777602309,0.038664456233421754,0.0
memo/memo_0183.png,службова записка,RVL-CDIP,,848,1000,306776,0.848,239.69050589622643,50.48015451597126,0.05866745283018868,0.0
memo/memo_0184.png,службова записка,RVL-CDIP,,754,1000,140813,0.754,246.43816312997347,40.024757935801965,0.03310610079575597,0.0
memo/memo_0185.png,службова записка,RVL-CDIP,,762,1000,46086,0.762,226.9127742782152,78.57761285548932,0.1104527559055118,0.0
memo/memo_0186.png,службова записка,RVL-CDIP,,754,1000,59453,0.754,252.18437400530505,22.75972811201399,0.010977453580901856,0.0
memo/memo_0187.png,службова записка,RVL-CDIP,,762,1000,177004,0.762,242.76186351706036,48.043264591852925,0.04725196850393701,0.0
memo/memo_0188.png,службова записка,RVL-CDIP,,754,1000,58983,0.754,251.54981432360742,25.545670159368544,0.013420424403183024,0.0
memo/memo_0189.png,службова записка,RVL-CDIP,,762,1000,199184,0.762,238.81865879265092,55.2668495453975,0.06319422572178478,0.0
kvitanciya/kvitanciya_0000.png,квитанція,SROIE/CORD,genuine,864,1296,1397344,0.6666666666666666,109.0025380801326,57.135132558464676,0.4887125985939643,50.48864115369227
kvitanciya/kvitanciya_0001.png,квитанція,SROIE/CORD,genuine,864,1296,1611221,0.6666666666666666,133.93204428869456,29.482341830942065,0.3185397733767718,21.810828189300413
kvitanciya/kvitanciya_0002.png,квитанція,SROIE/CORD,genuine,720,1280,250769,0.5625,149.97674913194444,21.794544896870818,0.17784613715277778,13.084670138888889
kvitanciya/kvitanciya_0003.png,квитанція,SROIE/CORD,genuine,1108,1478,1355039,0.7496617050067659,147.64652569820666,46.68066078893648,0.4026467614055485,63.74754339213397
kvitanciya/kvitanciya_0004.png,квитанція,SROIE/CORD,genuine,864,1296,1006448,0.6666666666666666,200.91041255858482,19.657929770191252,0.013545953360768175,11.915536051097394
kvitanciya/kvitanciya_0005.png,квитанція,SROIE/CORD,genuine,2304,4096,4480602,0.5625,159.87859090169272,59.76014854749266,0.31310462951660156,95.01689285702176
kvitanciya/kvitanciya_0006.png,квитанція,SROIE/CORD,genuine,864,1296,1333228,0.6666666666666666,164.30858214020347,59.105091068984144,0.14760516689529035,45.94878561528349
kvitanciya/kvitanciya_0007.png,квитанція,SROIE/CORD,genuine,864,1296,1111001,0.6666666666666666,113.15953557241656,90.52185498008357,0.46046774977137633,52.331947302240515
kvitanciya/kvitanciya_0008.png,квитанція,SROIE/CORD,genuine,864,1296,1479932,0.6666666666666666,129.92719764517605,30.091419569255777,0.4065929355281207,50.94284586476909
kvitanciya/kvitanciya_0009.png,квитанція,SROIE/CORD,genuine,864,1296,1354853,0.6666666666666666,183.64276834705075,38.60706055652395,0.10316286579789666,12.371432220221765
kvitanciya/kvitanciya_0010.png,квитанція,SROIE/CORD,genuine,432,648,380391,0.6666666666666666,83.3607896090535,71.25764547204518,0.6759116369455875,83.15755029721079
kvitanciya/kvitanciya_0011.png,квитанція,SROIE/CORD,genuine,864,1296,1679672,0.6666666666666666,115.84018043409922,17.20452284401742,0.8546962520004573,22.794971886431185
kvitanciya/kvitanciya_0012.png,квитанція,SROIE/CORD,genuine,576,864,733863,0.6666666666666666,139.16538266782408,39.966685576179884,0.3867287969393004,30.512795781893004
kvitanciya/kvitanciya_0013.png,квитанція,SROIE/CORD,genuine,2304,4096,4787624,0.5625,162.3601133558485,67.27412884751578,0.24662801954481336,22.958319346110027
kvitanciya/kvitanciya_0014.png,квитанція,SROIE/CORD,genuine,576,864,714013,0.6666666666666666,120.63331886574075,32.95055078110744,0.5293812692901234,28.373910911779834
kvitanciya/kvitanciya_0015.png,квитанція,SROIE/CORD,genuine,2304,4096,4815924,0.5625,149.98748546176486,68.56030096660282,0.4596160252888997,86.53445858425565
kvitanciya/kvitanciya_0016.png,квитанція,SROIE/CORD,genuine,864,1296,955856,0.6666666666666666,107.26551783264746,63.30506165058695,0.35911690529263834,28.862892768347052
kvitanciya/kvitanciya_0017.png,квитанція,SROIE/CORD,genuine,576,864,821872,0.6666666666666666,152.93525149498456,45.35700907096933,0.2470924157664609,27.644470968364196
kvitanciya/kvitanciya_0018.png,квитанція,SROIE/CORD,genuine,864,1296,1148593,0.6666666666666666,176.88011188271605,40.22638525570993,0.09326596079103795,14.761050740169182
kvitanciya/kvitanciya_0019.png,квитанція,SROIE/CORD,genuine,960,1280,1208454,0.75,136.089814453125,19.498396237253655,0.339248046875,50.967395833333335
kvitanciya/kvitanciya_0020.png,квитанція,SROIE/CORD,genuine,2304,4096,5644789,0.5625,100.70277118682861,78.3389534789308,0.5371219846937392,33.75948694017198
kvitanciya/kvitanciya_0021.png,квитанція,SROIE/CORD,genuine,576,864,702264,0.6666666666666666,130.65207248263889,42.609596066043764,0.2640918370627572,61.97747275270062
kvitanciya/kvitanciya_0022.png,квитанція,SROIE/CORD,genuine,864,1296,1232891,0.6666666666666666,131.66133777006172,43.77326690009331,0.41431434327846367,17.473001864711936
kvitanciya/kvitanciya_0023.png,квитанція,SROIE/CORD,genuine,576,864,762506,0.6666666666666666,128.22092214827674,67.81207599693695,0.6175170396090535,30.393661185056583
kvitanciya/kvitanciya_0024.png,квитанція,SROIE/CORD,genuine,576,864,784337,0.6666666666666666,128.2659424832819,28.901902705031382,0.4157885641718107,33.88778171617798
kvitanciya/kvitanciya_0025.png,квитанція,SROIE/CORD,genuine,864,1296,964421,0.6666666666666666,199.2343348122428,21.254963721289577,0.01929190957933242,15.18545221050526
kvitanciya/kvitanciya_0026.png,квитанція,SROIE/CORD,genuine,1108,1478,1952635,0.7496617050067659,171.48914952394443,38.41801168058232,0.10402265721557574,55.57739139143051
kvitanciya/kvitanciya_0027.png,квитанція,SROIE/CORD,genuine,864,1296,1948638,0.6666666666666666,87.95373585390946,79.214947584765,0.6100224694215821,66.79231145690443
kvitanciya/kvitanciya_0028.png,квитанція,SROIE/CORD,genuine,864,1296,1154542,0.6666666666666666,180.28070344650206,20.56794282557291,0.026224744227251944,9.561260430955647
kvitanciya/kvitanciya_0029.png,квитанція,SROIE/CORD,genuine,576,864,433248,0.6666666666666666,144.36413523984052,17.826163194381987,0.16055611818415638,31.864406507201647
kvitanciya/kvitanciya_0030.png,квитанція,SROIE/CORD,genuine,864,1296,1425163,0.6666666666666666,146.70126386031092,13.896373895234346,0.09053230024005487,16.45659543609968
kvitanciya/kvitanciya_0031.png,квитанція,SROIE/CORD,genuine,576,864,756167,0.6666666666666666,124.0273939846965,28.211391077361537,0.539842142489712,68.87769057034465
kvitanciya/kvitanciya_0032.png,квитанція,SROIE/CORD,genuine,576,864,664713,0.6666666666666666,100.33693817515432,27.32851785956264,0.8070404931841564,169.88936913258746
kvitanciya/kvitanciya_0033.png,квитанція,SROIE/CORD,genuine,576,864,752413,0.6666666666666666,140.90797405478395,79.86674858569145,0.4041943962191358,31.60613787615741
kvitanciya/kvitanciya_0034.png,квитанція,SROIE/CORD,genuine,576,864,657231,0.6666666666666666,167.910831404321,12.1229234039864,0.013509114583333334,22.07280815972222
kvitanciya/kvitanciya_0035.png,квитанція,SROIE/CORD,genuine,576,864,697036,0.6666666666666666,186.1334675604424,41.65083183913367,0.06439887152777778,19.039144884902264
kvitanciya/kvitanciya_0036.png,квитанція,SROIE/CORD,genuine,960,1280,1032956,0.75,130.21202799479167,27.57149413063373,0.49402018229166667,43.8501318359375
kvitanciya/kvitanciya_0037.png,квитанція,SROIE/CORD,genuine,864,1296,1174265,0.6666666666666666,194.60667170353224,18.960118035577807,0.009572723765432098,37.00307927526292
kvitanciya/kvitanciya_0038.png,квитанція,SROIE/CORD,genuine,864,1296,1303646,0.6666666666666666,159.88748767575447,58.37645722935688,0.2911781621513489,48.36288115855053
kvitanciya/kvitanciya_0039.png,квитанція,SROIE/CORD,genuine,1108,1478,1082832,0.7496617050067659,187.2970541467394,26.188909285209665,0.030906361899923303,41.96112660781718
kvitanciya/kvitanciya_0040.png,квитанція,SROIE/CORD,genuine,576,864,674275,0.6666666666666666,122.24420894418725,41.499406386512774,0.3788198463220165,40.615093717849795
kvitanciya/kvitanciya_0041.png,квитанція,SROIE/CORD,genuine,576,864,787065,0.6666666666666666,118.46363208912037,61.30927089671585,0.6987746752829218,29.127069669495885
kvitanciya/kvitanciya_0042.png,квитанція,SROIE/CORD,genuine,576,864,676593,0.6666666666666666,149.6800451710391,57.02801578419978,0.3586697048611111,27.466979729295268
kvitanciya/kvitanciya_0043.png,квитанція,SROIE/CORD,genuine,864,1296,1644256,0.6666666666666666,153.87553762288522,57.97066645316976,0.33806923725422955,58.728638867455416
kvitanciya/kvitanciya_0044.png,квитанція,SROIE/CORD,genuine,432,648,389931,0.6666666666666666,142.27943887174212,24.112266112499015,0.30570201760402377,25.422543009830818
kvitanciya/kvitanciya_0045.png,квитанція,SROIE/CORD,genuine,2304,4096,5163834,0.5625,142.536531024509,33.04424296999481,0.34191852145724827,28.913021829393173
kvitanciya/kvitanciya_0046.png,квитанція,SROIE/CORD,genuine,864,1296,1245428,0.6666666666666666,122.67733874885688,40.06503855571888,0.37195287494284407,23.830755958504803
kvitanciya/kvitanciya_0047.png,квитанція,SROIE/CORD,genuine,864,1296,1150999,0.6666666666666666,98.22592931955876,67.07555799596153,0.5162528220736168,56.23546364168953
kvitanciya/kvitanciya_0048.png,квитанція,SROIE/CORD,genuine,660,1394,461090,0.4734576757532281,162.78902982479022,25.564971763493677,0.14096995782792052,36.85464871092561
kvitanciya/kvitanciya_0049.png,квитанція,SROIE/CORD,genuine,576,864,671468,0.6666666666666666,126.04667205182614,40.09582712884727,0.37787141525205764,73.50807974858539
kvitanciya/kvitanciya_0050.png,квитанція,SROIE/CORD,genuine,864,1296,1329808,0.6666666666666666,111.04361443329904,21.14197366831797,0.7307607810356653,17.60997424411294
kvitanciya/kvitanciya_0051.png,квитанція,SROIE/CORD,genuine,1108,1478,1426781,0.7496617050067659,182.3551517320215,28.17824507945475,0.03507154267402041,45.87488397825142
kvitanciya/kvitanciya_0052.png,квитанція,SROIE/CORD,genuine,576,864,676947,0.6666666666666666,165.24647754308128,31.219284523172316,0.11375345614711935,11.11618481545782
kvitanciya/kvitanciya_0053.png,квитанція,SROIE/CORD,genuine,960,1280,707988,0.75,134.64404947916665,23.18002364465625,0.35498291015625,51.32596761067708
kvitanciya/kvitanciya_0054.png,квитанція,SROIE/CORD,genuine,576,864,770985,0.6666666666666666,175.94337143132717,40.119233483633046,0.16978925540123457,38.70234133873457
kvitanciya/kvitanciya_0055.png,квитанція,SROIE/CORD,genuine,2304,4096,5057637,0.5625,177.19107384151883,30.555556800063957,0.09907542334662543,36.70455265045166
kvitanciya/kvitanciya_0056.png,квитанція,SROIE/CORD,genuine,1836,3264,2508009,0.5625,160.19020295345808,75.09877064099672,0.23725550269127257,24.913635147005426
kvitanciya/kvitanciya_0057.png,квитанція,SROIE/CORD,genuine,576,864,483308,0.6666666666666666,140.9133371109825,34.26660435241172,0.19046987525720166,13.106624148019547
kvitanciya/kvitanciya_0058.png,квитанція,SROIE/CORD,genuine,864,1296,1144429,0.6666666666666666,130.1501834347851,39.88405255438493,0.28388006544352995,31.60367101766118
kvitanciya/kvitanciya_0059.png,квитанція,SROIE/CORD,genuine,864,1296,1438378,0.6666666666666666,131.8828991269433,32.28704016790942,0.45845300354366714,34.4597827717764
kvitanciya/kvitanciya_0060.png,квитанція,SROIE/CORD,genuine,576,864,719780,0.6666666666666666,101.39166385352367,63.82935753422389,0.6804048514660493,81.28208992412551
kvitanciya/kvitanciya_0061.png,квитанція,SROIE/CORD,genuine,576,864,643098,0.6666666666666666,119.21695159786523,25.780541943486917,0.5904003504372428,31.214188689557613
kvitanciya/kvitanciya_0062.png,квитанція,SROIE/CORD,genuine,960,1706,1210345,0.5627198124267292,164.28082258694803,24.06680786912872,0.0602176143024619,33.38483904845643
kvitanciya/kvitanciya_0063.png,квитанція,SROIE/CORD,genuine,576,864,762728,0.6666666666666666,128.32746391139403,53.72529472465995,0.2555037133487654,44.05701638052984
kvitanciya/kvitanciya_0064.png,квитанція,SROIE/CORD,genuine,930,1280,899728,0.7265625,199.49081401209676,45.01084578034775,0.0925823252688172,25.054857190860215
kvitanciya/kvitanciya_0065.png,квитанція,SROIE/CORD,genuine,720,1280,1283248,0.5625,131.77439995659722,73.12068287513203,0.43434244791666665,58.598033854166665
kvitanciya/kvitanciya_0066.png,квитанція,SROIE/CORD,genuine,2304,4096,6951343,0.5625,112.1350777943929,31.486121093933082,0.681367450290256,56.90280691782633
kvitanciya/kvitanciya_0067.png,квитанція,SROIE/CORD,genuine,960,1280,857896,0.75,90.95958658854167,57.10150232921695,0.5983455403645833,107.78396402994791
kvitanciya/kvitanciya_0068.png,квитанція,SROIE/CORD,genuine,960,1280,932468,0.75,127.62063639322916,26.266172738413374,0.5059562174479166,57.49180013020833
kvitanciya/kvitanciya_0069.png,квитанція,SROIE/CORD,genuine,720,1280,673831,0.5625,167.86373263888888,48.59696982678226,0.11820095486111111,29.27795464409722
kvitanciya/kvitanciya_0070.png,квитанція,SROIE/CORD,genuine,2304,4096,6193329,0.5625,113.56325329674615,75.3201804044263,0.5800753699408637,70.0535422431098
kvitanciya/kvitanciya_0071.png,квитанція,SROIE/CORD,genuine,864,1296,1073558,0.6666666666666666,193.185905885631,32.3642042757313,0.05251110968221308,39.13919967421125
kvitanciya/kvitanciya_0072.png,квитанція,SROIE/CORD,genuine,864,1296,1445934,0.6666666666666666,167.78703971622085,39.307888094853034,0.1890994727366255,35.488423246742116
kvitanciya/kvitanciya_0073.png,квитанція,SROIE/CORD,genuine,432,648,363864,0.6666666666666666,81.84801883287608,71.84416280891645,0.5422167924096937,58.38214806241427
kvitanciya/kvitanciya_0074.png,квитанція,SROIE/CORD,genuine,576,864,689074,0.6666666666666666,111.1225384998714,42.861500886598414,0.4633025495113169,91.85863956404322
kvitanciya/kvitanciya_0075.png,квитанція,SROIE/CORD,genuine,576,864,756377,0.6666666666666666,126.5564095453961,30.098506265939708,0.3363052179783951,58.689774627057616
kvitanciya/kvitanciya_0076.png,квитанція,SROIE/CORD,genuine,864,1296,1256046,0.6666666666666666,153.89546092678327,60.84495955691252,0.2240940786465478,42.27104320273205
kvitanciya/kvitanciya_0077.png,квитанція,SROIE/CORD,genuine,960,1280,1010366,0.75,127.9195556640625,56.12564242566129,0.58107666015625,93.30434326171876
kvitanciya/kvitanciya_0078.png,квитанція,SROIE/CORD,genuine,864,1296,1983639,0.6666666666666666,159.6023742926955,54.29455313828048,0.23564761231138545,29.11754472450846
kvitanciya/kvitanciya_0079.png,квитанція,SROIE/CORD,genuine,576,864,803153,0.6666666666666666,146.46716660236626,51.685327687062,0.48560474537037035,67.82175323109568
kvitanciya/kvitanciya_0080.png,квитанція,SROIE/CORD,genuine,2304,4096,4784799,0.5625,173.04706838395862,31.50955742716457,0.1132460700141059,53.504713482326935
kvitanciya/kvitanciya_0081.png,квитанція,SROIE/CORD,genuine,864,1296,1823663,0.6666666666666666,113.40130333361911,54.69161331237005,0.39920285350937357,37.649179633916326
kvitanciya/kvitanciya_0082.png,квитанція,SROIE/CORD,genuine,576,864,617389,0.6666666666666666,133.59246801054528,31.208951461289377,0.4130658436213992,14.4277544688786
kvitanciya/kvitanciya_0083.png,квитанція,SROIE/CORD,genuine,1108,1478,1285791,0.7496617050067659,186.4515401581804,33.54223267669445,0.04004643312506412,33.40561386496534
kvitanciya/kvitanciya_0084.png,квитанція,SROIE/CORD,genuine,576,864,650898,0.6666666666666666,132.37234157986111,30.937905341063125,0.32376864711934156,23.465685683513374
kvitanciya/kvitanciya_0085.png,квитанція,SROIE/CORD,genuine,960,1280,951683,0.75,147.18822509765624,26.712805842040243,0.15446695963541668,18.352406412760416
kvitanciya/kvitanciya_0086.png,квитанція,SROIE/CORD,genuine,720,1280,763952,0.5625,101.21840060763888,85.71924408935817,0.5059581163194444,107.31794162326389
kvitanciya/kvitanciya_0087.png,квитанція,SROIE/CORD,genuine,864,1296,1468616,0.6666666666666666,105.87311385459533,63.75647406440842,0.7159484667924096,126.2757094478738
kvitanciya/kvitanciya_0088.png,квитанція,SROIE/CORD,genuine,576,864,680039,0.6666666666666666,174.0644571437757,25.74262017153972,0.030872235082304526,33.09163210519547
kvitanciya/kvitanciya_0089.png,квитанція,SROIE/CORD,genuine,864,1296,1227506,0.6666666666666666,178.05886077532008,62.325485119778264,0.1840429598193873,22.185901420324647
kvitanciya/kvitanciya_0090.png,квитанція,SROIE/CORD,genuine,864,1296,1400329,0.6666666666666666,133.39010345221766,23.054873352384966,0.3430569844535894,42.46251821844993
kvitanciya/kvitanciya_0091.png,квитанція,SROIE/CORD,genuine,576,864,773455,0.6666666666666666,116.95956910686728,26.823814990425788,0.5731658307613169,54.938398196373456
kvitanciya/kvitanciya_0092.png,квитанція,SROIE/CORD,genuine,864,1296,961622,0.6666666666666666,199.86377154063786,37.728445337382944,0.08108996342021034,12.0335219478738
kvitanciya/kvitanciya_0093.png,квитанція,SROIE/CORD,genuine,576,864,673799,0.6666666666666666,124.47976345486111,22.16719216209679,0.5291582272376543,24.27421915187757
kvitanciya/kvitanciya_0094.png,квитанція,SROIE/CORD,genuine,864,1296,1013256,0.6666666666666666,166.37020158179013,42.096263994832356,0.09465288494513031,29.519427654892546
kvitanciya/kvitanciya_0095.png,квитанція,SROIE/CORD,genuine,576,864,746555,0.6666666666666666,133.5611557195216,30.27231486371513,0.20546593685699588,14.798522698045268
kvitanciya/kvitanciya_0096.png,квитанція,SROIE/CORD,genuine,864,1296,1400584,0.6666666666666666,95.0681736182556,91.18235919526174,0.583446752114769,110.30778999485597
kvitanciya/kvitanciya_0097.png,квитанція,SROIE/CORD,genuine,576,864,746040,0.6666666666666666,133.56548394097223,30.271181096012928,0.20524088541666666,14.798942660108025
kvitanciya/kvitanciya_0098.png,квитанція,SROIE/CORD,genuine,720,1280,1153060,0.5625,161.3770920138889,20.735955074774377,0.023031684027777777,39.91301106770833
kvitanciya/kvitanciya_0099.png,квитанція,SROIE/CORD,genuine,576,864,712115,0.6666666666666666,139.44796489197532,30.23003180166169,0.1327582465277778,22.972232269161523
kvitanciya/kvitanciya_0100.png,квитанція,SROIE/CORD,genuine,2304,4096,7113266,0.5625,88.46357260810004,85.85780916416702,0.7229494518703885,35.80107805464003
kvitanciya/kvitanciya_0101.png,квитанція,SROIE/CORD,genuine,720,1280,664698,0.5625,123.84099609375,51.74440027621634,0.6323426649305556,26.747122395833333
kvitanciya/kvitanciya_0102.png,квитанція,SROIE/CORD,genuine,864,1296,1436157,0.6666666666666666,129.70476644661636,64.1629200278408,0.3346639946273434,65.78548311042525
kvitanciya/kvitanciya_0103.png,квитанція,SROIE/CORD,genuine,960,1280,1145969,0.75,136.99801839192708,19.354442474574537,0.33668701171875,53.493238118489586
kvitanciya/kvitanciya_0104.png,квитанція,SROIE/CORD,genuine,1108,1478,1406084,0.7496617050067659,158.0361652003146,32.408873269619555,0.19270968183172693,40.61616647044743
kvitanciya/kvitanciya_0105.png,квитанція,SROIE/CORD,genuine,576,864,446455,0.6666666666666666,146.83935546875,20.06134445986567,0.0882764274691358,27.614430619855966
kvitanciya/kvitanciya_0106.png,квитанція,SROIE/CORD,genuine,576,864,603337,0.6666666666666666,132.11795508616254,36.55581978056828,0.349804285622428,59.07641300154321
kvitanciya/kvitanciya_0107.png,квитанція,SROIE/CORD,genuine,576,864,686393,0.6666666666666666,115.97601594650206,25.458515330985577,0.6297542116769548,20.588837046682098
kvitanciya/kvitanciya_0108.png,квитанція,SROIE/CORD,genuine,2304,4096,4009371,0.5625,138.0048426522149,72.67797708396819,0.47407086690266925,52.95385222964816
kvitanciya/kvitanciya_0109.png,квитанція,SROIE/CORD,genuine,864,1296,1144429,0.6666666666666666,130.1501834347851,39.88405255438493,0.28388006544352995,31.60367101766118
kvitanciya/kvitanciya_0110.png,квитанція,SROIE/CORD,genuine,2304,4096,5128462,0.5625,119.09541977776422,81.33949999091959,0.5750624338785807,46.42106278737386
kvitanciya/kvitanciya_0111.png,квитанція,SROIE/CORD,genuine,960,1280,878653,0.75,134.6826904296875,26.29493224505446,0.32267903645833335,36.956844889322916
kvitanciya/kvitanciya_0112.png,квитанція,SROIE/CORD,genuine,1536,2730,3066584,0.5626373626373626,127.37921436202686,23.5137638617559,0.5092562385531135,24.101495011065325
kvitanciya/kvitanciya_0113.png,квитанція,SROIE/CORD,genuine,864,1296,2055638,0.6666666666666666,149.68696594935986,75.2266878929286,0.39111707676040236,60.03810692443987
kvitanciya/kvitanciya_0114.png,квитанція,SROIE/CORD,genuine,864,1296,1390460,0.6666666666666666,128.9369614840535,42.444408941389504,0.46304958990626427,7.399616340877915
kvitanciya/kvitanciya_0115.png,квитанція,SROIE/CORD,genuine,576,864,712059,0.6666666666666666,158.76548233346193,38.934189477171635,0.2572137024176955,33.72618272569444
kvitanciya/kvitanciya_0116.png,квитанція,SROIE/CORD,genuine,1080,1920,1255658,0.5625,147.82853636188273,35.33242445395031,0.3570023148148148,82.23708622685186
kvitanciya/kvitanciya_0117.png,квитанція,SROIE/CORD,genuine,576,864,689753,0.6666666666666666,184.18853081597223,29.309829152371872,0.05087770061728395,8.263161490483538
kvitanciya/kvitanciya_0118.png,квитанція,SROIE/CORD,genuine,576,864,708338,0.6666666666666666,142.0570324556327,57.133548470275386,0.2594180009002058,24.268219119727366
kvitanciya/kvitanciya_0119.png,квитанція,SROIE/CORD,genuine,864,1296,1249168,0.6666666666666666,187.51933656264288,41.833608053641875,0.09168434927983539,14.766759187814358
kvitanciya/kvitanciya_0120.png,квитанція,SROIE/CORD,genuine,864,1296,1029921,0.6666666666666666,154.7418097350823,65.08754288714522,0.3640707161636946,23.007484746513487
kvitanciya/kvitanciya_0121.png,квитанція,SROIE/CORD,genuine,864,1296,1361741,0.6666666666666666,117.20371084819388,41.37992731911239,0.4327944601623228,27.902013317329676
kvitanciya/kvitanciya_0122.png,квитанція,SROIE/CORD,genuine,720,1280,484254,0.5625,183.91991536458335,46.06793716112141,0.114423828125,9.922964409722223
kvitanciya/kvitanciya_0123.png,квитанція,SROIE/CORD,genuine,576,864,649382,0.6666666666666666,165.99653983410494,46.23572749540456,0.07349336098251029,19.99318616576646
kvitanciya/kvitanciya_0124.png,квитанція,SROIE/CORD,genuine,1108,1478,1441671,0.7496617050067659,153.0760467604285,29.928549992759557,0.21925606854809163,53.61674047278252
kvitanciya/kvitanciya_0125.png,квитанція,SROIE/CORD,genuine,864,1296,1782432,0.6666666666666666,118.86644804526749,20.664242513631986,0.6032146633516232,88.13124607053041
kvitanciya/kvitanciya_0126.png,квитанція,SROIE/CORD,genuine,960,1280,955089,0.75,142.07983479817707,31.060534409306594,0.216611328125,21.33639973958333
kvitanciya/kvitanciya_0127.png,квитанція,SROIE/CORD,genuine,864,1296,1725308,0.6666666666666666,157.23273266032237,62.268604475220535,0.3279231681527206,43.75624696359168
kvitanciya/kvitanciya_0128.png,квитанція,SROIE/CORD,genuine,864,1296,1592323,0.6666666666666666,156.38260888203018,67.8888308052047,0.36475390803612256,46.015395483253315
kvitanciya/kvitanciya_0129.png,квитанція,SROIE/CORD,genuine,2304,4096,2984516,0.5625,141.2580477396647,75.84703089965856,0.40086205800374347,48.42694144778781
kvitanciya/kvitanciya_0130.png,квитанція,SROIE/CORD,genuine,576,864,442354,0.6666666666666666,146.87118819122944,19.86845714066668,0.10142787101337448,33.981782889660494
kvitanciya/kvitanciya_0131.png,квитанція,SROIE/CORD,genuine,864,1296,1515229,0.6666666666666666,126.93792866941016,39.23111211046273,0.4781628657978967,66.02704725365798
kvitanciya/kvitanciya_0132.png,квитанція,SROIE/CORD,genuine,2304,4096,5475141,0.5625,117.5629784266154,70.9116007855129,0.5983623928493924,86.44793372684055
kvitanciya/kvitanciya_0133.png,квитанція,SROIE/CORD,genuine,864,1296,1547497,0.6666666666666666,135.37119823816872,32.42313972143508,0.42900520118884317,18.196956625800183
kvitanciya/kvitanciya_0134.png,квитанція,SROIE/CORD,genuine,432,648,381973,0.6666666666666666,104.41676311728395,54.207362722778676,0.6192093907178784,49.714484739369
kvitanciya/kvitanciya_0135.png,квитанція,SROIE/CORD,genuine,864,1296,1368204,0.6666666666666666,122.79997749485597,20.514079920722207,0.44083826303155005,16.691665237768632
kvitanciya/kvitanciya_0136.png,квитанція,SROIE/CORD,genuine,864,1296,1901754,0.6666666666666666,94.8310408450503,87.69366665169201,0.6155782035893919,37.55242716192272
kvitanciya/kvitanciya_0137.png,квитанція,SROIE/CORD,genuine,2304,4096,6382361,0.5625,148.439220322503,55.01190704910413,0.3461586634318034,48.84852854410807
kvitanciya/kvitanciya_0138.png,квитанція,SROIE/CORD,genuine,1836,3264,4471836,0.5625,93.23904601328549,27.70916471058705,0.9147510038873937,65.41766988658209
kvitanciya/kvitanciya_0139.png,квитанція,SROIE/CORD,genuine,1108,1478,1179420,0.7496617050067659,155.4443596332247,36.61207467033695,0.2541419764243807,48.9326017449671
kvitanciya/kvitanciya_0140.png,квитанція,SROIE/CORD,genuine,576,864,768795,0.6666666666666666,139.94469159915124,70.98747153067664,0.30411683384773663,63.01288218557099
kvitanciya/kvitanciya_0141.png,квитанція,SROIE/CORD,genuine,1080,1920,1428208,0.5625,120.89478298611111,50.74245289528884,0.678926986882716,139.3863493441358
kvitanciya/kvitanciya_0142.png,квитанція,SROIE/CORD,genuine,864,1296,1536458,0.6666666666666666,143.44774073359625,30.967580220040876,0.1976514274691358,16.044739690500688
kvitanciya/kvitanciya_0143.png,квитанція,SROIE/CORD,genuine,1108,1478,1195949,0.7496617050067659,173.2592835718089,31.391008795154896,0.05342618329970738,42.085247285091086
kvitanciya/kvitanciya_0144.png,квитанція,SROIE/CORD,genuine,2304,4096,4409593,0.5625,173.6849086549547,48.65267264913325,0.1434055964152018,39.9161098268297
kvitanciya/kvitanciya_0145.png,квитанція,SROIE/CORD,genuine,864,1296,1124225,0.6666666666666666,129.9043192015318,37.11487118259044,0.3108299754229538,84.02697312957247
kvitanciya/kvitanciya_0146.png,квитанція,SROIE/CORD,genuine,864,1296,1669370,0.6666666666666666,156.227787780064,71.20960204513743,0.3331752614883402,91.78351480338362
kvitanciya/kvitanciya_0147.png,квитанція,SROIE/CORD,genuine,1152,1728,2347943,0.6666666666666666,131.4948544600373,24.009149335860997,0.2041653605645576,13.1200152110661
kvitanciya/kvitanciya_0148.png,квитанція,SROIE/CORD,genuine,576,864,658025,0.6666666666666666,167.9097282503858,12.136865040141352,0.013581452546296295,22.07233997235082
kvitanciya/kvitanciya_0149.png,квитанція,SROIE/CORD,genuine,576,864,616790,0.6666666666666666,179.85448615933643,56.03070786070791,0.1415794592335391,9.726486143261317
kvitanciya/kvitanciya_0150.png,квитанція,SROIE/CORD,genuine,1836,3264,2035975,0.5625,172.82634566966766,32.46337971478647,0.08644678595839207,58.50870024616601
kvitanciya/kvitanciya_0151.png,квитанція,SROIE/CORD,genuine,576,864,988993,0.6666666666666666,109.61655655221193,38.335812218053675,0.522900993441358,30.13994180812757
kvitanciya/kvitanciya_0152.png,квитанція,SROIE/CORD,genuine,1024,1198,677354,0.8547579298831386,176.32304410345367,22.255618884393016,0.02799017242278798,14.999364989826795
kvitanciya/kvitanciya_0153.png,квитанція,SROIE/CORD,genuine,864,1296,1268531,0.6666666666666666,182.49743423496798,37.313907337838884,0.058019511602652035,13.3387077760631
kvitanciya/kvitanciya_0154.png,квитанція,SROIE/CORD,genuine,1536,2730,3064537,0.5626373626373626,117.22211848481379,23.77951334781108,0.6340904971764347,49.1561035752442
kvitanciya/kvitanciya_0155.png,квитанція,SROIE/CORD,genuine,576,864,663718,0.6666666666666666,133.6803405510545,74.03735159182929,0.5325741865997943,91.4177376703961
kvitanciya/kvitanciya_0156.png,квитанція,SROIE/CORD,genuine,576,864,757879,0.6666666666666666,132.57795219264403,75.75327609245603,0.34566695601851855,45.06201372813786
kvitanciya/kvitanciya_0157.png,квитанція,SROIE/CORD,genuine,864,1296,1218965,0.6666666666666666,88.49886938443073,46.26591891671933,0.9366632015889346,55.856852101909006
kvitanciya/kvitanciya_0158.png,квитанція,SROIE/CORD,genuine,864,1296,1398604,0.6666666666666666,176.14702199788522,33.8997032727656,0.10936428326474623,39.19765410665295
kvitanciya/kvitanciya_0159.png,квитанція,SROIE/CORD,genuine,2304,4096,6193730,0.5625,152.58751487731934,47.92173386468603,0.2396215862698025,75.37606430053711
kvitanciya/kvitanciya_0160.png,квитанція,SROIE/CORD,genuine,576,864,832306,0.6666666666666666,158.3589168595679,40.246904032545075,0.25551576967592593,17.103172019675927
kvitanciya/kvitanciya_0161.png,квитанція,SROIE/CORD,genuine,1080,1920,779775,0.5625,176.52573447145062,51.822097516936545,0.1877247299382716,33.028520447530866
kvitanciya/kvitanciya_0162.png,квитанція,SROIE/CORD,genuine,642,1900,826987,0.33789473684210525,219.16919413018528,52.659706538708825,0.06814887686505984,27.426710936219052
kvitanciya/kvitanciya_0163.png,квитанція,SROIE/CORD,genuine,960,1280,879939,0.75,176.15547607421874,25.88669313981771,0.04232014973958333,42.937265625
kvitanciya/kvitanciya_0164.png,квитанція,SROIE/CORD,genuine,2304,4096,4778877,0.5625,173.0267555448744,31.499662426589925,0.1132460700141059,53.50700749291314
kvitanciya/kvitanciya_0165.png,квитанція,SROIE/CORD,genuine,278,586,106945,0.47440273037542663,156.86851474451836,26.534238980990466,0.12127703980160581,3.9817934048665506
kvitanciya/kvitanciya_0166.png,квитанція,SROIE/CORD,genuine,864,1296,926243,0.6666666666666666,89.09722400834477,75.88845010327795,0.6031842992684042,46.23329975422954
kvitanciya/kvitanciya_0167.png,квитанція,SROIE/CORD,genuine,2304,4096,5599155,0.5625,123.7953691482544,57.15275195704923,0.6168465084499783,169.4635417726305
kvitanciya/kvitanciya_0168.png,квитанція,SROIE/CORD,genuine,864,1296,1061104,0.6666666666666666,195.01473461791267,29.0696103085193,0.047670717592592594,18.668076810413808
kvitanciya/kvitanciya_0169.png,квитанція,SROIE/CORD,genuine,864,1296,1513434,0.6666666666666666,136.65258309042068,70.36678488322848,0.31826471050525834,37.99383609110654
kvitanciya/kvitanciya_0170.png,квитанція,SROIE/CORD,genuine,864,1296,1179969,0.6666666666666666,187.0903760145176,56.37269134877323,0.11705979223822588,13.145929783950617
kvitanciya/kvitanciya_0171.png,квитанція,SROIE/CORD,genuine,864,1296,1501856,0.6666666666666666,174.1929789308985,34.50920104156785,0.10000678726566073,30.218280249771375
kvitanciya/kvitanciya_0172.png,квитанція,SROIE/CORD,genuine,2304,4096,5613946,0.5625,160.49958493974475,55.329461542864586,0.38330120510525173,97.0398301018609
kvitanciya/kvitanciya_0173.png,квитанція,SROIE/CORD,genuine,2304,4096,2220599,0.5625,170.64902877807617,48.18687804270684,0.2013795640733507,39.37887626224094
kvitanciya/kvitanciya_0174.png,квитанція,SROIE/CORD,genuine,1108,1478,1151338,0.7496617050067659,170.81079478561622,30.73514094779343,0.10927722114478049,55.293604636961845
kvitanciya/kvitanciya_0175.png,квитанція,SROIE/CORD,genuine,576,864,754602,0.6666666666666666,115.05696212705762,51.2472746337457,0.4162426858281893,45.62466443222737
kvitanciya/kvitanciya_0176.png,квитанція,SROIE/CORD,genuine,1108,1478,1155042,0.7496617050067659,159.83766481194706,37.701134828882736,0.22004318451610383,49.36033057649375
kvitanciya/kvitanciya_0177.png,квитанція,SROIE/CORD,genuine,1108,1478,1024818,0.7496617050067659,151.71623828180338,37.77390427415996,0.3088120349970445,47.033327552600596
kvitanciya/kvitanciya_0178.png,квитанція,SROIE/CORD,genuine,864,1296,1127630,0.6666666666666666,149.29576135259487,39.01638056635374,0.19586262574302699,11.901170267489713
kvitanciya/kvitanciya_0179.png,квитанція,SROIE/CORD,genuine,864,1296,1499265,0.6666666666666666,166.86296064100367,42.701492501910934,0.09863415209190672,43.04135766746685
kvitanciya/kvitanciya_0180.png,квитанція,SROIE/CORD,genuine,1152,1728,1909203,0.6666666666666666,180.88042785895703,45.30273788876708,0.14358533066486626,21.999347451292437
kvitanciya/kvitanciya_0181.png,квитанція,SROIE/CORD,genuine,2304,4096,3507128,0.5625,169.3376316494412,66.19748887412922,0.2742546929253472,50.96577072143555
kvitanciya/kvitanciya_0182.png,квитанція,SROIE/CORD,genuine,576,864,784788,0.6666666666666666,93.14595188721708,40.92700654061701,0.9003544560185185,57.511049623842595
kvitanciya/kvitanciya_0183.png,квитанція,SROIE/CORD,genuine,2304,4096,4096424,0.5625,178.60631010267468,36.684194326682444,0.11448860168457031,36.519422425164116
kvitanciya/kvitanciya_0184.png,квитанція,SROIE/CORD,genuine,576,864,537000,0.6666666666666666,202.98892224472738,34.623133378620345,0.06289183063271606,15.155548723636832
kvitanciya/kvitanciya_0185.png,квитанція,SROIE/CORD,genuine,1836,3264,2901705,0.5625,137.43636829050791,79.11233952958528,0.40594613049468153,47.8419468073177
kvitanciya/kvitanciya_0186.png,квитанція,SROIE/CORD,genuine,2304,4096,5670888,0.5625,151.90993690490723,65.22358446905731,0.2753414577907986,92.47203201717801
kvitanciya/kvitanciya_0187.png,квитанція,SROIE/CORD,genuine,2304,4096,5899731,0.5625,152.7378609975179,39.981150764105365,0.29040484958224827,73.30370722876654
kvitanciya/kvitanciya_0188.png,квитанція,SROIE/CORD,genuine,1080,1920,1270148,0.5625,117.49834972993827,79.80262016960357,0.4526900077160494,50.024666280864196
kvitanciya/kvitanciya_0189.png,квитанція,SROIE/CORD,genuine,2304,4096,2359383,0.5625,172.38988717397055,49.00502736788682,0.18561161888970268,26.996007177564834
kvitanciya/kvitanciya_0190.png,квитанція,SROIE/CORD,genuine,2304,4096,3963187,0.5625,136.3024623658922,75.71057757831524,0.47455840640597874,56.05908150143094
kvitanciya/kvitanciya_0191.png,квитанція,SROIE/CORD,genuine,960,1280,1006100,0.75,120.50368408203126,45.549461755823714,0.42020833333333335,54.956974283854166
kvitanciya/kvitanciya_0192.png,квитанція,SROIE/CORD,genuine,864,1296,935427,0.6666666666666666,146.5832877872085,22.984556319211976,0.07031785836762688,11.95398144575903
kvitanciya/kvitanciya_0193.png,квитанція,SROIE/CORD,genuine,681,1280,913973,0.53203125,184.26087555066078,46.67420536075503,0.1321631791483113,16.04059517254038
kvitanciya/kvitanciya_0194.png,квитанція,SROIE/CORD,genuine,1016,1280,1196391,0.79375,224.49819374384842,27.048577035054855,0.01970964566929134,12.401434854822835
kvitanciya/kvitanciya_0195.png,квитанція,SROIE/CORD,genuine,432,648,352169,0.6666666666666666,178.32507430269777,31.2978405089694,0.07115197759487883,17.800768747142204
kvitanciya/kvitanciya_0196.png,квитанція,SROIE/CORD,genuine,864,1296,1787847,0.6666666666666666,112.40634466449474,54.77547765587514,0.5053923039551897,84.35319501600365
kvitanciya/kvitanciya_0197.png,квитанція,SROIE/CORD,genuine,576,864,890356,0.6666666666666666,124.72053634580762,60.18620011399025,0.7315578382201646,109.5291160300926
kvitanciya/kvitanciya_0198.png,квитанція,SROIE/CORD,genuine,576,864,655479,0.6666666666666666,162.3168603716564,15.77553656099472,0.020527906378600823,14.560249485596708
kvitanciya/kvitanciya_0199.png,квитанція,SROIE/CORD,genuine,1836,3264,4535463,0.5625,96.46094233921782,81.72321444462973,0.6070995664060831,63.429146341951814
pasport/pasport_0000.png,паспорт,Synthetic Passports Dataset (Kaggle),genuine,666,1000,1380130,0.666,177.05344744744744,45.37284756904194,0.14168318318318318,28.13637087087087
pasport/pasport_0001.png,паспорт,Synthetic Passports Dataset (Kaggle),genuine,707,1000,616261,0.707,232.09276096181046,36.89016946728161,0.025495049504950493,7.907719943422913
pasport/pasport_0002.png,паспорт,Synthetic Passports Dataset (Kaggle),genuine,707,1000,615487,0.707,231.736171145686,37.91080826123619,0.03174681753889675,7.965463932107497
pasport/pasport_0003.png,паспорт,Synthetic Passports Dataset (Kaggle),genuine,707,1000,614736,0.707,232.64897595473832,34.92529325363384,0.01927157001414427,7.960152758132956
pasport/pasport_0004.png,паспорт,Synthetic Passports Dataset (Kaggle),genuine,707,1000,616035,0.707,231.00813578500708,40.64743536438069,0.03242008486562942,8.353780763790665
pasport/pasport_0005.png,паспорт,Synthetic Passports Dataset (Kaggle),genuine,707,1000,615569,0.707,231.40512588401697,38.84146121385543,0.03125884016973126,8.005100424328147
pasport/pasport_0006.png,паспорт,Synthetic Passports Dataset (Kaggle),genuine,707,1000,616573,0.707,231.64984441301274,39.264385781290606,0.027145685997171147,8.422329561527581
pasport/pasport_0007.png,паспорт,Synthetic Passports Dataset (Kaggle),genuine,1000,666,1091657,1.5015015015015014,134.54788588588588,53.12491606526954,0.6333333333333333,85.63024024024024
pasport/pasport_0008.png,паспорт,Synthetic Passports Dataset (Kaggle),genuine,1000,588,1054393,1.7006802721088434,155.8020493197279,42.956287394893316,0.3010323129251701,84.46338775510205
pasport/pasport_0009.png,паспорт,Synthetic Passports Dataset (Kaggle),genuine,1000,666,1101235,1.5015015015015014,164.3709954954955,45.92508265312842,0.11123423423423423,32.07326876876877
pasport/pasport_0010.png,паспорт,Synthetic Passports Dataset (Kaggle),genuine,1000,666,615866,1.5015015015015014,176.98153153153154,37.57313882307113,0.06975825825825825,88.31283183183183
pasport/pasport_0011.png,паспорт,Synthetic Passports Dataset (Kaggle),genuine,707,1000,615006,0.707,232.27998161244696,36.195847900066575,0.025642149929278643,7.794727015558698
pasport/pasport_0012.png,паспорт,Synthetic Passports Dataset (Kaggle),genuine,707,1000,616516,0.707,232.02405657708627,37.01339890511032,0.027373408769448375,7.884209335219237
pasport/pasport_0013.png,паспорт,Synthetic Passports Dataset (Kaggle),genuine,707,1000,615203,0.707,231.94893069306931,37.44183479822312,0.02641159830268741,7.9818302687411595
pasport/pasport_0014.png,паспорт,Synthetic Passports Dataset (Kaggle),genuine,707,1000,615621,0.707,232.1301513437058,36.61652931455374,0.025653465346534652,7.8449123055162655
pasport/pasport_0015.png,паспорт,Synthetic Passports Dataset (Kaggle),genuine,721,1000,1579531,0.721,179.66924549237172,46.641596288809694,0.11290984743411928,35.830852981969485
pasport/pasport_0016.png,паспорт,Synthetic Passports Dataset (Kaggle),genuine,721,1000,1579169,0.721,180.81796948682387,46.066869107700725,0.10663938973647712,37.61965048543689
pasport/pasport_0017.png,паспорт,Synthetic Passports Dataset (Kaggle),genuine,721,1000,1577413,0.721,180.81874479889044,47.374907033734466,0.12046879334257975,36.017920943134534
pasport/pasport_0018.png,паспорт,Synthetic Passports Dataset (Kaggle),genuine,721,1000,1579365,0.721,178.73050346740638,49.8676357531954,0.12219556171983356,39.064459084604714
pasport/pasport_0019.png,паспорт,Synthetic Passports Dataset (Kaggle),genuine,721,1000,1578680,0.721,179.14097364771152,49.2854966971327,0.11516920943134536,35.01109153952843
pasport/pasport_0020.png,паспорт,Synthetic Passports Dataset (Kaggle),genuine,721,1000,1589161,0.721,180.04944105409155,48.16711636865436,0.11435922330097087,36.47512898751734
pasport/pasport_0021.png,паспорт,Synthetic Passports Dataset (Kaggle),genuine,721,1000,1569948,0.721,184.29455339805824,42.27939422321914,0.08481692094313453,34.27546879334258
pasport/pasport_0022.png,паспорт,Synthetic Passports Dataset (Kaggle),genuine,721,1000,1573196,0.721,177.29302219140084,50.81978791729935,0.13258113730929266,39.57372122052705
pasport/pasport_0023.png,паспорт,Synthetic Passports Dataset (Kaggle),genuine,721,1000,1579076,0.721,178.11737725381414,49.35883784152261,0.12794313453536754,38.77259916782247
pasport/pasport_0024.png,паспорт,Synthetic Passports Dataset (Kaggle),genuine,721,1000,1584625,0.721,180.58684882108184,45.91346838711906,0.10890568654646325,34.69463245492372
pasport/pasport_0025.png,паспорт,Synthetic Passports Dataset (Kaggle),genuine,721,1000,1582841,0.721,179.16889459084604,49.2891801137079,0.11632038834951457,35.32680305131761
pasport/pasport_0026.png,паспорт,Synthetic Passports Dataset (Kaggle),genuine,721,1000,1581997,0.721,179.26699306518725,48.279057053053464,0.11657004160887656,38.68692233009709
pasport/pasport_0027.png,паспорт,Synthetic Passports Dataset (Kaggle),genuine,721,1000,1573472,0.721,180.0537975034674,45.937403005302954,0.11604299583911235,35.13546740638003
pasport/pasport_0028.png,паспорт,Synthetic Passports Dataset (Kaggle),genuine,721,1000,1580536,0.721,179.9819098474341,47.285688912570514,0.1075755894590846,35.37508876560333
pasport/pasport_0029.png,паспорт,Synthetic Passports Dataset (Kaggle),genuine,721,1000,1584851,0.721,181.26750069348128,44.84503806685974,0.10287239944521498,36.203287101248264
pasport/pasport_0030.png,паспорт,Synthetic Passports Dataset (Kaggle),genuine,721,1000,1581035,0.721,178.65863661581136,48.840386127538885,0.1241872399445215,36.5631012482663
pasport/pasport_0031.png,паспорт,Synthetic Passports Dataset (Kaggle),genuine,721,1000,1584869,0.721,178.40570319001387,49.57754800537595,0.12954368932038834,35.15187517337032
pasport/pasport_0032.png,паспорт,Synthetic Passports Dataset (Kaggle),genuine,721,1000,1568910,0.721,184.22066574202498,42.37556953381814,0.08514701803051318,34.27070319001387
pasport/pasport_0033.png,паспорт,Synthetic Passports Dataset (Kaggle),genuine,721,1000,1586825,0.721,179.76692926490983,47.74176882764714,0.12010124826629681,35.56442579750347
pasport/pasport_0034.png,паспорт,Synthetic Passports Dataset (Kaggle),genuine,721,1000,1581037,0.721,182.0507170596394,45.40722061927964,0.10359084604715672,37.849235783633844
pasport/pasport_0035.png,паспорт,Synthetic Passports Dataset (Kaggle),genuine,721,1000,1563884,0.721,180.2408640776699,45.703045022207355,0.12388210818307906,34.06901386962552
pasport/pasport_0036.png,паспорт,Synthetic Passports Dataset (Kaggle),genuine,721,1000,1586072,0.721,179.22021220527046,47.510976777494704,0.12735506241331485,35.94871428571429
pasport/pasport_0037.png,паспорт,Synthetic Passports Dataset (Kaggle),genuine,1000,750,1324212,1.3333333333333333,166.847296,44.34670980830164,0.13671333333333333,22.655776
pasport/pasport_0038.png,паспорт,Synthetic Passports Dataset (Kaggle),genuine,1000,750,1298799,1.3333333333333333,168.73458266666665,41.01688901301307,0.11227866666666667,25.88902
pasport/pasport_0039.png,паспорт,Synthetic Passports Dataset (Kaggle),genuine,1000,750,1334562,1.3333333333333333,164.78343333333333,43.10365517616291,0.14310133333333333,24.702444
pasport/pasport_0040.png,паспорт,Synthetic Passports Dataset (Kaggle),genuine,1000,750,1375897,1.3333333333333333,172.226852,42.81275891799191,0.118916,25.204354666666667
pasport/pasport_0041.png,паспорт,Synthetic Passports Dataset (Kaggle),genuine,1000,750,1314958,1.3333333333333333,171.444644,43.14799885332572,0.12580533333333332,22.415522666666668
pasport/pasport_0042.png,паспорт,Synthetic Passports Dataset (Kaggle),genuine,1000,750,1241021,1.3333333333333333,165.59518933333334,43.30244951105522,0.15429066666666666,23.825056
pasport/pasport_0043.png,паспорт,Synthetic Passports Dataset (Kaggle),genuine,1000,750,1357740,1.3333333333333333,158.82039733333335,53.435814571148114,0.2700146666666667,43.28842133333333
pasport/pasport_0044.png,паспорт,Synthetic Passports Dataset (Kaggle),genuine,1000,750,1405906,1.3333333333333333,145.02475733333333,58.24986919934767,0.41882933333333333,72.848124
pasport/pasport_0045.png,паспорт,Synthetic Passports Dataset (Kaggle),genuine,1000,750,1447549,1.3333333333333333,147.123488,57.87634131531804,0.3772893333333333,65.89310533333334
pasport/pasport_0046.png,паспорт,Synthetic Passports Dataset (Kaggle),genuine,1000,750,1420592,1.3333333333333333,148.71402533333332,58.91420001852999,0.379144,74.77181066666667
pasport/pasport_0047.png,паспорт,Synthetic Passports Dataset (Kaggle),genuine,1000,750,1425857,1.3333333333333333,145.551268,57.933715119886585,0.42112266666666665,79.07294933333333
pasport/pasport_0048.png,паспорт,Synthetic Passports Dataset (Kaggle),genuine,1000,750,1356219,1.3333333333333333,144.98928533333333,57.29873473759479,0.42259066666666667,78.18883866666667
pasport/pasport_0049.png,паспорт,Synthetic Passports Dataset (Kaggle),genuine,1000,750,1231867,1.3333333333333333,143.10698133333332,51.35560557843371,0.3210866666666667,58.645170666666665
pasport/pasport_0050.png,паспорт,Synthetic Passports Dataset (Kaggle),genuine,1000,750,1207810,1.3333333333333333,132.45177866666666,53.87298835875926,0.5238866666666666,102.224556
pasport/pasport_0051.png,паспорт,Synthetic Passports Dataset (Kaggle),genuine,1000,750,1232550,1.3333333333333333,134.91059733333333,53.08363051352579,0.454648,88.94831866666667
pasport/pasport_0052.png,паспорт,Synthetic Passports Dataset (Kaggle),genuine,1000,750,1226923,1.3333333333333333,133.430892,53.545391585871656,0.48210533333333333,98.31381866666666
pasport/pasport_0053.png,паспорт,Synthetic Passports Dataset (Kaggle),genuine,1000,750,1174820,1.3333333333333333,132.29480133333334,53.74841120294191,0.461208,92.74857466666667
pasport/pasport_0054.png,паспорт,Synthetic Passports Dataset (Kaggle),genuine,1000,750,1123626,1.3333333333333333,127.56403466666667,52.60302070757405,0.5390333333333334,110.79914266666667
pasport/pasport_0055.png,паспорт,Synthetic Passports Dataset (Kaggle),genuine,1000,750,1305643,1.3333333333333333,172.406892,43.95640583085703,0.118708,19.017249333333332
pasport/pasport_0056.png,паспорт,Synthetic Passports Dataset (Kaggle),genuine,1000,750,1342719,1.3333333333333333,171.61532,48.11112276072551,0.142024,19.635918666666665
pasport/pasport_0057.png,паспорт,Synthetic Passports Dataset (Kaggle),genuine,1000,750,1430753,1.3333333333333333,176.85987866666667,45.11145609870378,0.11794266666666667,18.262744
pasport/pasport_0058.png,паспорт,Synthetic Passports Dataset (Kaggle),genuine,1000,750,1430175,1.3333333333333333,169.26797733333333,46.73901000394444,0.15675733333333333,17.321001333333335
pasport/pasport_0059.png,паспорт,Synthetic Passports Dataset (Kaggle),genuine,1000,750,1373566,1.3333333333333333,173.447252,46.7925284240461,0.150204,16.982989333333332
pasport/pasport_0060.png,паспорт,Synthetic Passports Dataset (Kaggle),genuine,1000,750,1393198,1.3333333333333333,167.08796,47.79738839837452,0.174708,15.642478666666667
pasport/pasport_0061.png,паспорт,Synthetic Passports Dataset (Kaggle),genuine,1000,750,1259219,1.3333333333333333,168.39901066666667,41.32929993545199,0.13146533333333332,20.641870666666666
pasport/pasport_0062.png,паспорт,Synthetic Passports Dataset (Kaggle),genuine,1000,750,1155050,1.3333333333333333,166.88041466666667,36.23698632633125,0.11023066666666667,22.183858666666666
pasport/pasport_0063.png,паспорт,Synthetic Passports Dataset (Kaggle),genuine,1000,750,1146598,1.3333333333333333,158.36669866666668,40.784368918592634,0.21240533333333333,23.764530666666666
pasport/pasport_0064.png,паспорт,Synthetic Passports Dataset (Kaggle),genuine,1000,750,1069159,1.3333333333333333,171.66357333333335,43.57844150224538,0.18175733333333333,23.273424
pasport/pasport_0065.png,паспорт,Synthetic Passports Dataset (Kaggle),genuine,1000,750,1146600,1.3333333333333333,166.06214133333333,47.239428981039694,0.20340933333333333,25.05914
pasport/pasport_0066.png,паспорт,Synthetic Passports Dataset (Kaggle),genuine,1000,750,957615,1.3333333333333333,168.74552266666666,48.01856756110239,0.22197333333333333,21.71004
pasport/pasport_0067.png,паспорт,Synthetic Passports Dataset (Kaggle),genuine,1000,750,1318333,1.3333333333333333,149.838352,56.155846219167266,0.31982266666666664,45.325164
pasport/pasport_0068.png,паспорт,Synthetic Passports Dataset (Kaggle),genuine,1000,750,1362192,1.3333333333333333,135.34950266666667,58.88854671795407,0.5693693333333333,82.64992666666667
pasport/pasport_0069.png,паспорт,Synthetic Passports Dataset (Kaggle),genuine,1000,750,1400477,1.3333333333333333,140.23648133333333,60.30972680460135,0.44714,64.84620133333334
pasport/pasport_0070.png,паспорт,Synthetic Passports Dataset (Kaggle),genuine,1000,750,1367156,1.3333333333333333,137.72118933333334,59.87790172742211,0.4907573333333333,75.08944933333333
pasport/pasport_0071.png,паспорт,Synthetic Passports Dataset (Kaggle),genuine,1000,750,1308329,1.3333333333333333,138.56528666666668,66.5793992487002,0.475752,73.18731466666667
pasport/pasport_0072.png,паспорт,Synthetic Passports Dataset (Kaggle),genuine,1000,750,1361175,1.3333333333333333,141.85866133333334,62.54536439562331,0.4559493333333333,76.61904933333334
pasport/pasport_0073.png,паспорт,Synthetic Passports Dataset (Kaggle),genuine,1000,750,1210802,1.3333333333333333,150.51934933333334,55.54738161488771,0.3005253333333333,51.94624533333333
pasport/pasport_0074.png,паспорт,Synthetic Passports Dataset (Kaggle),genuine,1000,750,1206548,1.3333333333333333,134.08532533333334,60.28839881426187,0.5378546666666667,101.36590666666666
pasport/pasport_0075.png,паспорт,Synthetic Passports Dataset (Kaggle),genuine,1000,750,1200463,1.3333333333333333,146.37074666666666,62.61180455453924,0.41365066666666667,76.90328533333333
pasport/pasport_0076.png,паспорт,Synthetic Passports Dataset (Kaggle),genuine,1000,750,1117819,1.3333333333333333,139.836368,61.06293114949999,0.473684,88.93535066666666
pasport/pasport_0077.png,паспорт,Synthetic Passports Dataset (Kaggle),genuine,1000,750,1163142,1.3333333333333333,142.64861333333334,65.8657214394849,0.4494186666666667,85.22563733333334
pasport/pasport_0078.png,паспорт,Synthetic Passports Dataset (Kaggle),genuine,1000,750,1114582,1.3333333333333333,137.59475866666668,65.15626710809757,0.4608933333333333,97.15164266666666
pasport/pasport_0079.png,паспорт,Synthetic Passports Dataset (Kaggle),genuine,1000,750,1265850,1.3333333333333333,169.897532,42.975246025772115,0.138888,18.286328
pasport/pasport_0080.png,паспорт,Synthetic Passports Dataset (Kaggle),genuine,1000,750,1298985,1.3333333333333333,167.157044,44.93923764205096,0.14718933333333334,19.689913333333333
pasport/pasport_0081.png,паспорт,Synthetic Passports Dataset (Kaggle),genuine,1000,750,1356673,1.3333333333333333,163.26944666666665,44.47453653302252,0.19674533333333333,19.128908
pasport/pasport_0082.png,паспорт,Synthetic Passports Dataset (Kaggle),genuine,1000,750,1319785,1.3333333333333333,162.112572,43.73835983296754,0.196556,17.741224
pasport/pasport_0083.png,паспорт,Synthetic Passports Dataset (Kaggle),genuine,1000,750,1300944,1.3333333333333333,158.03466933333334,49.615353571624645,0.25598,19.119436
pasport/pasport_0084.png,паспорт,Synthetic Passports Dataset (Kaggle),genuine,1000,750,1279705,1.3333333333333333,170.24861733333333,47.95511213716671,0.19448266666666666,16.569210666666667
pasport/pasport_0085.png,паспорт,Synthetic Passports Dataset (Kaggle),genuine,1000,750,1216685,1.3333333333333333,162.64444933333334,41.25722438220285,0.15935866666666668,21.090869333333334
pasport/pasport_0086.png,паспорт,Synthetic Passports Dataset (Kaggle),genuine,1000,750,1136062,1.3333333333333333,161.100192,35.87375440202028,0.12558533333333333,27.888830666666667
pasport/pasport_0087.png,паспорт,Synthetic Passports Dataset (Kaggle),genuine,1000,750,1211297,1.3333333333333333,166.58916666666667,43.2550362228364,0.18398933333333334,25.14926
pasport/pasport_0088.png,паспорт,Synthetic Passports Dataset (Kaggle),genuine,1000,750,1130420,1.3333333333333333,166.96195066666667,44.69296137254985,0.212136,26.057108
pasport/pasport_0089.png,паспорт,Synthetic Passports Dataset (Kaggle),genuine,1000,750,1145173,1.3333333333333333,163.55487333333335,47.543488915419545,0.21409866666666666,28.193584
pasport/pasport_0090.png,паспорт,Synthetic Passports Dataset (Kaggle),genuine,1000,750,1097936,1.3333333333333333,168.16516133333334,48.56026005285226,0.2093,28.394194666666667
pasport/pasport_0091.png,паспорт,Synthetic Passports Dataset (Kaggle),genuine,1000,750,1344476,1.3333333333333333,156.44025466666668,55.66447380357134,0.290844,43.744290666666664
pasport/pasport_0092.png,паспорт,Synthetic Passports Dataset (Kaggle),genuine,1000,750,1396104,1.3333333333333333,137.507608,58.58846355826662,0.5583506666666667,92.42745066666667
pasport/pasport_0093.png,паспорт,Synthetic Passports Dataset (Kaggle),genuine,1000,750,1432052,1.3333333333333333,141.80539466666667,59.50434362378575,0.44160666666666665,70.30462533333333
pasport/pasport_0094.png,паспорт,Synthetic Passports Dataset (Kaggle),genuine,1000,750,1380991,1.3333333333333333,140.935896,60.675900652652174,0.451824,80.507168
pasport/pasport_0095.png,паспорт,Synthetic Passports Dataset (Kaggle),genuine,1000,750,1351157,1.3333333333333333,144.289276,63.766154183828775,0.45328666666666667,81.17919066666667
pasport/pasport_0096.png,паспорт,Synthetic Passports Dataset (Kaggle),genuine,1000,750,1408292,1.3333333333333333,137.55384533333333,59.67088562562772,0.4829946666666667,96.067024
pasport/pasport_0097.png,паспорт,Synthetic Passports Dataset (Kaggle),genuine,1000,750,1306868,1.3333333333333333,153.46189466666667,55.45755269257957,0.31360666666666664,60.610196
pasport/pasport_0098.png,паспорт,Synthetic Passports Dataset (Kaggle),genuine,1000,750,1252406,1.3333333333333333,141.39456666666666,59.05186449056645,0.47512666666666664,97.27205066666667
pasport/pasport_0099.png,паспорт,Synthetic Passports Dataset (Kaggle),genuine,1000,750,1272934,1.3333333333333333,147.42832266666667,58.3486445746019,0.4254866666666667,85.435688
pasport/pasport_0100.png,паспорт,Synthetic Passports Dataset (Kaggle),genuine,1000,750,1184606,1.3333333333333333,135.898776,56.1329429512518,0.43754933333333335,98.95545733333333
pasport/pasport_0101.png,паспорт,Synthetic Passports Dataset (Kaggle),genuine,1000,750,1216007,1.3333333333333333,145.67536,61.32213473836669,0.43556666666666666,88.56916533333333
pasport/pasport_0102.png,паспорт,Synthetic Passports Dataset (Kaggle),genuine,1000,750,1132481,1.3333333333333333,140.76551733333332,59.66492722316604,0.42812266666666665,101.33226666666667
pasport/pasport_0103.png,паспорт,Synthetic Passports Dataset (Kaggle),genuine,1000,750,1291343,1.3333333333333333,168.32829333333333,44.767520125130396,0.15130266666666667,19.142264
pasport/pasport_0104.png,паспорт,Synthetic Passports Dataset (Kaggle),genuine,1000,750,1312112,1.3333333333333333,165.12067066666665,43.48835178823028,0.148476,20.071202666666668
pasport/pasport_0105.png,паспорт,Synthetic Passports Dataset (Kaggle),genuine,1000,750,1393886,1.3333333333333333,161.84740133333332,44.06815691229815,0.18669866666666668,24.961101333333332
pasport/pasport_0106.png,паспорт,Synthetic Passports Dataset (Kaggle),genuine,1000,750,1392153,1.3333333333333333,160.89535066666667,44.719194318737806,0.211116,26.367704
pasport/pasport_0107.png,паспорт,Synthetic Passports Dataset (Kaggle),genuine,1000,750,1391675,1.3333333333333333,160.36319733333335,47.783177064357346,0.235596,25.064234666666668
pasport/pasport_0108.png,паспорт,Synthetic Passports Dataset (Kaggle),genuine,1000,750,1420175,1.3333333333333333,164.133732,50.41866947621859,0.23912666666666665,21.941889333333332
pasport/pasport_0109.png,паспорт,Synthetic Passports Dataset (Kaggle),genuine,1000,750,1091123,1.3333333333333333,157.172504,42.61834161919001,0.18708933333333333,31.34588
pasport/pasport_0110.png,паспорт,Synthetic Passports Dataset (Kaggle),genuine,1000,750,894862,1.3333333333333333,158.712764,38.22609225141431,0.15046933333333334,43.64103333333333
pasport/pasport_0111.png,паспорт,Synthetic Passports Dataset (Kaggle),genuine,1000,750,1036638,1.3333333333333333,151.19133466666668,36.38534002010514,0.20106666666666667,52.988353333333336
pasport/pasport_0112.png,паспорт,Synthetic Passports Dataset (Kaggle),genuine,1000,750,878187,1.3333333333333333,152.684556,38.00917061819245,0.23707466666666666,51.413528
pasport/pasport_0113.png,паспорт,Synthetic Passports Dataset (Kaggle),genuine,1000,750,942044,1.3333333333333333,148.81545333333332,35.9529255350357,0.23428133333333334,52.762588
pasport/pasport_0114.png,паспорт,Synthetic Passports Dataset (Kaggle),genuine,1000,750,805825,1.3333333333333333,162.824272,41.765564823229056,0.212292,41.38518
pasport/pasport_0115.png,паспорт,Synthetic Passports Dataset (Kaggle),genuine,1000,750,1104894,1.3333333333333333,128.58044266666667,48.157368016854,0.40496,47.861744
pasport/pasport_0116.png,паспорт,Synthetic Passports Dataset (Kaggle),genuine,1000,750,1158815,1.3333333333333333,108.99582666666667,48.82560594520689,0.647796,90.34541333333334
pasport/pasport_0117.png,паспорт,Synthetic Passports Dataset (Kaggle),genuine,1000,750,1167286,1.3333333333333333,111.41472133333333,50.37002632070994,0.5674586666666667,86.3215
pasport/pasport_0118.png,паспорт,Synthetic Passports Dataset (Kaggle),genuine,1000,750,1220047,1.3333333333333333,114.54433733333333,51.77968780195125,0.60042,89.41733066666667
pasport/pasport_0119.png,паспорт,Synthetic Passports Dataset (Kaggle),genuine,1000,750,1145276,1.3333333333333333,109.54325466666667,52.693422825185785,0.5900466666666667,89.79352
pasport/pasport_0120.png,паспорт,Synthetic Passports Dataset (Kaggle),genuine,1000,750,1087500,1.3333333333333333,109.96198933333334,50.574966961820344,0.636232,94.321312
pasport/pasport_0121.png,паспорт,Synthetic Passports Dataset (Kaggle),genuine,1000,750,1030929,1.3333333333333333,136.91423066666667,55.87438620949787,0.3618653333333333,59.83733866666667
pasport/pasport_0122.png,паспорт,Synthetic Passports Dataset (Kaggle),genuine,1000,750,948198,1.3333333333333333,100.52648,49.354562208671254,0.6472466666666666,108.09903066666666
pasport/pasport_0123.png,паспорт,Synthetic Passports Dataset (Kaggle),genuine,1000,750,967883,1.3333333333333333,114.89909066666667,59.07027621378718,0.5257293333333334,88.17902
pasport/pasport_0124.png,паспорт,Synthetic Passports Dataset (Kaggle),genuine,1000,750,895525,1.3333333333333333,111.44801733333334,57.81659320473981,0.631816,97.84916533333333
pasport/pasport_0125.png,паспорт,Synthetic Passports Dataset (Kaggle),genuine,1000,750,965037,1.3333333333333333,110.38160666666667,62.90961610929305,0.564816,95.16421333333334
pasport/pasport_0126.png,паспорт,Synthetic Passports Dataset (Kaggle),genuine,1000,750,884395,1.3333333333333333,108.765568,57.7319579115765,0.6502106666666667,104.25131066666667
pasport/pasport_0127.png,паспорт,Synthetic Passports Dataset (Kaggle),genuine,1000,750,1080548,1.3333333333333333,145.078744,41.88667386392078,0.2620186666666667,25.623249333333334
pasport/pasport_0128.png,паспорт,Synthetic Passports Dataset (Kaggle),genuine,1000,750,1140702,1.3333333333333333,150.807652,39.562440515977144,0.19825866666666667,27.44966
pasport/pasport_0129.png,паспорт,Synthetic Passports Dataset (Kaggle),genuine,1000,750,1221398,1.3333333333333333,144.356756,41.63971362161124,0.2796133333333333,31.442498666666665
pasport/pasport_0130.png,паспорт,Synthetic Passports Dataset (Kaggle),genuine,1000,750,1205982,1.3333333333333333,150.95942666666667,42.425506563127286,0.2613493333333333,30.970862666666665
pasport/pasport_0131.png,паспорт,Synthetic Passports Dataset (Kaggle),genuine,1000,750,951576,1.3333333333333333,149.83146666666667,40.20201668882905,0.26993333333333336,34.74306266666667
pasport/pasport_0132.png,паспорт,Synthetic Passports Dataset (Kaggle),genuine,1000,750,1255395,1.3333333333333333,157.37837066666665,50.25647313171316,0.26885333333333333,33.0889
id_card/id_card_0000.png,ID-картка,Dummy KTP Indonesia (Kaggle),,720,463,390051,1.5550755939524838,199.87205423566115,61.117732863630884,0.1218742500599952,56.37739380849532
id_card/id_card_0001.png,ID-картка,Dummy KTP Indonesia (Kaggle),,720,463,395764,1.5550755939524838,199.77805375569955,60.23390160110552,0.1263708903287737,50.35882229421646
id_card/id_card_0002.png,ID-картка,Dummy KTP Indonesia (Kaggle),,720,463,392171,1.5550755939524838,201.34531737461003,56.56057626534818,0.11336693064554836,49.772942164626826
id_card/id_card_0003.png,ID-картка,Dummy KTP Indonesia (Kaggle),,720,463,391163,1.5550755939524838,198.41086213102952,62.16455836905216,0.1458963282937365,51.39871310295177
id_card/id_card_0004.png,ID-картка,Dummy KTP Indonesia (Kaggle),,720,463,400024,1.5550755939524838,196.214218862491,66.27165597762662,0.14127669786417085,54.59965202783777
id_card/id_card_0005.png,ID-картка,Dummy KTP Indonesia (Kaggle),,720,463,385581,1.5550755939524838,200.4447024238061,59.428458558156414,0.1115250779937605,51.486516078713706
id_card/id_card_0006.png,ID-картка,Dummy KTP Indonesia (Kaggle),,720,463,388948,1.5550755939524838,202.53259839212862,56.948782604658085,0.10276277897768178,48.98165946724262
id_card/id_card_0007.png,ID-картка,Dummy KTP Indonesia (Kaggle),,720,463,396660,1.5550755939524838,198.09561135109192,61.34406109177743,0.14790316774658027,54.478263738900885
id_card/id_card_0008.png,ID-картка,Dummy KTP Indonesia (Kaggle),,720,463,394484,1.5550755939524838,198.06127309815216,62.20993439340788,0.13661507079433646,52.392692584593235
id_card/id_card_0009.png,ID-картка,Dummy KTP Indonesia (Kaggle),,720,463,389013,1.5550755939524838,199.2411867050636,59.99250348403271,0.14815214782817374,49.505060595152386
id_card/id_card_0010.png,ID-картка,Dummy KTP Indonesia (Kaggle),,720,463,395321,1.5550755939524838,200.38794396448284,59.004994697808726,0.13029757619390447,54.888009959203266
id_card/id_card_0011.png,ID-картка,Dummy KTP Indonesia (Kaggle),,720,463,384820,1.5550755939524838,198.5130969522438,62.36125725435314,0.13803095752339814,51.33504319654428
id_card/id_card_0012.png,ID-картка,Dummy KTP Indonesia (Kaggle),,720,463,379000,1.5550755939524838,201.53226241900649,56.15598938173537,0.12249220062395008,49.91031917446604
id_card/id_card_0013.png,ID-картка,Dummy KTP Indonesia (Kaggle),,720,463,397908,1.5550755939524838,198.4934845212383,62.1859424486763,0.12547696184305254,51.970764338852895
id_card/id_card_0014.png,ID-картка,Dummy KTP Indonesia (Kaggle),,720,463,386950,1.5550755939524838,204.0081113510919,56.650378595108464,0.10334773218142548,48.53125149988001
id_card/id_card_0015.png,ID-картка,Dummy KTP Indonesia (Kaggle),,720,463,382598,1.5550755939524838,200.9802525797936,58.44145335915716,0.10506359491240701,50.66238900887929
id_card/id_card_0016.png,ID-картка,Dummy KTP Indonesia (Kaggle),,720,463,391777,1.5550755939524838,197.85919126469884,63.513748193734614,0.13566414686825054,61.39946004319654
id_card/id_card_0017.png,ID-картка,Dummy KTP Indonesia (Kaggle),,720,463,394775,1.5550755939524838,197.90431065514758,61.729158609970945,0.148050155987521,56.6921406287497
id_card/id_card_0018.png,ID-картка,Dummy KTP Indonesia (Kaggle),,720,463,388363,1.5550755939524838,196.599064074874,65.40297953109973,0.14190664746820256,58.46394888408927
id_card/id_card_0019.png,ID-картка,Dummy KTP Indonesia (Kaggle),,720,463,391801,1.5550755939524838,199.10845032397407,62.70226943754829,0.13860091192704585,51.462290016798654
id_card/id_card_0020.png,ID-картка,Dummy KTP Indonesia (Kaggle),,720,463,392722,1.5550755939524838,202.33741300695945,56.87589116660284,0.1138678905687545,50.24282157427406
id_card/id_card_0021.png,ID-картка,Dummy KTP Indonesia (Kaggle),,720,463,391103,1.5550755939524838,196.50339872810176,64.31182691823642,0.15493760499160067,54.403350731941444
id_card/id_card_0022.png,ID-картка,Dummy KTP Indonesia (Kaggle),,720,463,390142,1.5550755939524838,195.2208003359731,67.44008481688174,0.1527327813774898,52.893457523398126
id_card/id_card_0023.png,ID-картка,Dummy KTP Indonesia (Kaggle),,720,463,388323,1.5550755939524838,202.5761729061675,55.38592035174936,0.103884689224862,47.608033357331415
id_card/id_card_0024.png,ID-картка,Dummy KTP Indonesia (Kaggle),,720,463,401006,1.5550755939524838,198.91121310295176,62.74887918129839,0.12887269018478523,53.08358231341493
id_card/id_card_0025.png,ID-картка,Dummy KTP Indonesia (Kaggle),,720,463,391011,1.5550755939524838,197.87230321574273,62.777030407490834,0.1414356851451884,53.77181725461963
id_card/id_card_0026.png,ID-картка,Dummy KTP Indonesia (Kaggle),,720,463,395932,1.5550755939524838,200.4515928725702,60.738436759160656,0.12405207583393328,49.44317854571634
id_card/id_card_0027.png,ID-картка,Dummy KTP Indonesia (Kaggle),,720,463,399190,1.5550755939524838,200.71694864410847,59.29412522381621,0.12374910007199424,54.352963762898966
id_card/id_card_0028.png,ID-картка,Dummy KTP Indonesia (Kaggle),,720,463,391281,1.5550755939524838,199.9574364050876,59.05641201775996,0.13220842332613392,50.82085133189345
id_card/id_card_0029.png,ID-картка,Dummy KTP Indonesia (Kaggle),,720,463,382457,1.5550755939524838,198.6227951763859,61.99397293224535,0.13338732901367892,50.86222702183825
id_card/id_card_0030.png,ID-картка,Dummy KTP Indonesia (Kaggle),,720,463,399016,1.5550755939524838,200.1304025677946,59.33504722323567,0.11669666426685865,50.51142908567314
id_card/id_card_0031.png,ID-картка,Dummy KTP Indonesia (Kaggle),,720,463,395456,1.5550755939524838,200.0025347972162,61.95166467395221,0.12769078473722104,54.221646268298535
id_card/id_card_0032.png,ID-картка,Dummy KTP Indonesia (Kaggle),,720,463,398180,1.5550755939524838,197.0254529637629,64.13460824903187,0.14265358771298295,54.28678905687545
id_card/id_card_0033.png,ID-картка,Dummy KTP Indonesia (Kaggle),,720,463,386333,1.5550755939524838,201.60154787616992,59.14181746309509,0.11064614830813535,52.313816894648426
id_card/id_card_0034.png,ID-картка,Dummy KTP Indonesia (Kaggle),,720,463,386581,1.5550755939524838,196.74171166306695,65.61474998172866,0.14285157187425007,56.080372570194385
id_card/id_card_0035.png,ID-картка,Dummy KTP Indonesia (Kaggle),,720,463,391887,1.5550755939524838,199.27532397408208,59.781891544852435,0.1404457643388529,51.90191384689225
id_card/id_card_0036.png,ID-картка,Dummy KTP Indonesia (Kaggle),,720,463,390914,1.5550755939524838,197.11041216702662,63.2975628177058,0.15205483561315095,53.73656707463403
id_card/id_card_0037.png,ID-картка,Dummy KTP Indonesia (Kaggle),,720,463,387440,1.5550755939524838,201.01279997600193,57.76350880366914,0.1205033597312215,54.759743220542354
id_card/id_card_0038.png,ID-картка,Dummy KTP Indonesia (Kaggle),,720,463,385159,1.5550755939524838,204.3627369810415,55.40662169685232,0.09423746100311975,48.26602771778258
id_card/id_card_0039.png,ID-картка,Dummy KTP Indonesia (Kaggle),,720,463,398350,1.5550755939524838,200.12567494600432,58.40763086649668,0.12031437485001199,53.08793196544276
id_card/id_card_0040.png,ID-картка,Dummy KTP Indonesia (Kaggle),,720,463,395465,1.5550755939524838,197.28811795056396,63.205375790697566,0.14318454523638108,54.53946784257259
id_card/id_card_0041.png,ID-картка,Dummy KTP Indonesia (Kaggle),,720,463,393670,1.5550755939524838,202.17664986801057,57.30853692823897,0.1164056875449964,48.867422606191504
id_card/id_card_0042.png,ID-картка,Dummy KTP Indonesia (Kaggle),,720,463,394224,1.5550755939524838,196.5913126949844,63.12901880659524,0.15325473962083033,53.67639488840893
id_card/id_card_0043.png,ID-картка,Dummy KTP Indonesia (Kaggle),,720,463,390033,1.5550755939524838,197.8247180225582,63.479261750879616,0.1369120470362371,55.69730321574274
id_card/id_card_0044.png,ID-картка,Dummy KTP Indonesia (Kaggle),,720,463,392158,1.5550755939524838,195.8387838972882,65.23660221951664,0.15403467722582193,54.14625629949604
id_card/id_card_0045.png,ID-картка,Dummy KTP Indonesia (Kaggle),,720,463,382746,1.5550755939524838,205.18694204463642,53.75248586342069,0.09253959683225342,47.76890148788097
id_card/id_card_0046.png,ID-картка,Dummy KTP Indonesia (Kaggle),,720,463,391355,1.5550755939524838,196.17346112311014,65.7892852478836,0.1539026877849772,58.43540316774658
id_card/id_card_0047.png,ID-картка,Dummy KTP Indonesia (Kaggle),,720,463,394146,1.5550755939524838,195.40055795536358,67.38280063297287,0.14735121190304776,54.94500839932805
id_card/id_card_0048.png,ID-картка,Dummy KTP Indonesia (Kaggle),,720,463,394336,1.5550755939524838,199.63296136309094,60.098647572690204,0.11087413006959443,50.769624430045596
id_card/id_card_0049.png,ID-картка,Dummy KTP Indonesia (Kaggle),,720,463,387767,1.5550755939524838,203.00902327813776,55.90749174094037,0.12404307655387568,49.236372090232784
id_card/id_card_0050.png,ID-картка,Dummy KTP Indonesia (Kaggle),,720,463,389429,1.5550755939524838,198.8340442764579,60.60655298854495,0.14163066954643627,52.09735721142309
id_card/id_card_0051.png,ID-картка,Dummy KTP Indonesia (Kaggle),,720,463,392943,1.5550755939524838,198.38905087592994,63.16730555143098,0.139056875449964,52.28908087353012
id_card/id_card_0052.png,ID-картка,Dummy KTP Indonesia (Kaggle),,720,463,390830,1.5550755939524838,199.5875329973602,62.38659237695819,0.12841072714182866,52.396697264218865
id_card/id_card_0053.png,ID-картка,Dummy KTP Indonesia (Kaggle),,720,463,386112,1.5550755939524838,197.19337952963764,62.942606179217385,0.14698524118070555,49.30854031677466
id_card/id_card_0054.png,ID-картка,Dummy KTP Indonesia (Kaggle),,720,463,387120,1.5550755939524838,201.38989680825534,56.84578139922363,0.10411567074634029,51.39600431965443
id_card/id_card_0055.png,ID-картка,Dummy KTP Indonesia (Kaggle),,720,463,391495,1.5550755939524838,197.9571574274058,62.09893057205478,0.13975281977441806,53.001739860811135
id_card/id_card_0056.png,ID-картка,Dummy KTP Indonesia (Kaggle),,720,463,388494,1.5550755939524838,199.44166366690663,61.56773935818674,0.1148248140148788,51.0279997600192
id_card/id_card_0057.png,ID-картка,Dummy KTP Indonesia (Kaggle),,720,463,392683,1.5550755939524838,199.13967782577393,61.11404176992453,0.12661987041036718,53.67241720662347
id_card/id_card_0058.png,ID-картка,Dummy KTP Indonesia (Kaggle),,720,463,381845,1.5550755939524838,198.93356731461483,62.19769425060418,0.1291396688264939,51.15318274538037
id_card/id_card_0059.png,ID-картка,Dummy KTP Indonesia (Kaggle),,720,463,388992,1.5550755939524838,200.37425305975523,60.02546882690217,0.13114950803935685,49.9570464362851
id_card/id_card_0060.png,ID-картка,Dummy KTP Indonesia (Kaggle),,720,463,390042,1.5550755939524838,201.17689584833212,56.64863364583436,0.11807055435565154,50.89741420686345
id_card/id_card_0061.png,ID-картка,Dummy KTP Indonesia (Kaggle),,720,463,386998,1.5550755939524838,199.8501229901608,62.37215483874944,0.1156347492200624,53.33002459803216
id_card/id_card_0062.png,ID-картка,Dummy KTP Indonesia (Kaggle),,720,463,394803,1.5550755939524838,197.93962083033358,62.01282837279394,0.14010979121670267,53.15406767458603
id_card/id_card_0063.png,ID-картка,Dummy KTP Indonesia (Kaggle),,720,463,391223,1.5550755939524838,198.80929025677946,62.060288426112415,0.13341432685385168,54.904823614110875
id_card/id_card_0064.png,ID-картка,Dummy KTP Indonesia (Kaggle),,720,463,393504,1.5550755939524838,199.52500899928006,60.64383375524766,0.12840172786177106,51.19921106311495
id_card/id_card_0065.png,ID-картка,Dummy KTP Indonesia (Kaggle),,720,463,391070,1.5550755939524838,200.87163426925846,57.67667193105152,0.10600251979841613,53.18871190304775
id_card/id_card_0066.png,ID-картка,Dummy KTP Indonesia (Kaggle),,720,463,391702,1.5550755939524838,197.96649268058556,61.85496691628854,0.14300455963522918,57.83055855531558
id_card/id_card_0067.png,ID-картка,Dummy KTP Indonesia (Kaggle),,720,463,395771,1.5550755939524838,197.08602711783058,65.22781018373402,0.13527717782577395,54.8945944324454
id_card/id_card_0068.png,ID-картка,Dummy KTP Indonesia (Kaggle),,720,463,392086,1.5550755939524838,203.51266498680104,53.75161386140755,0.09465442764578834,52.136075113990884
id_card/id_card_0069.png,ID-картка,Dummy KTP Indonesia (Kaggle),,720,463,398182,1.5550755939524838,199.9832973362131,60.62298230308403,0.1246100311975042,51.99344852411807
id_card/id_card_0070.png,ID-картка,Dummy KTP Indonesia (Kaggle),,720,463,400600,1.5550755939524838,201.71447084233262,57.44615748417986,0.11478581713462922,50.74246160307175
id_card/id_card_0071.png,ID-картка,Dummy KTP Indonesia (Kaggle),,720,463,385028,1.5550755939524838,193.51989440844733,68.9652135364388,0.1720812335013199,55.435682145428366
id_card/id_card_0072.png,ID-картка,Dummy KTP Indonesia (Kaggle),,720,463,388721,1.5550755939524838,201.54039776817854,59.439362251516286,0.10531557475401968,49.148386129109674
id_card/id_card_0073.png,ID-картка,Dummy KTP Indonesia (Kaggle),,720,463,387810,1.5550755939524838,201.22550995920326,57.280916638240406,0.09465142788576913,50.43192644588433
id_card/id_card_0074.png,ID-картка,Dummy KTP Indonesia (Kaggle),,720,463,384344,1.5550755939524838,201.27922366210703,58.91161596518636,0.1250269978401728,50.51972642188625
id_card/id_card_0075.png,ID-картка,Dummy KTP Indonesia (Kaggle),,720,463,390014,1.5550755939524838,200.56163006959443,58.05600955466219,0.11571274298056156,50.80609851211903
id_card/id_card_0076.png,ID-картка,Dummy KTP Indonesia (Kaggle),,720,463,391470,1.5550755939524838,198.93352531797456,60.38790318312991,0.14322954163666907,50.29499640028798
id_card/id_card_0077.png,ID-картка,Dummy KTP Indonesia (Kaggle),,720,463,393092,1.5550755939524838,198.20726841852652,62.032332315863,0.14066474682025437,55.6264218862491
id_card/id_card_0078.png,ID-картка,Dummy KTP Indonesia (Kaggle),,720,463,389023,1.5550755939524838,194.5006569474442,68.61469266479612,0.15281377489800815,54.85681845452364
id_card/id_card_0079.png,ID-картка,Dummy KTP Indonesia (Kaggle),,720,463,395685,1.5550755939524838,199.10777237820975,60.18619913983563,0.13290136789056875,53.07451703863691
id_card/id_card_0080.png,ID-картка,Dummy KTP Indonesia (Kaggle),,720,463,393729,1.5550755939524838,197.81014218862492,63.14210603142291,0.1294666426685865,53.00019798416127
id_card/id_card_0081.png,ID-картка,Dummy KTP Indonesia (Kaggle),,720,463,396908,1.5550755939524838,196.5837622990161,65.04409686169107,0.1406047516198704,58.74157667386609
id_card/id_card_0082.png,ID-картка,Dummy KTP Indonesia (Kaggle),,720,463,389746,1.5550755939524838,205.20259479241662,53.69209764721931,0.09026577873770099,51.246874250059996
id_card/id_card_0083.png,ID-картка,Dummy KTP Indonesia (Kaggle),,720,463,390073,1.5550755939524838,201.79098272138228,56.219234983158685,0.11681065514758819,50.183324334053275
id_card/id_card_0084.png,ID-картка,Dummy KTP Indonesia (Kaggle),,720,463,387808,1.5550755939524838,204.0804085673146,54.91776281032661,0.09797216222702183,52.41725161987041
id_card/id_card_0085.png,ID-картка,Dummy KTP Indonesia (Kaggle),,720,463,389834,1.5550755939524838,201.23966582673387,58.328501931434126,0.11810355171586273,51.21952543796496
id_card/id_card_0086.png,ID-картка,Dummy KTP Indonesia (Kaggle),,720,463,389327,1.5550755939524838,199.3050485961123,60.56407932341822,0.1369300455963523,50.832043436525076
id_card/id_card_0087.png,ID-картка,Dummy KTP Indonesia (Kaggle),,720,463,393006,1.5550755939524838,200.7737371010319,58.31867476699752,0.13149148068154548,54.48330333573314
id_card/id_card_0088.png,ID-картка,Dummy KTP Indonesia (Kaggle),,720,463,389987,1.5550755939524838,199.3905927525798,61.286220923031415,0.12948164146868252,52.349019078473724
id_card/id_card_0089.png,ID-картка,Dummy KTP Indonesia (Kaggle),,720,463,390619,1.5550755939524838,200.16230801535878,60.06721829203989,0.11692164626829854,56.335115190784734
id_card/id_card_0090.png,ID-картка,Dummy KTP Indonesia (Kaggle),,720,463,390678,1.5550755939524838,197.74247660187186,62.176705967530594,0.14944204463642907,55.48873890088793
id_card/id_card_0091.png,ID-картка,Dummy KTP Indonesia (Kaggle),,720,463,391569,1.5550755939524838,200.36067314614832,59.87693554852305,0.11337293016558675,52.02172426205904
id_card/id_card_0092.png,ID-картка,Dummy KTP Indonesia (Kaggle),,720,463,396893,1.5550755939524838,194.79984101271899,67.63930157952008,0.1558675305975522,54.5417806575474
id_card/id_card_0093.png,ID-картка,Dummy KTP Indonesia (Kaggle),,720,463,385164,1.5550755939524838,202.57631389488841,56.40092217864646,0.11534077273818094,48.718949484041275
id_card/id_card_0094.png,ID-картка,Dummy KTP Indonesia (Kaggle),,720,463,394993,1.5550755939524838,197.2992830573554,64.50219029522735,0.14399148068154546,54.46858351331893
id_card/id_card_0095.png,ID-картка,Dummy KTP Indonesia (Kaggle),,720,463,399860,1.5550755939524838,195.68332733381328,66.30633723839166,0.14103071754259658,53.62458003359731
id_card/id_card_0096.png,ID-картка,Dummy KTP Indonesia (Kaggle),,720,463,399585,1.5550755939524838,195.88907487401008,64.4916594816776,0.15984521238300936,51.317881569474444
id_card/id_card_0097.png,ID-картка,Dummy KTP Indonesia (Kaggle),,720,463,388875,1.5550755939524838,196.380783537317,65.273720804071,0.15242680585553156,58.60909527237821
id_card/id_card_0098.png,ID-картка,Dummy KTP Indonesia (Kaggle),,720,463,391322,1.5550755939524838,203.29430645548356,56.2417369765791,0.10402867770578354,49.105774538036954
id_card/id_card_0099.png,ID-картка,Dummy KTP Indonesia (Kaggle),,720,463,393554,1.5550755939524838,199.94438444924407,59.77549176635684,0.12421406287497,53.2317494600432
drvlic/drvlic_0000.png,посвідчення водія,"MIDV-500 (Wikimedia Commons, FTP smartengines.com)",,424,265,197815,1.6,200.79442862228552,47.75451791258814,0.10799216803132787,44.787237451050196
drvlic/drvlic_0001.png,посвідчення водія,"MIDV-500 (Wikimedia Commons, FTP smartengines.com)",,562,1000,908341,0.562,118.99771352313168,56.54387522740972,0.6572580071174378,142.43790213523133
drvlic/drvlic_0002.png,посвідчення водія,"MIDV-500 (Wikimedia Commons, FTP smartengines.com)",,562,1000,897782,0.562,118.65503914590748,56.66412512994653,0.6592775800711744,139.18746619217083
drvlic/drvlic_0003.png,посвідчення водія,"MIDV-500 (Wikimedia Commons, FTP smartengines.com)",,562,1000,905003,0.562,118.47317259786477,56.74575616350595,0.6610569395017794,139.02990391459076
drvlic/drvlic_0004.png,посвідчення водія,"MIDV-500 (Wikimedia Commons, FTP smartengines.com)",,562,1000,887446,0.562,118.16401067615658,56.30201061623368,0.6642597864768683,137.77202491103202
drvlic/drvlic_0005.png,посвідчення водія,"MIDV-500 (Wikimedia Commons, FTP smartengines.com)",,562,1000,832225,0.562,117.69186298932384,55.89674421838988,0.6644377224199288,135.61464056939502
drvlic/drvlic_0006.png,посвідчення водія,"MIDV-500 (Wikimedia Commons, FTP smartengines.com)",,562,1000,849801,0.562,117.95425622775801,55.337851171472,0.6597135231316726,139.93522419928826
drvlic/drvlic_0007.png,посвідчення водія,"MIDV-500 (Wikimedia Commons, FTP smartengines.com)",,562,1000,803696,0.562,117.83520996441281,54.629650945193106,0.6618523131672598,136.59019928825623
drvlic/drvlic_0008.png,посвідчення водія,"MIDV-500 (Wikimedia Commons, FTP smartengines.com)",,562,1000,811274,0.562,117.58845729537367,54.06326794073264,0.6707900355871886,137.58862633451957
drvlic/drvlic_0009.png,посвідчення водія,"MIDV-500 (Wikimedia Commons, FTP smartengines.com)",,562,1000,858240,0.562,117.18882028469751,54.05674341672642,0.6771725978647687,138.7193256227758
drvlic/drvlic_0010.png,посвідчення водія,"MIDV-500 (Wikimedia Commons, FTP smartengines.com)",,562,1000,846429,0.562,117.40493950177935,53.18271967177621,0.6749679715302491,139.7724181494662
drvlic/drvlic_0011.png,посвідчення водія,"MIDV-500 (Wikimedia Commons, FTP smartengines.com)",,562,1000,857505,0.562,116.18961743772242,53.35894679986011,0.6776637010676156,139.17394661921708
drvlic/drvlic_0012.png,посвідчення водія,"MIDV-500 (Wikimedia Commons, FTP smartengines.com)",,562,1000,836775,0.562,115.85048754448398,53.26263208842104,0.6742224199288256,140.41956049822065
drvlic/drvlic_0013.png,посвідчення водія,"MIDV-500 (Wikimedia Commons, FTP smartengines.com)",,562,1000,789289,0.562,115.68250177935943,53.193589229280384,0.6676654804270462,142.5950871886121
drvlic/drvlic_0014.png,посвідчення водія,"MIDV-500 (Wikimedia Commons, FTP smartengines.com)",,562,1000,799445,0.562,114.63966548042704,53.68944363952993,0.6698896797153024,142.1190231316726
drvlic/drvlic_0015.png,посвідчення водія,"MIDV-500 (Wikimedia Commons, FTP smartengines.com)",,562,1000,858124,0.562,113.95459430604983,54.58533935813287,0.6740836298932384,142.33653202846975
drvlic/drvlic_0016.png,посвідчення водія,"MIDV-500 (Wikimedia Commons, FTP smartengines.com)",,562,1000,906317,0.562,114.22611387900356,54.997633147919665,0.6711637010676157,150.0775871886121
drvlic/drvlic_0017.png,посвідчення водія,"MIDV-500 (Wikimedia Commons, FTP smartengines.com)",,562,1000,894597,0.562,113.87398754448398,54.809761821848994,0.6753131672597865,147.10622775800712
drvlic/drvlic_0018.png,посвідчення водія,"MIDV-500 (Wikimedia Commons, FTP smartengines.com)",,562,1000,897322,0.562,113.55255338078292,54.661562380188485,0.6786850533807829,146.9072669039146
drvlic/drvlic_0019.png,посвідчення водія,"MIDV-500 (Wikimedia Commons, FTP smartengines.com)",,562,1000,858541,0.562,113.93349466192171,54.824606982418594,0.6783665480427046,147.4519181494662
drvlic/drvlic_0020.png,посвідчення водія,"MIDV-500 (Wikimedia Commons, FTP smartengines.com)",,562,1000,815579,0.562,114.60495017793595,54.46808432154961,0.6791120996441281,147.53232206405693
drvlic/drvlic_0021.png,посвідчення водія,"MIDV-500 (Wikimedia Commons, FTP smartengines.com)",,562,1000,821567,0.562,114.72239679715302,54.87433838302041,0.683693950177936,146.46174911032028
drvlic/drvlic_0022.png,посвідчення водія,"MIDV-500 (Wikimedia Commons, FTP smartengines.com)",,562,1000,873958,0.562,114.48948398576512,54.855390510515285,0.6944092526690392,140.5572971530249
drvlic/drvlic_0023.png,посвідчення водія,"MIDV-500 (Wikimedia Commons, FTP smartengines.com)",,562,1000,852259,0.562,114.52515480427046,54.203644156400465,0.7021103202846976,139.0486174377224
drvlic/drvlic_0024.png,посвідчення водія,"MIDV-500 (Wikimedia Commons, FTP smartengines.com)",,562,1000,821523,0.562,116.0453434163701,53.582814301402436,0.6964128113879003,140.65698398576512
drvlic/drvlic_0025.png,посвідчення водія,"MIDV-500 (Wikimedia Commons, FTP smartengines.com)",,562,1000,854138,0.562,117.33473131672598,53.26857154769668,0.6910373665480427,144.50029715302492
drvlic/drvlic_0026.png,посвідчення водія,"MIDV-500 (Wikimedia Commons, FTP smartengines.com)",,562,1000,866444,0.562,118.14969928825623,52.66448894817946,0.6909110320284697,144.8451797153025
drvlic/drvlic_0027.png,посвідчення водія,"MIDV-500 (Wikimedia Commons, FTP smartengines.com)",,562,1000,833207,0.562,119.33652135231317,51.519774947827656,0.6890533807829181,142.72679893238436
drvlic/drvlic_0028.png,посвідчення водія,"MIDV-500 (Wikimedia Commons, FTP smartengines.com)",,562,1000,819726,0.562,120.53971708185054,50.98967419498486,0.683950177935943,144.32711743772242
drvlic/drvlic_0029.png,посвідчення водія,"MIDV-500 (Wikimedia Commons, FTP smartengines.com)",,562,1000,883658,0.562,121.0848540925267,51.093646969433244,0.6844430604982207,144.75579181494663
drvlic/drvlic_0030.png,посвідчення водія,"MIDV-500 (Wikimedia Commons, FTP smartengines.com)",,562,1000,908743,0.562,121.17350533807829,50.79995382585546,0.6861583629893239,143.7940587188612
drvlic/drvlic_0031.png,посвідчення водія,"MIDV-500 (Wikimedia Commons, FTP smartengines.com)",,562,1000,692493,0.562,138.76134163701067,53.946040123745426,0.3839982206405694,132.84839679715301
drvlic/drvlic_0032.png,посвідчення водія,"MIDV-500 (Wikimedia Commons, FTP smartengines.com)",,562,1000,719008,0.562,138.74980427046265,54.211658080599335,0.3852153024911032,133.3802081850534
drvlic/drvlic_0033.png,посвідчення водія,"MIDV-500 (Wikimedia Commons, FTP smartengines.com)",,562,1000,727365,0.562,139.2331690391459,53.68503460023441,0.38269395017793595,133.41701245551602
drvlic/drvlic_0034.png,посвідчення водія,"MIDV-500 (Wikimedia Commons, FTP smartengines.com)",,562,1000,776690,0.562,139.34931494661922,54.08961637934318,0.39745017793594306,132.78309074733096
drvlic/drvlic_0035.png,посвідчення водія,"MIDV-500 (Wikimedia Commons, FTP smartengines.com)",,562,1000,853437,0.562,139.0305,55.18431155997024,0.402873665480427,132.59740391459076
drvlic/drvlic_0036.png,посвідчення водія,"MIDV-500 (Wikimedia Commons, FTP smartengines.com)",,562,1000,832612,0.562,139.64997330960855,54.89218023604913,0.39569217081850533,132.25731316725978
drvlic/drvlic_0037.png,посвідчення водія,"MIDV-500 (Wikimedia Commons, FTP smartengines.com)",,562,1000,853752,0.562,139.39860854092527,55.45992144812155,0.3980053380782918,133.13937010676156
drvlic/drvlic_0038.png,посвідчення водія,"MIDV-500 (Wikimedia Commons, FTP smartengines.com)",,562,1000,867116,0.562,139.38094839857652,55.78571611165229,0.4021138790035587,133.24001957295374
drvlic/drvlic_0039.png,посвідчення водія,"MIDV-500 (Wikimedia Commons, FTP smartengines.com)",,562,1000,821822,0.562,139.72572953736656,54.79754166809266,0.40012099644128113,133.10909074733095
drvlic/drvlic_0040.png,посвідчення водія,"MIDV-500 (Wikimedia Commons, FTP smartengines.com)",,562,1000,810903,0.562,139.47579537366548,54.346953522682035,0.408491103202847,133.41999822064057
drvlic/drvlic_0041.png,посвідчення водія,"MIDV-500 (Wikimedia Commons, FTP smartengines.com)",,562,1000,849060,0.562,138.39895907473309,54.80555181359485,0.42380071174377226,134.22916370106762
drvlic/drvlic_0042.png,посвідчення водія,"MIDV-500 (Wikimedia Commons, FTP smartengines.com)",,562,1000,851320,0.562,138.39909430604982,54.16230077423195,0.4250444839857651,134.22444128113878
drvlic/drvlic_0043.png,посвідчення водія,"MIDV-500 (Wikimedia Commons, FTP smartengines.com)",,562,1000,768293,0.562,138.759871886121,53.30985397334853,0.4244306049822064,134.1512491103203
drvlic/drvlic_0044.png,посвідчення водія,"MIDV-500 (Wikimedia Commons, FTP smartengines.com)",,562,1000,775366,0.562,139.15071174377223,53.52213435618449,0.4253149466192171,134.01547330960855
drvlic/drvlic_0045.png,посвідчення водія,"MIDV-500 (Wikimedia Commons, FTP smartengines.com)",,562,1000,810206,0.562,139.37178825622775,53.75263247220381,0.4260302491103203,133.95996085409251
drvlic/drvlic_0046.png,посвідчення водія,"MIDV-500 (Wikimedia Commons, FTP smartengines.com)",,562,1000,827397,0.562,139.41472064056939,53.72034755719411,0.4220391459074733,133.84210854092527
drvlic/drvlic_0047.png,посвідчення водія,"MIDV-500 (Wikimedia Commons, FTP smartengines.com)",,562,1000,829935,0.562,139.13164056939502,53.97297555897131,0.41926690391459076,133.8538558718861
drvlic/drvlic_0048.png,посвідчення водія,"MIDV-500 (Wikimedia Commons, FTP smartengines.com)",,562,1000,837109,0.562,139.2439715302491,53.731505641783365,0.4135,134.0416743772242
drvlic/drvlic_0049.png,посвідчення водія,"MIDV-500 (Wikimedia Commons, FTP smartengines.com)",,562,1000,866612,0.562,139.02148398576512,54.25545538279286,0.4151725978647687,134.2927615658363
drvlic/drvlic_0050.png,посвідчення водія,"MIDV-500 (Wikimedia Commons, FTP smartengines.com)",,562,1000,848692,0.562,139.39221708185053,53.85685500696389,0.40658896797153027,134.01936832740213
drvlic/drvlic_0051.png,посвідчення водія,"MIDV-500 (Wikimedia Commons, FTP smartengines.com)",,562,1000,786046,0.562,140.27365480427045,52.990713910410115,0.3927081850533808,132.83362455516016
drvlic/drvlic_0052.png,посвідчення водія,"MIDV-500 (Wikimedia Commons, FTP smartengines.com)",,562,1000,777811,0.562,140.45554804270463,53.61753012288993,0.39119928825622774,132.10517615658364
drvlic/drvlic_0053.png,посвідчення водія,"MIDV-500 (Wikimedia Commons, FTP smartengines.com)",,562,1000,773829,0.562,139.90546797153024,54.37260605924863,0.39931494661921707,132.2179252669039
drvlic/drvlic_0054.png,посвідчення водія,"MIDV-500 (Wikimedia Commons, FTP smartengines.com)",,562,1000,787258,0.562,140.55377758007117,54.270077457657436,0.3961209964412811,130.81701067615657
drvlic/drvlic_0055.png,посвідчення водія,"MIDV-500 (Wikimedia Commons, FTP smartengines.com)",,562,1000,761595,0.562,140.62103914590747,53.18139873667498,0.3919750889679715,130.64461209964412
drvlic/drvlic_0056.png,посвідчення водія,"MIDV-500 (Wikimedia Commons, FTP smartengines.com)",,562,1000,738396,0.562,140.76403380782918,51.86174494402812,0.3864306049822064,131.28135587188612
drvlic/drvlic_0057.png,посвідчення водія,"MIDV-500 (Wikimedia Commons, FTP smartengines.com)",,562,1000,723187,0.562,140.85257829181495,50.517607461528776,0.3807135231316726,131.6559608540925
drvlic/drvlic_0058.png,посвідчення водія,"MIDV-500 (Wikimedia Commons, FTP smartengines.com)",,562,1000,786525,0.562,139.2969074733096,52.64600047036097,0.4070800711743772,132.97901245551603
drvlic/drvlic_0059.png,посвідчення водія,"MIDV-500 (Wikimedia Commons, FTP smartengines.com)",,562,1000,819977,0.562,139.26553202846975,52.72680772176838,0.4064074733096085,133.6721814946619
drvlic/drvlic_0060.png,посвідчення водія,"MIDV-500 (Wikimedia Commons, FTP smartengines.com)",,562,1000,818103,0.562,138.92357295373665,53.277481794656076,0.41289145907473307,134.4406619217082
drvlic/drvlic_0061.png,посвідчення водія,"MIDV-500 (Wikimedia Commons, FTP smartengines.com)",,562,1000,499588,0.562,82.49182918149467,51.14480083155018,0.8408309608540925,123.49607117437722
drvlic/drvlic_0062.png,посвідчення водія,"MIDV-500 (Wikimedia Commons, FTP smartengines.com)",,562,1000,493633,0.562,82.57908896797153,51.24517594957019,0.8404110320284698,123.41415480427047
drvlic/drvlic_0063.png,посвідчення водія,"MIDV-500 (Wikimedia Commons, FTP smartengines.com)",,562,1000,504303,0.562,83.65549110320285,51.806192079898274,0.839229537366548,123.36107651245551
drvlic/drvlic_0064.png,посвідчення водія,"MIDV-500 (Wikimedia Commons, FTP smartengines.com)",,562,1000,554265,0.562,84.68836832740213,52.22978048326957,0.8392686832740214,122.86557295373666
drvlic/drvlic_0065.png,посвідчення водія,"MIDV-500 (Wikimedia Commons, FTP smartengines.com)",,562,1000,580352,0.562,84.69925800711744,52.305601186332645,0.8393487544483986,122.09690747330961
drvlic/drvlic_0066.png,посвідчення водія,"MIDV-500 (Wikimedia Commons, FTP smartengines.com)",,562,1000,593376,0.562,84.66485231316726,52.347313216048086,0.8389341637010677,122.34462099644128
drvlic/drvlic_0067.png,посвідчення водія,"MIDV-500 (Wikimedia Commons, FTP smartengines.com)",,562,1000,596584,0.562,85.00851067615659,52.913922787121116,0.8373896797153025,122.06112277580071
drvlic/drvlic_0068.png,посвідчення водія,"MIDV-500 (Wikimedia Commons, FTP smartengines.com)",,562,1000,572667,0.562,83.65601067615658,52.200911202964775,0.83805871886121,123.83838078291815
drvlic/drvlic_0069.png,посвідчення водія,"MIDV-500 (Wikimedia Commons, FTP smartengines.com)",,562,1000,591066,0.562,80.95531138790035,48.204087898398846,0.8431548042704626,126.12044661921708
drvlic/drvlic_0070.png,посвідчення водія,"MIDV-500 (Wikimedia Commons, FTP smartengines.com)",,562,1000,571982,0.562,83.1830284697509,47.18589856843815,0.8393345195729537,120.39024199288257
drvlic/drvlic_0071.png,посвідчення водія,"MIDV-500 (Wikimedia Commons, FTP smartengines.com)",,562,1000,603694,0.562,84.66391637010676,48.07491547544992,0.8362935943060498,116.45756049822064
drvlic/drvlic_0072.png,посвідчення водія,"MIDV-500 (Wikimedia Commons, FTP smartengines.com)",,562,1000,601883,0.562,87.09225978647687,49.64353850379788,0.8318113879003559,113.9540231316726
drvlic/drvlic_0073.png,посвідчення водія,"MIDV-500 (Wikimedia Commons, FTP smartengines.com)",,562,1000,571265,0.562,88.13094483985765,50.41241904549224,0.8296886120996442,109.0035818505338
drvlic/drvlic_0074.png,посвідчення водія,"MIDV-500 (Wikimedia Commons, FTP smartengines.com)",,562,1000,578025,0.562,90.8969412811388,51.81206028179384,0.826288256227758,116.20722953736654
drvlic/drvlic_0075.png,посвідчення водія,"MIDV-500 (Wikimedia Commons, FTP smartengines.com)",,562,1000,600548,0.562,91.74592526690391,52.50659685157588,0.8261459074733096,109.15964234875445
drvlic/drvlic_0076.png,посвідчення водія,"MIDV-500 (Wikimedia Commons, FTP smartengines.com)",,562,1000,597500,0.562,95.03235765124555,56.294294360419556,0.8217775800711744,103.56758540925267
drvlic/drvlic_0077.png,посвідчення водія,"MIDV-500 (Wikimedia Commons, FTP smartengines.com)",,562,1000,599309,0.562,98.59110676156584,60.08400411167521,0.8166281138790036,115.1339644128114
drvlic/drvlic_0078.png,посвідчення водія,"MIDV-500 (Wikimedia Commons, FTP smartengines.com)",,562,1000,568269,0.562,97.17829003558718,58.94075381257158,0.8231209964412811,118.59163879003559
drvlic/drvlic_0079.png,посвідчення водія,"MIDV-500 (Wikimedia Commons, FTP smartengines.com)",,562,1000,569629,0.562,92.46661565836298,56.99576293240839,0.8331281138790035,125.21675622775801
drvlic/drvlic_0080.png,посвідчення водія,"MIDV-500 (Wikimedia Commons, FTP smartengines.com)",,562,1000,552361,0.562,89.56413167259787,56.182852029934715,0.8354946619217082,127.11012989323844
drvlic/drvlic_0081.png,посвідчення водія,"MIDV-500 (Wikimedia Commons, FTP smartengines.com)",,562,1000,566010,0.562,83.5301227758007,50.31433478432559,0.8540106761565837,137.66071352313168
drvlic/drvlic_0082.png,посвідчення водія,"MIDV-500 (Wikimedia Commons, FTP smartengines.com)",,562,1000,585975,0.562,82.4653024911032,48.42836727515155,0.859170818505338,135.23323487544485
drvlic/drvlic_0083.png,посвідчення водія,"MIDV-500 (Wikimedia Commons, FTP smartengines.com)",,562,1000,544068,0.562,81.80949644128114,48.09323254079827,0.8639893238434164,124.10842882562278
drvlic/drvlic_0084.png,посвідчення водія,"MIDV-500 (Wikimedia Commons, FTP smartengines.com)",,562,1000,557457,0.562,83.90594661921708,48.85324228826006,0.8646814946619217,122.2675053380783
drvlic/drvlic_0085.png,посвідчення водія,"MIDV-500 (Wikimedia Commons, FTP smartengines.com)",,562,1000,589676,0.562,85.28603558718861,49.45455563770215,0.8627989323843417,121.67572953736655
drvlic/drvlic_0086.png,посвідчення водія,"MIDV-500 (Wikimedia Commons, FTP smartengines.com)",,562,1000,604119,0.562,86.7891334519573,50.05169277746421,0.8609199288256227,117.22262455516014
drvlic/drvlic_0087.png,посвідчення водія,"MIDV-500 (Wikimedia Commons, FTP smartengines.com)",,562,1000,616685,0.562,87.91986832740214,50.75037530058198,0.8579786476868327,113.77308007117438
drvlic/drvlic_0088.png,посвідчення водія,"MIDV-500 (Wikimedia Commons, FTP smartengines.com)",,562,1000,625099,0.562,89.82069395017794,52.082441616972375,0.8523540925266904,112.82182384341637
drvlic/drvlic_0089.png,посвідчення водія,"MIDV-500 (Wikimedia Commons, FTP smartengines.com)",,562,1000,616703,0.562,93.11288967971531,55.807598110023456,0.8428772241992882,109.0955818505338
drvlic/drvlic_0090.png,посвідчення водія,"MIDV-500 (Wikimedia Commons, FTP smartengines.com)",,562,1000,563057,0.562,98.38848754448398,58.83960796375294,0.8181583629893239,130.2708825622776
drvlic/drvlic_0091.png,посвідчення водія,"MIDV-500 (Wikimedia Commons, FTP smartengines.com)",,562,1000,518191,0.562,127.1835177935943,71.899165670169,0.4567046263345196,91.73122953736654
drvlic/drvlic_0092.png,посвідчення водія,"MIDV-500 (Wikimedia Commons, FTP smartengines.com)",,562,1000,547457,0.562,127.20409964412812,71.7902981053438,0.456846975088968,91.94140035587189
drvlic/drvlic_0093.png,посвідчення водія,"MIDV-500 (Wikimedia Commons, FTP smartengines.com)",,562,1000,596300,0.562,127.05151067615658,71.62349186449767,0.4569982206405694,91.72966014234875
drvlic/drvlic_0094.png,посвідчення водія,"MIDV-500 (Wikimedia Commons, FTP smartengines.com)",,562,1000,662639,0.562,127.07129893238434,71.53848103486268,0.45763879003558716,89.88155516014236
drvlic/drvlic_0095.png,посвідчення водія,"MIDV-500 (Wikimedia Commons, FTP smartengines.com)",,562,1000,655446,0.562,128.04003024911032,72.02495366857197,0.4553505338078292,89.29638612099644
drvlic/drvlic_0096.png,посвідчення водія,"MIDV-500 (Wikimedia Commons, FTP smartengines.com)",,562,1000,665477,0.562,127.27118505338078,72.63122145849499,0.4510640569395018,87.04893416370106
drvlic/drvlic_0097.png,посвідчення водія,"MIDV-500 (Wikimedia Commons, FTP smartengines.com)",,562,1000,637699,0.562,130.02075266903915,72.54871168771619,0.43554270462633454,85.82828113879003
drvlic/drvlic_0098.png,посвідчення водія,"MIDV-500 (Wikimedia Commons, FTP smartengines.com)",,562,1000,616348,0.562,129.07323487544485,75.82648024538597,0.447932384341637,84.54259608540926
drvlic/drvlic_0099.png,посвідчення водія,"MIDV-500 (Wikimedia Commons, FTP smartengines.com)",,562,1000,625416,0.562,134.76438256227758,78.56710137574595,0.4358202846975089,84.3637669039146
drvlic/drvlic_0100.png,посвідчення водія,"MIDV-500 (Wikimedia Commons, FTP smartengines.com)",,562,1000,632992,0.562,136.33643416370106,79.01147209795248,0.43065480427046265,83.70995017793594
drvlic/drvlic_0101.png,посвідчення водія,"MIDV-500 (Wikimedia Commons, FTP smartengines.com)",,562,1000,634154,0.562,132.9464822064057,76.42280432035587,0.44654982206405697,84.45020462633452
drvlic/drvlic_0102.png,посвідчення водія,"MIDV-500 (Wikimedia Commons, FTP smartengines.com)",,562,1000,653464,0.562,130.89367081850534,73.42522517722233,0.4520355871886121,86.5855640569395
drvlic/drvlic_0103.png,посвідчення водія,"MIDV-500 (Wikimedia Commons, FTP smartengines.com)",,562,1000,643183,0.562,129.6948380782918,72.35160891192814,0.45718327402135234,86.34567793594306
drvlic/drvlic_0104.png,посвідчення водія,"MIDV-500 (Wikimedia Commons, FTP smartengines.com)",,562,1000,669301,0.562,127.8438665480427,72.31197959403279,0.4671672597864769,85.91893060498221
drvlic/drvlic_0105.png,посвідчення водія,"MIDV-500 (Wikimedia Commons, FTP smartengines.com)",,562,1000,679848,0.562,126.15205693950178,71.45240605217187,0.47481316725978645,86.66106939501779
drvlic/drvlic_0106.png,посвідчення водія,"MIDV-500 (Wikimedia Commons, FTP smartengines.com)",,562,1000,690482,0.562,125.71102135231317,72.61972855448404,0.4828078291814947,86.09811921708184
drvlic/drvlic_0107.png,посвідчення водія,"MIDV-500 (Wikimedia Commons, FTP smartengines.com)",,562,1000,669682,0.562,128.26180960854091,73.11768159223065,0.4661103202846975,85.46483451957296
drvlic/drvlic_0108.png,посвідчення водія,"MIDV-500 (Wikimedia Commons, FTP smartengines.com)",,562,1000,667625,0.562,128.00412633451958,74.8082142595035,0.4726085409252669,85.03920106761566
drvlic/drvlic_0109.png,посвідчення водія,"MIDV-500 (Wikimedia Commons, FTP smartengines.com)",,562,1000,691213,0.562,127.14137900355873,75.59803189612876,0.48095907473309607,85.11303202846975
drvlic/drvlic_0110.png,посвідчення водія,"MIDV-500 (Wikimedia Commons, FTP smartengines.com)",,562,1000,674821,0.562,126.6710177935943,75.8290056985283,0.4768256227758007,84.07539323843416
drvlic/drvlic_0111.png,посвідчення водія,"MIDV-500 (Wikimedia Commons, FTP smartengines.com)",,562,1000,680458,0.562,127.58083451957296,77.57494903929673,0.47855693950177935,82.74668861209965
drvlic/drvlic_0112.png,посвідчення водія,"MIDV-500 (Wikimedia Commons, FTP smartengines.com)",,562,1000,683792,0.562,125.00853380782918,76.27219664173117,0.49283629893238434,85.25640391459075
drvlic/drvlic_0113.png,посвідчення водія,"MIDV-500 (Wikimedia Commons, FTP smartengines.com)",,562,1000,637170,0.562,123.34252846975089,75.39203437263961,0.49680249110320285,86.40105693950179
drvlic/drvlic_0114.png,посвідчення водія,"MIDV-500 (Wikimedia Commons, FTP smartengines.com)",,562,1000,660895,0.562,121.03566192170818,73.90248852425658,0.5045355871886121,87.8910231316726
drvlic/drvlic_0115.png,посвідчення водія,"MIDV-500 (Wikimedia Commons, FTP smartengines.com)",,562,1000,654409,0.562,118.59492526690391,74.0086425405058,0.5127597864768684,86.53053202846975
drvlic/drvlic_0116.png,посвідчення водія,"MIDV-500 (Wikimedia Commons, FTP smartengines.com)",,562,1000,654511,0.562,117.96775978647686,76.26446704644464,0.5063701067615658,84.18349822064057
drvlic/drvlic_0117.png,посвідчення водія,"MIDV-500 (Wikimedia Commons, FTP smartengines.com)",,562,1000,641728,0.562,115.00199466192171,78.45788972712772,0.5185818505338078,81.15672419928826
drvlic/drvlic_0118.png,посвідчення водія,"MIDV-500 (Wikimedia Commons, FTP smartengines.com)",,562,1000,611301,0.562,113.80372419928825,80.51016637916483,0.5121476868327403,77.982628113879
drvlic/drvlic_0119.png,посвідчення водія,"MIDV-500 (Wikimedia Commons, FTP smartengines.com)",,562,1000,617195,0.562,109.70557117437723,82.23925628494031,0.5423398576512456,76.85904626334519
drvlic/drvlic_0120.png,посвідчення водія,"MIDV-500 (Wikimedia Commons, FTP smartengines.com)",,562,1000,606250,0.562,111.33060676156583,84.28813833052754,0.534432384341637,75.61667259786476
drvlic/drvlic_0121.png,посвідчення водія,"MIDV-500 (Wikimedia Commons, FTP smartengines.com)",,562,1000,658896,0.562,71.74742170818506,67.80289157802737,0.8131227758007118,69.66106049822064
drvlic/drvlic_0122.png,посвідчення водія,"MIDV-500 (Wikimedia Commons, FTP smartengines.com)",,562,1000,594844,0.562,71.99217971530248,67.54336715000655,0.8130284697508897,69.28279003558718
drvlic/drvlic_0123.png,посвідчення водія,"MIDV-500 (Wikimedia Commons, FTP smartengines.com)",,562,1000,605702,0.562,71.92847153024911,67.4750497136234,0.8139964412811388,69.47522597864769
drvlic/drvlic_0124.png,посвідчення водія,"MIDV-500 (Wikimedia Commons, FTP smartengines.com)",,562,1000,653811,0.562,71.78295729537366,67.35192723618816,0.8154857651245552,69.83996085409252
drvlic/drvlic_0125.png,посвідчення водія,"MIDV-500 (Wikimedia Commons, FTP smartengines.com)",,562,1000,622323,0.562,71.55668505338079,67.36096964596473,0.8150053380782918,69.86218149466193
drvlic/drvlic_0126.png,посвідчення водія,"MIDV-500 (Wikimedia Commons, FTP smartengines.com)",,562,1000,626389,0.562,71.75549288256228,67.41639087769492,0.8145142348754448,69.70973665480427
drvlic/drvlic_0127.png,посвідчення водія,"MIDV-500 (Wikimedia Commons, FTP smartengines.com)",,562,1000,616354,0.562,71.7543950177936,67.18640150000681,0.8155409252669039,70.04362277580071
drvlic/drvlic_0128.png,посвідчення водія,"MIDV-500 (Wikimedia Commons, FTP smartengines.com)",,562,1000,646380,0.562,71.84376868327402,67.04106234371775,0.8163683274021353,70.17133451957295
drvlic/drvlic_0129.png,посвідчення водія,"MIDV-500 (Wikimedia Commons, FTP smartengines.com)",,562,1000,646113,0.562,72.17814056939501,67.28606186878099,0.8155427046263345,70.17398398576512
drvlic/drvlic_0130.png,посвідчення водія,"MIDV-500 (Wikimedia Commons, FTP smartengines.com)",,562,1000,622388,0.562,72.67847330960853,67.13069717461336,0.8122989323843416,71.55779359430605
drvlic/drvlic_0131.png,посвідчення водія,"MIDV-500 (Wikimedia Commons, FTP smartengines.com)",,562,1000,610283,0.562,72.85704982206406,66.81302669971538,0.8108967971530249,72.09592704626334
drvlic/drvlic_0132.png,посвідчення водія,"MIDV-500 (Wikimedia Commons, FTP smartengines.com)",,562,1000,645375,0.562,72.36552135231317,66.76780875242258,0.8131814946619217,72.71637010676156
drvlic/drvlic_0133.png,посвідчення водія,"MIDV-500 (Wikimedia Commons, FTP smartengines.com)",,562,1000,588741,0.562,72.03299822064056,66.49022036359932,0.8118274021352313,72.35291814946619
drvlic/drvlic_0134.png,посвідчення водія,"MIDV-500 (Wikimedia Commons, FTP smartengines.com)",,562,1000,642885,0.562,71.61673843416371,66.72175840560449,0.8098167259786477,72.2159306049822
drvlic/drvlic_0135.png,посвідчення водія,"MIDV-500 (Wikimedia Commons, FTP smartengines.com)",,562,1000,660478,0.562,71.01583274021353,66.89720407479975,0.8074092526690392,71.77196441281139
drvlic/drvlic_0136.png,посвідчення водія,"MIDV-500 (Wikimedia Commons, FTP smartengines.com)",,562,1000,626116,0.562,70.799871886121,66.74680995470491,0.8050729537366548,71.31753558718862
drvlic/drvlic_0137.png,посвідчення водія,"MIDV-500 (Wikimedia Commons, FTP smartengines.com)",,562,1000,657154,0.562,70.07440213523131,66.92225200242983,0.8034341637010676,71.343
drvlic/drvlic_0138.png,посвідчення водія,"MIDV-500 (Wikimedia Commons, FTP smartengines.com)",,562,1000,497517,0.562,70.53036298932385,66.33709184344352,0.7923096085409252,70.57432384341637
drvlic/drvlic_0139.png,посвідчення водія,"MIDV-500 (Wikimedia Commons, FTP smartengines.com)",,562,1000,577829,0.562,69.1938665480427,67.34152891927117,0.7945071174377224,70.66782384341637
drvlic/drvlic_0140.png,посвідчення водія,"MIDV-500 (Wikimedia Commons, FTP smartengines.com)",,562,1000,611597,0.562,68.59947864768684,67.79149738893166,0.7905284697508896,71.29524555160143
drvlic/drvlic_0141.png,посвідчення водія,"MIDV-500 (Wikimedia Commons, FTP smartengines.com)",,562,1000,623487,0.562,68.39907117437723,67.93681085308737,0.7880587188612099,73.79250177935943
drvlic/drvlic_0142.png,посвідчення водія,"MIDV-500 (Wikimedia Commons, FTP smartengines.com)",,562,1000,582917,0.562,68.38942526690391,67.76066656527772,0.7861992882562278,73.91510320284698
drvlic/drvlic_0143.png,посвідчення водія,"MIDV-500 (Wikimedia Commons, FTP smartengines.com)",,562,1000,615840,0.562,68.46505516014236,68.2463335440327,0.7858754448398576,74.44614946619217
drvlic/drvlic_0144.png,посвідчення водія,"MIDV-500 (Wikimedia Commons, FTP smartengines.com)",,562,1000,609385,0.562,69.0058309608541,68.58859971222536,0.7813914590747331,74.92960142348754
drvlic/drvlic_0145.png,посвідчення водія,"MIDV-500 (Wikimedia Commons, FTP smartengines.com)",,562,1000,569928,0.562,69.83332384341637,68.87130314575708,0.7726743772241993,74.01362989323843
drvlic/drvlic_0146.png,посвідчення водія,"MIDV-500 (Wikimedia Commons, FTP smartengines.com)",,562,1000,640908,0.562,69.58483629893239,69.65698475545946,0.774738434163701,75.1303202846975
drvlic/drvlic_0147.png,посвідчення водія,"MIDV-500 (Wikimedia Commons, FTP smartengines.com)",,562,1000,618829,0.562,69.19637722419928,69.25780371544855,0.7768825622775801,74.65116548042704
drvlic/drvlic_0148.png,посвідчення водія,"MIDV-500 (Wikimedia Commons, FTP smartengines.com)",,562,1000,629472,0.562,69.00949822064057,69.02569274218298,0.7781370106761566,74.2536690391459
drvlic/drvlic_0149.png,посвідчення водія,"MIDV-500 (Wikimedia Commons, FTP smartengines.com)",,562,1000,630038,0.562,68.45287900355872,69.07357553038061,0.7808434163701068,73.7395231316726
drvlic/drvlic_0150.png,посвідчення водія,"MIDV-500 (Wikimedia Commons, FTP smartengines.com)",,562,1000,562682,0.562,69.25381494661922,69.0553036508747,0.7739074733096085,71.30046085409252
drvlic/drvlic_0151.png,посвідчення водія,"MIDV-500 (Wikimedia Commons, FTP smartengines.com)",,562,1000,502538,0.562,116.89809786476869,81.00772867621139,0.5338772241992883,86.35825978647686
drvlic/drvlic_0152.png,посвідчення водія,"MIDV-500 (Wikimedia Commons, FTP smartengines.com)",,562,1000,532905,0.562,117.11606583629893,81.23663795017383,0.5343416370106762,85.49842704626334
drvlic/drvlic_0153.png,посвідчення водія,"MIDV-500 (Wikimedia Commons, FTP smartengines.com)",,562,1000,585998,0.562,116.50424911032029,81.61426731663953,0.5405302491103203,85.04491103202847
drvlic/drvlic_0154.png,посвідчення водія,"MIDV-500 (Wikimedia Commons, FTP smartengines.com)",,562,1000,595626,0.562,115.92014056939502,82.01854322090759,0.5444644128113879,83.9891690391459
drvlic/drvlic_0155.png,посвідчення водія,"MIDV-500 (Wikimedia Commons, FTP smartengines.com)",,562,1000,632110,0.562,115.26627046263346,83.8161953008048,0.5572829181494662,80.76134341637011
drvlic/drvlic_0156.png,посвідчення водія,"MIDV-500 (Wikimedia Commons, FTP smartengines.com)",,562,1000,642829,0.562,114.36755338078292,85.98408641287088,0.5729715302491103,78.01878469750889
drvlic/drvlic_0157.png,посвідчення водія,"MIDV-500 (Wikimedia Commons, FTP smartengines.com)",,562,1000,649550,0.562,113.29551245551602,87.72689759742076,0.5862081850533808,76.12506227758007
drvlic/drvlic_0158.png,посвідчення водія,"MIDV-500 (Wikimedia Commons, FTP smartengines.com)",,562,1000,666802,0.562,112.79282384341637,89.1600818199478,0.5948185053380783,74.30079893238434
drvlic/drvlic_0159.png,посвідчення водія,"MIDV-500 (Wikimedia Commons, FTP smartengines.com)",,562,1000,696039,0.562,112.5719946619217,90.01366107296148,0.5980693950177935,72.67629537366548
drvlic/drvlic_0160.png,посвідчення водія,"MIDV-500 (Wikimedia Commons, FTP smartengines.com)",,562,1000,705396,0.562,112.4624412811388,90.71251147889596,0.5991423487544484,71.75679359430605
drvlic/drvlic_0161.png,посвідчення водія,"MIDV-500 (Wikimedia Commons, FTP smartengines.com)",,562,1000,685477,0.562,112.55167259786477,91.57849542662595,0.6007064056939502,70.87448042704627
drvlic/drvlic_0162.png,посвідчення водія,"MIDV-500 (Wikimedia Commons, FTP smartengines.com)",,562,1000,670427,0.562,112.24635587188612,92.37935679281075,0.6007935943060498,69.9763665480427
drvlic/drvlic_0163.png,посвідчення водія,"MIDV-500 (Wikimedia Commons, FTP smartengines.com)",,562,1000,567999,0.562,112.60670996441281,92.76067941219473,0.5956227758007118,67.79257117437723
drvlic/drvlic_0164.png,посвідчення водія,"MIDV-500 (Wikimedia Commons, FTP smartengines.com)",,562,1000,621108,0.562,112.76838790035588,93.65897416288816,0.5972224199288256,65.85957829181494
drvlic/drvlic_0165.png,посвідчення водія,"MIDV-500 (Wikimedia Commons, FTP smartengines.com)",,562,1000,634575,0.562,112.37284163701068,94.49501185202543,0.6022953736654805,63.84225444839858
drvlic/drvlic_0166.png,посвідчення водія,"MIDV-500 (Wikimedia Commons, FTP smartengines.com)",,562,1000,637473,0.562,113.6656512455516,94.84736960253005,0.5939537366548042,62.37700177935943
drvlic/drvlic_0167.png,посвідчення водія,"MIDV-500 (Wikimedia Commons, FTP smartengines.com)",,562,1000,646282,0.562,114.41651601423487,95.05865180557296,0.5905800711743773,61.541250889679716
drvlic/drvlic_0168.png,посвідчення водія,"MIDV-500 (Wikimedia Commons, FTP smartengines.com)",,562,1000,663251,0.562,113.25864056939501,94.24589190327104,0.599035587188612,60.0299768683274
drvlic/drvlic_0169.png,посвідчення водія,"MIDV-500 (Wikimedia Commons, FTP smartengines.com)",,562,1000,651077,0.562,112.5120818505338,93.33983419539159,0.599508896797153,60.16172241992883
drvlic/drvlic_0170.png,посвідчення водія,"MIDV-500 (Wikimedia Commons, FTP smartengines.com)",,562,1000,634023,0.562,113.8762846975089,93.22146227690007,0.5932064056939502,58.22828647686833
drvlic/drvlic_0171.png,посвідчення водія,"MIDV-500 (Wikimedia Commons, FTP smartengines.com)",,562,1000,672125,0.562,113.216871886121,93.47021276733068,0.5998345195729538,57.00614412811388
drvlic/drvlic_0172.png,посвідчення водія,"MIDV-500 (Wikimedia Commons, FTP smartengines.com)",,562,1000,660676,0.562,113.22808007117438,93.18444776411945,0.6033024911032029,55.53560142348754
drvlic/drvlic_0173.png,посвідчення водія,"MIDV-500 (Wikimedia Commons, FTP smartengines.com)",,562,1000,594861,0.562,113.53245551601424,92.28286900098139,0.602126334519573,53.99359430604982
drvlic/drvlic_0174.png,посвідчення водія,"MIDV-500 (Wikimedia Commons, FTP smartengines.com)",,562,1000,628894,0.562,112.46138256227758,90.33975902278534,0.5987615658362989,56.58406583629893
drvlic/drvlic_0175.png,посвідчення водія,"MIDV-500 (Wikimedia Commons, FTP smartengines.com)",,562,1000,594887,0.562,113.47912455516014,88.01373460322287,0.5829733096085409,58.04817793594306
drvlic/drvlic_0176.png,посвідчення водія,"MIDV-500 (Wikimedia Commons, FTP smartengines.com)",,562,1000,631007,0.562,114.46134519572954,86.71335217432139,0.5733113879003559,58.72449644128114
drvlic/drvlic_0177.png,посвідчення водія,"MIDV-500 (Wikimedia Commons, FTP smartengines.com)",,562,1000,675342,0.562,114.66186298932384,85.58387652688518,0.5705640569395017,60.59707295373666
drvlic/drvlic_0178.png,посвідчення водія,"MIDV-500 (Wikimedia Commons, FTP smartengines.com)",,562,1000,640393,0.562,116.73790569395018,84.71138695946424,0.5511743772241993,61.858190391459075
drvlic/drvlic_0179.png,посвідчення водія,"MIDV-500 (Wikimedia Commons, FTP smartengines.com)",,562,1000,632325,0.562,115.505371886121,83.26071956871459,0.5455622775800711,65.30783096085409
