filename,document_type,source_dataset,authenticity,width,height,file_size_bytes
rahunok/rahunok_0000.png,рахунок,RVL-CDIP,,802,1000,100163
rahunok/rahunok_0001.png,рахунок,RVL-CDIP,,777,1000,198897
rahunok/rahunok_0002.png,рахунок,RVL-CDIP,,754,1000,349049
rahunok/rahunok_0003.png,рахунок,RVL-CDIP,,776,1000,136111
rahunok/rahunok_0004.png,рахунок,RVL-CDIP,,775,1000,188636
rahunok/rahunok_0005.png,рахунок,RVL-CDIP,,777,1000,362129
rahunok/rahunok_0006.png,рахунок,RVL-CDIP,,754,1000,109755
rahunok/rahunok_0007.png,рахунок,RVL-CDIP,,762,1000,142980
rahunok/rahunok_0008.png,рахунок,RVL-CDIP,,767,1000,159303
rahunok/rahunok_0009.png,рахунок,RVL-CDIP,,754,1000,235243
rahunok/rahunok_0010.png,рахунок,RVL-CDIP,,762,1000,175521
rahunok/rahunok_0011.png,рахунок,RVL-CDIP,,738,1000,205941
rahunok/rahunok_0012.png,рахунок,RVL-CDIP,,786,1000,156732
rahunok/rahunok_0013.png,рахунок,RVL-CDIP,,754,1000,162672
rahunok/rahunok_0014.png,рахунок,RVL-CDIP,,777,1000,150359
rahunok/rahunok_0015.png,рахунок,RVL-CDIP,,777,1000,258873
rahunok/rahunok_0016.png,рахунок,RVL-CDIP,,754,1000,247195
rahunok/rahunok_0017.png,рахунок,RVL-CDIP,,779,1000,373137
rahunok/rahunok_0018.png,рахунок,RVL-CDIP,,762,1000,139390
rahunok/rahunok_0019.png,рахунок,RVL-CDIP,,762,1000,142258
rahunok/rahunok_0020.png,рахунок,RVL-CDIP,,762,1000,158845
rahunok/rahunok_0021.png,рахунок,RVL-CDIP,,754,1000,107295
rahunok/rahunok_0022.png,рахунок,RVL-CDIP,,772,1000,120316
rahunok/rahunok_0023.png,рахунок,RVL-CDIP,,776,1000,174850
rahunok/rahunok_0024.png,рахунок,RVL-CDIP,,754,1000,268216
rahunok/rahunok_0025.png,рахунок,RVL-CDIP,,787,1000,96868
rahunok/rahunok_0026.png,рахунок,RVL-CDIP,,754,1000,168383
rahunok/rahunok_0027.png,рахунок,RVL-CDIP,,778,1000,292679
rahunok/rahunok_0028.png,рахунок,RVL-CDIP,,762,1000,77672
rahunok/rahunok_0029.png,рахунок,RVL-CDIP,,770,1000,117619
rahunok/rahunok_0030.png,рахунок,RVL-CDIP,,762,1000,167124
rahunok/rahunok_0031.png,рахунок,RVL-CDIP,,754,1000,177316
rahunok/rahunok_0032.png,рахунок,RVL-CDIP,,767,1000,151746
rahunok/rahunok_0033.png,рахунок,RVL-CDIP,,762,1000,110628
rahunok/rahunok_0034.png,рахунок,RVL-CDIP,,754,1000,346818
rahunok/rahunok_0035.png,рахунок,RVL-CDIP,,754,1000,154010
rahunok/rahunok_0036.png,рахунок,RVL-CDIP,,754,1000,93289
rahunok/rahunok_0037.png,рахунок,RVL-CDIP,,754,1000,203935
rahunok/rahunok_0038.png,рахунок,RVL-CDIP,,754,1000,165616
rahunok/rahunok_0039.png,рахунок,RVL-CDIP,,754,1000,187868
rahunok/rahunok_0040.png,рахунок,RVL-CDIP,,777,1000,177918
rahunok/rahunok_0041.png,рахунок,RVL-CDIP,,762,1000,60395
rahunok/rahunok_0042.png,рахунок,RVL-CDIP,,802,1000,210935
rahunok/rahunok_0043.png,рахунок,RVL-CDIP,,773,1000,491050
rahunok/rahunok_0044.png,рахунок,RVL-CDIP,,777,1000,402649
rahunok/rahunok_0045.png,рахунок,RVL-CDIP,,754,1000,111236
rahunok/rahunok_0046.png,рахунок,RVL-CDIP,,754,1000,170575
rahunok/rahunok_0047.png,рахунок,RVL-CDIP,,762,1000,138888
rahunok/rahunok_0048.png,рахунок,RVL-CDIP,,754,1000,109914
rahunok/rahunok_0049.png,рахунок,RVL-CDIP,,762,1000,445176
rahunok/rahunok_0050.png,рахунок,RVL-CDIP,,754,1000,208274
rahunok/rahunok_0051.png,рахунок,RVL-CDIP,,754,1000,246806
rahunok/rahunok_0052.png,рахунок,RVL-CDIP,,777,1000,213669
rahunok/rahunok_0053.png,рахунок,RVL-CDIP,,754,1000,215969
rahunok/rahunok_0054.png,рахунок,RVL-CDIP,,754,1000,524068
rahunok/rahunok_0055.png,рахунок,RVL-CDIP,,754,1000,60948
rahunok/rahunok_0056.png,рахунок,RVL-CDIP,,754,1000,68941
rahunok/rahunok_0057.png,рахунок,RVL-CDIP,,775,1000,155053
rahunok/rahunok_0058.png,рахунок,RVL-CDIP,,777,1000,226357
rahunok/rahunok_0059.png,рахунок,RVL-CDIP,,754,1000,212472
rahunok/rahunok_0060.png,рахунок,RVL-CDIP,,754,1000,183959
rahunok/rahunok_0061.png,рахунок,RVL-CDIP,,777,1000,308008
rahunok/rahunok_0062.png,рахунок,RVL-CDIP,,763,1000,154052
rahunok/rahunok_0063.png,рахунок,RVL-CDIP,,754,1000,104365
rahunok/rahunok_0064.png,рахунок,RVL-CDIP,,754,1000,135253
rahunok/rahunok_0065.png,рахунок,RVL-CDIP,,785,1000,250781
rahunok/rahunok_0066.png,рахунок,RVL-CDIP,,777,1000,325648
rahunok/rahunok_0067.png,рахунок,RVL-CDIP,,772,1000,360898
rahunok/rahunok_0068.png,рахунок,RVL-CDIP,,777,1000,259486
rahunok/rahunok_0069.png,рахунок,RVL-CDIP,,754,1000,328851
rahunok/rahunok_0070.png,рахунок,RVL-CDIP,,813,1000,203505
rahunok/rahunok_0071.png,рахунок,RVL-CDIP,,777,1000,176045
rahunok/rahunok_0072.png,рахунок,RVL-CDIP,,754,1000,157891
rahunok/rahunok_0073.png,рахунок,RVL-CDIP,,777,1000,237808
rahunok/rahunok_0074.png,рахунок,RVL-CDIP,,754,1000,100443
rahunok/rahunok_0075.png,рахунок,RVL-CDIP,,777,1000,146903
rahunok/rahunok_0076.png,рахунок,RVL-CDIP,,754,1000,80362
rahunok/rahunok_0077.png,рахунок,RVL-CDIP,,808,1000,620962
rahunok/rahunok_0078.png,рахунок,RVL-CDIP,,754,1000,198063
rahunok/rahunok_0079.png,рахунок,RVL-CDIP,,777,1000,264365
rahunok/rahunok_0080.png,рахунок,RVL-CDIP,,808,1000,70412
rahunok/rahunok_0081.png,рахунок,RVL-CDIP,,784,1000,268072
rahunok/rahunok_0082.png,рахунок,RVL-CDIP,,777,1000,219509
rahunok/rahunok_0083.png,рахунок,RVL-CDIP,,754,1000,215264
rahunok/rahunok_0084.png,рахунок,RVL-CDIP,,777,1000,236702
rahunok/rahunok_0085.png,рахунок,RVL-CDIP,,790,1000,529747
rahunok/rahunok_0086.png,рахунок,RVL-CDIP,,754,1000,97687
rahunok/rahunok_0087.png,рахунок,RVL-CDIP,,762,1000,125565
rahunok/rahunok_0088.png,рахунок,RVL-CDIP,,754,1000,60244
rahunok/rahunok_0089.png,рахунок,RVL-CDIP,,754,1000,144007
rahunok/rahunok_0090.png,рахунок,RVL-CDIP,,754,1000,152482
rahunok/rahunok_0091.png,рахунок,RVL-CDIP,,754,1000,97523
rahunok/rahunok_0092.png,рахунок,RVL-CDIP,,773,1000,117332
rahunok/rahunok_0093.png,рахунок,RVL-CDIP,,754,1000,143194
rahunok/rahunok_0094.png,рахунок,RVL-CDIP,,777,1000,271811
rahunok/rahunok_0095.png,рахунок,RVL-CDIP,,754,1000,88399
rahunok/rahunok_0096.png,рахунок,RVL-CDIP,,754,1000,217659
rahunok/rahunok_0097.png,рахунок,RVL-CDIP,,754,1000,90391
rahunok/rahunok_0098.png,рахунок,RVL-CDIP,,781,1000,305832
rahunok/rahunok_0099.png,рахунок,RVL-CDIP,,754,1000,156472
rahunok/rahunok_0100.png,рахунок,RVL-CDIP,,754,1000,138926
rahunok/rahunok_0101.png,рахунок,RVL-CDIP,,754,1000,90146
rahunok/rahunok_0102.png,рахунок,RVL-CDIP,,776,1000,123937
rahunok/rahunok_0103.png,рахунок,RVL-CDIP,,754,1000,90680
rahunok/rahunok_0104.png,рахунок,RVL-CDIP,,754,1000,185830
rahunok/rahunok_0105.png,рахунок,RVL-CDIP,,754,1000,349184
rahunok/rahunok_0106.png,рахунок,RVL-CDIP,,754,1000,152207
rahunok/rahunok_0107.png,рахунок,RVL-CDIP,,783,1000,274737
rahunok/rahunok_0108.png,рахунок,RVL-CDIP,,762,1000,153944
rahunok/rahunok_0109.png,рахунок,RVL-CDIP,,754,1000,107580
rahunok/rahunok_0110.png,рахунок,RVL-CDIP,,780,1000,174713
rahunok/rahunok_0111.png,рахунок,RVL-CDIP,,772,1000,280009
rahunok/rahunok_0112.png,рахунок,RVL-CDIP,,762,1000,395026
rahunok/rahunok_0113.png,рахунок,RVL-CDIP,,772,1000,111539
rahunok/rahunok_0114.png,рахунок,RVL-CDIP,,771,1000,270495
rahunok/rahunok_0115.png,рахунок,RVL-CDIP,,762,1000,157206
rahunok/rahunok_0116.png,рахунок,RVL-CDIP,,768,1000,189896
rahunok/rahunok_0117.png,рахунок,RVL-CDIP,,754,1000,144576
rahunok/rahunok_0118.png,рахунок,RVL-CDIP,,777,1000,433260
rahunok/rahunok_0119.png,рахунок,RVL-CDIP,,778,1000,962743
rahunok/rahunok_0120.png,рахунок,RVL-CDIP,,770,1000,137912
rahunok/rahunok_0121.png,рахунок,RVL-CDIP,,777,1000,318660
rahunok/rahunok_0122.png,рахунок,RVL-CDIP,,777,1000,93027
rahunok/rahunok_0123.png,рахунок,RVL-CDIP,,752,1000,192915
rahunok/rahunok_0124.png,рахунок,RVL-CDIP,,776,1000,473875
rahunok/rahunok_0125.png,рахунок,RVL-CDIP,,762,1000,125935
rahunok/rahunok_0126.png,рахунок,RVL-CDIP,,787,1000,251038
rahunok/rahunok_0127.png,рахунок,RVL-CDIP,,772,1000,160842
rahunok/rahunok_0128.png,рахунок,RVL-CDIP,,777,1000,391958
rahunok/rahunok_0129.png,рахунок,RVL-CDIP,,754,1000,207051
rahunok/rahunok_0130.png,рахунок,RVL-CDIP,,762,1000,189419
rahunok/rahunok_0131.png,рахунок,RVL-CDIP,,754,1000,150677
rahunok/rahunok_0132.png,рахунок,RVL-CDIP,,782,1000,113103
rahunok/rahunok_0133.png,рахунок,RVL-CDIP,,777,1000,171896
rahunok/rahunok_0134.png,рахунок,RVL-CDIP,,754,1000,96242
rahunok/rahunok_0135.png,рахунок,RVL-CDIP,,784,1000,664963
rahunok/rahunok_0136.png,рахунок,RVL-CDIP,,766,1000,323010
rahunok/rahunok_0137.png,рахунок,RVL-CDIP,,785,1000,471914
rahunok/rahunok_0138.png,рахунок,RVL-CDIP,,772,1000,153799
rahunok/rahunok_0139.png,рахунок,RVL-CDIP,,762,1000,703130
rahunok/rahunok_0140.png,рахунок,RVL-CDIP,,787,1000,328777
rahunok/rahunok_0141.png,рахунок,RVL-CDIP,,754,1000,74980
rahunok/rahunok_0142.png,рахунок,RVL-CDIP,,803,1000,191349
rahunok/rahunok_0143.png,рахунок,RVL-CDIP,,754,1000,103674
rahunok/rahunok_0144.png,рахунок,RVL-CDIP,,777,1000,244602
rahunok/rahunok_0145.png,рахунок,RVL-CDIP,,754,1000,211247
rahunok/rahunok_0146.png,рахунок,RVL-CDIP,,728,1000,93549
rahunok/rahunok_0147.png,рахунок,RVL-CDIP,,754,1000,631995
rahunok/rahunok_0148.png,рахунок,RVL-CDIP,,754,1000,131236
rahunok/rahunok_0149.png,рахунок,RVL-CDIP,,752,1000,176129
rahunok/rahunok_0150.png,рахунок,RVL-CDIP,,768,1000,162435
rahunok/rahunok_0151.png,рахунок,RVL-CDIP,,772,1000,302946
rahunok/rahunok_0152.png,рахунок,RVL-CDIP,,754,1000,178626
rahunok/rahunok_0153.png,рахунок,RVL-CDIP,,754,1000,350662
rahunok/rahunok_0154.png,рахунок,RVL-CDIP,,754,1000,80109
rahunok/rahunok_0155.png,рахунок,RVL-CDIP,,784,1000,261687
rahunok/rahunok_0156.png,рахунок,RVL-CDIP,,787,1000,211424
rahunok/rahunok_0157.png,рахунок,RVL-CDIP,,754,1000,129429
rahunok/rahunok_0158.png,рахунок,RVL-CDIP,,754,1000,183200
rahunok/rahunok_0159.png,рахунок,RVL-CDIP,,754,1000,131719
rahunok/rahunok_0160.png,рахунок,RVL-CDIP,,754,1000,214034
rahunok/rahunok_0161.png,рахунок,RVL-CDIP,,754,1000,92062
rahunok/rahunok_0162.png,рахунок,RVL-CDIP,,754,1000,199292
rahunok/rahunok_0163.png,рахунок,RVL-CDIP,,770,1000,187152
rahunok/rahunok_0164.png,рахунок,RVL-CDIP,,781,1000,196034
rahunok/rahunok_0165.png,рахунок,RVL-CDIP,,777,1000,158432
rahunok/rahunok_0166.png,рахунок,RVL-CDIP,,754,1000,114438
rahunok/rahunok_0167.png,рахунок,RVL-CDIP,,777,1000,607821
rahunok/rahunok_0168.png,рахунок,RVL-CDIP,,754,1000,301659
rahunok/rahunok_0169.png,рахунок,RVL-CDIP,,808,1000,658569
rahunok/rahunok_0170.png,рахунок,RVL-CDIP,,754,1000,289846
rahunok/rahunok_0171.png,рахунок,RVL-CDIP,,754,1000,142258
rahunok/rahunok_0172.png,рахунок,RVL-CDIP,,807,1000,189335
rahunok/rahunok_0173.png,рахунок,RVL-CDIP,,762,1000,103419
rahunok/rahunok_0174.png,рахунок,RVL-CDIP,,773,1000,118849
rahunok/rahunok_0175.png,рахунок,RVL-CDIP,,777,1000,171492
rahunok/rahunok_0176.png,рахунок,RVL-CDIP,,754,1000,112686
rahunok/rahunok_0177.png,рахунок,RVL-CDIP,,770,1000,119838
rahunok/rahunok_0178.png,рахунок,RVL-CDIP,,754,1000,267595
rahunok/rahunok_0179.png,рахунок,RVL-CDIP,,754,1000,205158
rahunok/rahunok_0180.png,рахунок,RVL-CDIP,,754,1000,109355
rahunok/rahunok_0181.png,рахунок,RVL-CDIP,,777,1000,323053
rahunok/rahunok_0182.png,рахунок,RVL-CDIP,,754,1000,400182
rahunok/rahunok_0183.png,рахунок,RVL-CDIP,,754,1000,115562
rahunok/rahunok_0184.png,рахунок,RVL-CDIP,,754,1000,309323
rahunok/rahunok_0185.png,рахунок,RVL-CDIP,,752,1000,203489
rahunok/rahunok_0186.png,рахунок,RVL-CDIP,,767,1000,169408
rahunok/rahunok_0187.png,рахунок,RVL-CDIP,,754,1000,176825
rahunok/rahunok_0188.png,рахунок,RVL-CDIP,,762,1000,147951
lyst/lyst_0000.png,лист,RVL-CDIP,,762,1000,122757
lyst/lyst_0001.png,лист,RVL-CDIP,,777,1000,687080
lyst/lyst_0002.png,лист,RVL-CDIP,,783,1000,93820
lyst/lyst_0003.png,лист,RVL-CDIP,,754,1000,85674
lyst/lyst_0004.png,лист,RVL-CDIP,,803,1000,237318
lyst/lyst_0005.png,лист,RVL-CDIP,,754,1000,128987
lyst/lyst_0006.png,лист,RVL-CDIP,,778,1000,284296
lyst/lyst_0007.png,лист,RVL-CDIP,,754,1000,123184
lyst/lyst_0008.png,лист,RVL-CDIP,,777,1000,124616
lyst/lyst_0009.png,лист,RVL-CDIP,,754,1000,148590
lyst/lyst_0010.png,лист,RVL-CDIP,,778,1000,482455
lyst/lyst_0011.png,лист,RVL-CDIP,,754,1000,85828
lyst/lyst_0012.png,лист,RVL-CDIP,,754,1000,164917
lyst/lyst_0013.png,лист,RVL-CDIP,,770,1000,294907
lyst/lyst_0014.png,лист,RVL-CDIP,,777,1000,241243
lyst/lyst_0015.png,лист,RVL-CDIP,,754,1000,114452
lyst/lyst_0016.png,лист,RVL-CDIP,,754,1000,147033
lyst/lyst_0017.png,лист,RVL-CDIP,,784,1000,152940
lyst/lyst_0018.png,лист,RVL-CDIP,,788,1000,119394
lyst/lyst_0019.png,лист,RVL-CDIP,,754,1000,165645
lyst/lyst_0020.png,лист,RVL-CDIP,,754,1000,126947
lyst/lyst_0021.png,лист,RVL-CDIP,,762,1000,176635
lyst/lyst_0022.png,лист,RVL-CDIP,,774,1000,141022
lyst/lyst_0023.png,лист,RVL-CDIP,,754,1000,57382
lyst/lyst_0024.png,лист,RVL-CDIP,,780,1000,21510
lyst/lyst_0025.png,лист,RVL-CDIP,,781,1000,286598
lyst/lyst_0026.png,лист,RVL-CDIP,,754,1000,131469
lyst/lyst_0027.png,лист,RVL-CDIP,,754,1000,221097
lyst/lyst_0028.png,лист,RVL-CDIP,,762,1000,106890
lyst/lyst_0029.png,лист,RVL-CDIP,,754,1000,163420
lyst/lyst_0030.png,лист,RVL-CDIP,,777,1000,80098
lyst/lyst_0031.png,лист,RVL-CDIP,,754,1000,136001
lyst/lyst_0032.png,лист,RVL-CDIP,,811,1000,275713
lyst/lyst_0033.png,лист,RVL-CDIP,,754,1000,221144
lyst/lyst_0034.png,лист,RVL-CDIP,,786,1000,377084
lyst/lyst_0035.png,лист,RVL-CDIP,,754,1000,239520
lyst/lyst_0036.png,лист,RVL-CDIP,,772,1000,234945
lyst/lyst_0037.png,лист,RVL-CDIP,,762,1000,288861
lyst/lyst_0038.png,лист,RVL-CDIP,,778,1000,115573
lyst/lyst_0039.png,лист,RVL-CDIP,,790,1000,331436
lyst/lyst_0040.png,лист,RVL-CDIP,,768,1000,193023
lyst/lyst_0041.png,лист,RVL-CDIP,,774,1000,306114
lyst/lyst_0042.png,лист,RVL-CDIP,,792,1000,191812
lyst/lyst_0043.png,лист,RVL-CDIP,,785,1000,215660
lyst/lyst_0044.png,лист,RVL-CDIP,,772,1000,143810
lyst/lyst_0045.png,лист,RVL-CDIP,,754,1000,68912
lyst/lyst_0046.png,лист,RVL-CDIP,,754,1000,206477
lyst/lyst_0047.png,лист,RVL-CDIP,,754,1000,263398
lyst/lyst_0048.png,лист,RVL-CDIP,,772,1000,154358
lyst/lyst_0049.png,лист,RVL-CDIP,,754,1000,362303
lyst/lyst_0050.png,лист,RVL-CDIP,,772,1000,240944
lyst/lyst_0051.png,лист,RVL-CDIP,,771,1000,254981
lyst/lyst_0052.png,лист,RVL-CDIP,,754,1000,165401
lyst/lyst_0053.png,лист,RVL-CDIP,,762,1000,81165
lyst/lyst_0054.png,лист,RVL-CDIP,,754,1000,196483
lyst/lyst_0055.png,лист,RVL-CDIP,,754,1000,203518
lyst/lyst_0056.png,лист,RVL-CDIP,,754,1000,184687
lyst/lyst_0057.png,лист,RVL-CDIP,,754,1000,204129
lyst/lyst_0058.png,лист,RVL-CDIP,,787,1000,204928
lyst/lyst_0059.png,лист,RVL-CDIP,,762,1000,977874
lyst/lyst_0060.png,лист,RVL-CDIP,,754,1000,152671
lyst/lyst_0061.png,лист,RVL-CDIP,,754,1000,198086
lyst/lyst_0062.png,лист,RVL-CDIP,,784,1000,306341
lyst/lyst_0063.png,лист,RVL-CDIP,,780,1000,223938
lyst/lyst_0064.png,лист,RVL-CDIP,,754,1000,241506
lyst/lyst_0065.png,лист,RVL-CDIP,,754,1000,189233
lyst/lyst_0066.png,лист,RVL-CDIP,,754,1000,115807
lyst/lyst_0067.png,лист,RVL-CDIP,,754,1000,68409
lyst/lyst_0068.png,лист,RVL-CDIP,,772,1000,319292
lyst/lyst_0069.png,лист,RVL-CDIP,,777,1000,313407
lyst/lyst_0070.png,лист,RVL-CDIP,,771,1000,164209
lyst/lyst_0071.png,лист,RVL-CDIP,,777,1000,622333
lyst/lyst_0072.png,лист,RVL-CDIP,,754,1000,138043
lyst/lyst_0073.png,лист,RVL-CDIP,,754,1000,122593
lyst/lyst_0074.png,лист,RVL-CDIP,,754,1000,106824
lyst/lyst_0075.png,лист,RVL-CDIP,,754,1000,160916
lyst/lyst_0076.png,лист,RVL-CDIP,,754,1000,102754
lyst/lyst_0077.png,лист,RVL-CDIP,,771,1000,133774
lyst/lyst_0078.png,лист,RVL-CDIP,,762,1000,325206
lyst/lyst_0079.png,лист,RVL-CDIP,,772,1000,77195
lyst/lyst_0080.png,лист,RVL-CDIP,,777,1000,120425
lyst/lyst_0081.png,лист,RVL-CDIP,,762,1000,62054
lyst/lyst_0082.png,лист,RVL-CDIP,,762,1000,48600
lyst/lyst_0083.png,лист,RVL-CDIP,,777,1000,178419
lyst/lyst_0084.png,лист,RVL-CDIP,,788,1000,261993
lyst/lyst_0085.png,лист,RVL-CDIP,,810,1000,235596
lyst/lyst_0086.png,лист,RVL-CDIP,,785,1000,155020
lyst/lyst_0087.png,лист,RVL-CDIP,,777,1000,112614
lyst/lyst_0088.png,лист,RVL-CDIP,,754,1000,28647
lyst/lyst_0089.png,лист,RVL-CDIP,,767,1000,318255
lyst/lyst_0090.png,лист,RVL-CDIP,,754,1000,119170
lyst/lyst_0091.png,лист,RVL-CDIP,,777,1000,211560
lyst/lyst_0092.png,лист,RVL-CDIP,,798,1000,117663
lyst/lyst_0093.png,лист,RVL-CDIP,,762,1000,94646
lyst/lyst_0094.png,лист,RVL-CDIP,,754,1000,262328
lyst/lyst_0095.png,лист,RVL-CDIP,,771,1000,200932
lyst/lyst_0096.png,лист,RVL-CDIP,,754,1000,170688
lyst/lyst_0097.png,лист,RVL-CDIP,,772,1000,394353
lyst/lyst_0098.png,лист,RVL-CDIP,,805,1000,269510
lyst/lyst_0099.png,лист,RVL-CDIP,,762,1000,45937
lyst/lyst_0100.png,лист,RVL-CDIP,,762,1000,214490
lyst/lyst_0101.png,лист,RVL-CDIP,,781,1000,248356
lyst/lyst_0102.png,лист,RVL-CDIP,,754,1000,224239
lyst/lyst_0103.png,лист,RVL-CDIP,,762,1000,89553
lyst/lyst_0104.png,лист,RVL-CDIP,,767,1000,251856
lyst/lyst_0105.png,лист,RVL-CDIP,,754,1000,154110
lyst/lyst_0106.png,лист,RVL-CDIP,,749,1000,179580
lyst/lyst_0107.png,лист,RVL-CDIP,,784,1000,237547
lyst/lyst_0108.png,лист,RVL-CDIP,,802,1000,427832
lyst/lyst_0109.png,лист,RVL-CDIP,,802,1000,193629
lyst/lyst_0110.png,лист,RVL-CDIP,,754,1000,297818
lyst/lyst_0111.png,лист,RVL-CDIP,,771,1000,147003
lyst/lyst_0112.png,лист,RVL-CDIP,,754,1000,157886
lyst/lyst_0113.png,лист,RVL-CDIP,,771,1000,253678
lyst/lyst_0114.png,лист,RVL-CDIP,,762,1000,260206
lyst/lyst_0115.png,лист,RVL-CDIP,,762,1000,209878
lyst/lyst_0116.png,лист,RVL-CDIP,,806,1000,152883
lyst/lyst_0117.png,лист,RVL-CDIP,,774,1000,119729
lyst/lyst_0118.png,лист,RVL-CDIP,,754,1000,252142
lyst/lyst_0119.png,лист,RVL-CDIP,,762,1000,177814
lyst/lyst_0120.png,лист,RVL-CDIP,,754,1000,193729
lyst/lyst_0121.png,лист,RVL-CDIP,,754,1000,110442
lyst/lyst_0122.png,лист,RVL-CDIP,,777,1000,225329
lyst/lyst_0123.png,лист,RVL-CDIP,,777,1000,112973
lyst/lyst_0124.png,лист,RVL-CDIP,,754,1000,204216
lyst/lyst_0125.png,лист,RVL-CDIP,,772,1000,203407
lyst/lyst_0126.png,лист,RVL-CDIP,,754,1000,146659
lyst/lyst_0127.png,лист,RVL-CDIP,,754,1000,139670
lyst/lyst_0128.png,лист,RVL-CDIP,,800,1000,347485
lyst/lyst_0129.png,лист,RVL-CDIP,,780,1000,482433
lyst/lyst_0130.png,лист,RVL-CDIP,,767,1000,80301
lyst/lyst_0131.png,лист,RVL-CDIP,,759,1000,287168
lyst/lyst_0132.png,лист,RVL-CDIP,,777,1000,81171
lyst/lyst_0133.png,лист,RVL-CDIP,,788,1000,192466
lyst/lyst_0134.png,лист,RVL-CDIP,,754,1000,153681
lyst/lyst_0135.png,лист,RVL-CDIP,,762,1000,168215
lyst/lyst_0136.png,лист,RVL-CDIP,,762,1000,718607
lyst/lyst_0137.png,лист,RVL-CDIP,,754,1000,202481
lyst/lyst_0138.png,лист,RVL-CDIP,,779,1000,343587
lyst/lyst_0139.png,лист,RVL-CDIP,,777,1000,131611
lyst/lyst_0140.png,лист,RVL-CDIP,,777,1000,228723
lyst/lyst_0141.png,лист,RVL-CDIP,,774,1000,247528
lyst/lyst_0142.png,лист,RVL-CDIP,,754,1000,157110
lyst/lyst_0143.png,лист,RVL-CDIP,,754,1000,298422
lyst/lyst_0144.png,лист,RVL-CDIP,,780,1000,294028
lyst/lyst_0145.png,лист,RVL-CDIP,,754,1000,117941
lyst/lyst_0146.png,лист,RVL-CDIP,,762,1000,233155
lyst/lyst_0147.png,лист,RVL-CDIP,,801,1000,205542
lyst/lyst_0148.png,лист,RVL-CDIP,,802,1000,190925
lyst/lyst_0149.png,лист,RVL-CDIP,,752,1000,104035
lyst/lyst_0150.png,лист,RVL-CDIP,,793,1000,93410
lyst/lyst_0151.png,лист,RVL-CDIP,,783,1000,335299
lyst/lyst_0152.png,лист,RVL-CDIP,,754,1000,101759
lyst/lyst_0153.png,лист,RVL-CDIP,,802,1000,228303
lyst/lyst_0154.png,лист,RVL-CDIP,,762,1000,54371
lyst/lyst_0155.png,лист,RVL-CDIP,,754,1000,225077
lyst/lyst_0156.png,лист,RVL-CDIP,,754,1000,184062
lyst/lyst_0157.png,лист,RVL-CDIP,,779,1000,308805
lyst/lyst_0158.png,лист,RVL-CDIP,,806,1000,112760
lyst/lyst_0159.png,лист,RVL-CDIP,,777,1000,1472886
lyst/lyst_0160.png,лист,RVL-CDIP,,754,1000,218348
lyst/lyst_0161.png,лист,RVL-CDIP,,762,1000,199659
lyst/lyst_0162.png,лист,RVL-CDIP,,762,1000,71289
lyst/lyst_0163.png,лист,RVL-CDIP,,773,1000,112463
lyst/lyst_0164.png,лист,RVL-CDIP,,777,1000,221964
lyst/lyst_0165.png,лист,RVL-CDIP,,781,1000,283791
lyst/lyst_0166.png,лист,RVL-CDIP,,754,1000,285679
lyst/lyst_0167.png,лист,RVL-CDIP,,769,1000,207790
lyst/lyst_0168.png,лист,RVL-CDIP,,762,1000,153867
lyst/lyst_0169.png,лист,RVL-CDIP,,754,1000,103503
lyst/lyst_0170.png,лист,RVL-CDIP,,762,1000,311764
lyst/lyst_0171.png,лист,RVL-CDIP,,762,1000,239143
lyst/lyst_0172.png,лист,RVL-CDIP,,787,1000,157604
lyst/lyst_0173.png,лист,RVL-CDIP,,762,1000,162566
lyst/lyst_0174.png,лист,RVL-CDIP,,762,1000,196131
lyst/lyst_0175.png,лист,RVL-CDIP,,777,1000,148427
lyst/lyst_0176.png,лист,RVL-CDIP,,779,1000,323248
lyst/lyst_0177.png,лист,RVL-CDIP,,754,1000,210505
lyst/lyst_0178.png,лист,RVL-CDIP,,762,1000,128930
lyst/lyst_0179.png,лист,RVL-CDIP,,801,1000,314041
lyst/lyst_0180.png,лист,RVL-CDIP,,754,1000,132760
lyst/lyst_0181.png,лист,RVL-CDIP,,771,1000,133954
lyst/lyst_0182.png,лист,RVL-CDIP,,754,1000,157533
lyst/lyst_0183.png,лист,RVL-CDIP,,754,1000,209282
lyst/lyst_0184.png,лист,RVL-CDIP,,817,1000,315960
lyst/lyst_0185.png,лист,RVL-CDIP,,792,1000,236548
lyst/lyst_0186.png,лист,RVL-CDIP,,754,1000,58085
lyst/lyst_0187.png,лист,RVL-CDIP,,754,1000,285894
lyst/lyst_0188.png,лист,RVL-CDIP,,754,1000,122993
lyst/lyst_0189.png,лист,RVL-CDIP,,754,1000,169701
lyst/lyst_0190.png,лист,RVL-CDIP,,754,1000,153663
lyst/lyst_0191.png,лист,RVL-CDIP,,762,1000,161042
lyst/lyst_0192.png,лист,RVL-CDIP,,754,1000,201542
lyst/lyst_0193.png,лист,RVL-CDIP,,777,1000,464105
lyst/lyst_0194.png,лист,RVL-CDIP,,767,1000,93095
lyst/lyst_0195.png,лист,RVL-CDIP,,766,1000,216397
lyst/lyst_0196.png,лист,RVL-CDIP,,774,1000,112639
lyst/lyst_0197.png,лист,RVL-CDIP,,754,1000,273833
lyst/lyst_0198.png,лист,RVL-CDIP,,754,1000,214413
lyst/lyst_0199.png,лист,RVL-CDIP,,754,1000,273003
lyst/lyst_0200.png,лист,RVL-CDIP,,767,1000,148918
lyst/lyst_0201.png,лист,RVL-CDIP,,777,1000,190711
lyst/lyst_0202.png,лист,RVL-CDIP,,754,1000,182765
lyst/lyst_0203.png,лист,RVL-CDIP,,754,1000,143820
lyst/lyst_0204.png,лист,RVL-CDIP,,754,1000,256239
lyst/lyst_0205.png,лист,RVL-CDIP,,754,1000,229742
lyst/lyst_0206.png,лист,RVL-CDIP,,778,1000,303912
lyst/lyst_0207.png,лист,RVL-CDIP,,754,1000,149521
lyst/lyst_0208.png,лист,RVL-CDIP,,754,1000,116444
lyst/lyst_0209.png,лист,RVL-CDIP,,754,1000,159333
lyst/lyst_0210.png,лист,RVL-CDIP,,764,1000,198631
lyst/lyst_0211.png,лист,RVL-CDIP,,777,1000,194584
lyst/lyst_0212.png,лист,RVL-CDIP,,781,1000,181344
lyst/lyst_0213.png,лист,RVL-CDIP,,754,1000,80161
lyst/lyst_0214.png,лист,RVL-CDIP,,844,1000,171814
lyst/lyst_0215.png,лист,RVL-CDIP,,762,1000,99963
lyst/lyst_0216.png,лист,RVL-CDIP,,782,1000,149010
lyst/lyst_0217.png,лист,RVL-CDIP,,754,1000,145394
lyst/lyst_0218.png,лист,RVL-CDIP,,754,1000,99716
lyst/lyst_0219.png,лист,RVL-CDIP,,762,1000,146055
form/form_0000.png,форма,RVL-CDIP,,754,1000,278131
form/form_0001.png,форма,RVL-CDIP,,777,1000,143432
form/form_0002.png,форма,RVL-CDIP,,762,1000,359297
form/form_0003.png,форма,RVL-CDIP,,777,1000,766111
form/form_0004.png,форма,RVL-CDIP,,778,1000,121163
form/form_0005.png,форма,RVL-CDIP,,762,1000,145135
form/form_0006.png,форма,RVL-CDIP,,754,1000,252398
form/form_0007.png,форма,RVL-CDIP,,754,1000,95337
form/form_0008.png,форма,RVL-CDIP,,774,1000,158790
form/form_0009.png,форма,RVL-CDIP,,768,1000,371366
form/form_0010.png,форма,RVL-CDIP,,777,1000,170761
form/form_0011.png,форма,RVL-CDIP,,754,1000,124591
form/form_0012.png,форма,RVL-CDIP,,754,1000,136005
form/form_0013.png,форма,RVL-CDIP,,778,1000,178159
form/form_0014.png,форма,RVL-CDIP,,754,1000,166035
form/form_0015.png,форма,RVL-CDIP,,754,1000,99721
form/form_0016.png,форма,RVL-CDIP,,777,1000,116164
form/form_0017.png,форма,RVL-CDIP,,812,1000,260862
form/form_0018.png,форма,RVL-CDIP,,788,1000,93052
form/form_0019.png,форма,RVL-CDIP,,777,1000,314460
form/form_0020.png,форма,RVL-CDIP,,754,1000,253163
form/form_0021.png,форма,RVL-CDIP,,754,1000,18572
form/form_0022.png,форма,RVL-CDIP,,754,1000,198072
form/form_0023.png,форма,RVL-CDIP,,754,1000,71562
form/form_0024.png,форма,RVL-CDIP,,754,1000,198018
form/form_0025.png,форма,RVL-CDIP,,754,1000,145335
form/form_0026.png,форма,RVL-CDIP,,754,1000,143337
form/form_0027.png,форма,RVL-CDIP,,767,1000,150098
form/form_0028.png,форма,RVL-CDIP,,789,1000,374719
form/form_0029.png,форма,RVL-CDIP,,778,1000,188645
form/form_0030.png,форма,RVL-CDIP,,754,1000,231743
form/form_0031.png,форма,RVL-CDIP,,754,1000,279839
form/form_0032.png,форма,RVL-CDIP,,754,1000,228974
form/form_0033.png,форма,RVL-CDIP,,754,1000,160031
form/form_0034.png,форма,RVL-CDIP,,754,1000,176569
form/form_0035.png,форма,RVL-CDIP,,754,1000,168933
form/form_0036.png,форма,RVL-CDIP,,754,1000,147653
form/form_0037.png,форма,RVL-CDIP,,754,1000,318029
form/form_0038.png,форма,RVL-CDIP,,754,1000,333626
form/form_0039.png,форма,RVL-CDIP,,774,1000,238612
form/form_0040.png,форма,RVL-CDIP,,754,1000,223919
form/form_0041.png,форма,RVL-CDIP,,802,1000,162955
form/form_0042.png,форма,RVL-CDIP,,755,1000,210762
form/form_0043.png,форма,RVL-CDIP,,777,1000,102281
form/form_0044.png,форма,RVL-CDIP,,777,1000,295345
form/form_0045.png,форма,RVL-CDIP,,754,1000,211543
form/form_0046.png,форма,RVL-CDIP,,780,1000,229912
form/form_0047.png,форма,RVL-CDIP,,777,1000,130280
form/form_0048.png,форма,RVL-CDIP,,787,1000,333985
form/form_0049.png,форма,RVL-CDIP,,778,1000,154110
form/form_0050.png,форма,RVL-CDIP,,754,1000,182934
form/form_0051.png,форма,RVL-CDIP,,754,1000,119115
form/form_0052.png,форма,RVL-CDIP,,754,1000,169422
form/form_0053.png,форма,RVL-CDIP,,754,1000,69965
form/form_0054.png,форма,RVL-CDIP,,754,1000,129889
form/form_0055.png,форма,RVL-CDIP,,777,1000,214007
form/form_0056.png,форма,RVL-CDIP,,754,1000,135798
form/form_0057.png,форма,RVL-CDIP,,754,1000,137489
form/form_0058.png,форма,RVL-CDIP,,762,1000,87906
form/form_0059.png,форма,RVL-CDIP,,754,1000,351144
form/form_0060.png,форма,RVL-CDIP,,790,1000,332201
form/form_0061.png,форма,RVL-CDIP,,802,1000,245562
form/form_0062.png,форма,RVL-CDIP,,754,1000,273993
form/form_0063.png,форма,RVL-CDIP,,754,1000,441779
form/form_0064.png,форма,RVL-CDIP,,754,1000,90346
form/form_0065.png,форма,RVL-CDIP,,786,1000,91115
form/form_0066.png,форма,RVL-CDIP,,762,1000,394091
form/form_0067.png,форма,RVL-CDIP,,786,1000,250563
form/form_0068.png,форма,RVL-CDIP,,754,1000,111882
form/form_0069.png,форма,RVL-CDIP,,754,1000,187536
form/form_0070.png,форма,RVL-CDIP,,754,1000,174176
form/form_0071.png,форма,RVL-CDIP,,795,1000,248592
form/form_0072.png,форма,RVL-CDIP,,754,1000,104625
form/form_0073.png,форма,RVL-CDIP,,754,1000,444825
form/form_0074.png,форма,RVL-CDIP,,754,1000,158157
form/form_0075.png,форма,RVL-CDIP,,754,1000,143392
form/form_0076.png,форма,RVL-CDIP,,754,1000,149815
form/form_0077.png,форма,RVL-CDIP,,777,1000,144699
form/form_0078.png,форма,RVL-CDIP,,777,1000,164867
form/form_0079.png,форма,RVL-CDIP,,773,1000,207696
form/form_0080.png,форма,RVL-CDIP,,762,1000,142836
form/form_0081.png,форма,RVL-CDIP,,781,1000,230047
form/form_0082.png,форма,RVL-CDIP,,772,1000,244962
form/form_0083.png,форма,RVL-CDIP,,754,1000,225617
form/form_0084.png,форма,RVL-CDIP,,787,1000,205803
form/form_0085.png,форма,RVL-CDIP,,792,1000,348197
form/form_0086.png,форма,RVL-CDIP,,754,1000,206810
form/form_0087.png,форма,RVL-CDIP,,754,1000,56472
form/form_0088.png,форма,RVL-CDIP,,754,1000,205962
form/form_0089.png,форма,RVL-CDIP,,779,1000,366809
form/form_0090.png,форма,RVL-CDIP,,796,1000,436518
form/form_0091.png,форма,RVL-CDIP,,754,1000,251137
form/form_0092.png,форма,RVL-CDIP,,754,1000,222348
form/form_0093.png,форма,RVL-CDIP,,772,1000,300856
form/form_0094.png,форма,RVL-CDIP,,779,1000,333793
form/form_0095.png,форма,RVL-CDIP,,754,1000,177410
form/form_0096.png,форма,RVL-CDIP,,802,1000,251999
form/form_0097.png,форма,RVL-CDIP,,771,1000,187342
form/form_0098.png,форма,RVL-CDIP,,754,1000,108920
form/form_0099.png,форма,RVL-CDIP,,754,1000,134403
form/form_0100.png,форма,RVL-CDIP,,754,1000,158821
form/form_0101.png,форма,RVL-CDIP,,754,1000,234617
form/form_0102.png,форма,RVL-CDIP,,754,1000,148985
form/form_0103.png,форма,RVL-CDIP,,777,1000,337302
form/form_0104.png,форма,RVL-CDIP,,771,1000,165557
form/form_0105.png,форма,RVL-CDIP,,754,1000,123279
form/form_0106.png,форма,RVL-CDIP,,754,1000,126306
form/form_0107.png,форма,RVL-CDIP,,754,1000,179513
form/form_0108.png,форма,RVL-CDIP,,778,1000,92653
form/form_0109.png,форма,RVL-CDIP,,754,1000,341171
form/form_0110.png,форма,RVL-CDIP,,762,1000,165161
form/form_0111.png,форма,RVL-CDIP,,785,1000,419700
form/form_0112.png,форма,RVL-CDIP,,777,1000,1244206
form/form_0113.png,форма,RVL-CDIP,,777,1000,502045
form/form_0114.png,форма,RVL-CDIP,,778,1000,178755
form/form_0115.png,форма,RVL-CDIP,,754,1000,125268
form/form_0116.png,форма,RVL-CDIP,,754,1000,438757
form/form_0117.png,форма,RVL-CDIP,,754,1000,141894
form/form_0118.png,форма,RVL-CDIP,,754,1000,166756
form/form_0119.png,форма,RVL-CDIP,,754,1000,87632
form/form_0120.png,форма,RVL-CDIP,,754,1000,144436
form/form_0121.png,форма,RVL-CDIP,,771,1000,109614
form/form_0122.png,форма,RVL-CDIP,,790,1000,409424
form/form_0123.png,форма,RVL-CDIP,,786,1000,292164
form/form_0124.png,форма,RVL-CDIP,,754,1000,86580
form/form_0125.png,форма,RVL-CDIP,,754,1000,151080
form/form_0126.png,форма,RVL-CDIP,,754,1000,191609
form/form_0127.png,форма,RVL-CDIP,,754,1000,198092
form/form_0128.png,форма,RVL-CDIP,,777,1000,185727
form/form_0129.png,форма,RVL-CDIP,,754,1000,105339
form/form_0130.png,форма,RVL-CDIP,,754,1000,173411
form/form_0131.png,форма,RVL-CDIP,,754,1000,146158
form/form_0132.png,форма,RVL-CDIP,,754,1000,167109
form/form_0133.png,форма,RVL-CDIP,,787,1000,168789
form/form_0134.png,форма,RVL-CDIP,,777,1000,689774
form/form_0135.png,форма,RVL-CDIP,,802,1000,348631
form/form_0136.png,форма,RVL-CDIP,,766,1000,292775
form/form_0137.png,форма,RVL-CDIP,,782,1000,155492
form/form_0138.png,форма,RVL-CDIP,,754,1000,119228
form/form_0139.png,форма,RVL-CDIP,,754,1000,243890
form/form_0140.png,форма,RVL-CDIP,,754,1000,136668
form/form_0141.png,форма,RVL-CDIP,,754,1000,233892
form/form_0142.png,форма,RVL-CDIP,,754,1000,81328
form/form_0143.png,форма,RVL-CDIP,,754,1000,385814
form/form_0144.png,форма,RVL-CDIP,,774,1000,163269
form/form_0145.png,форма,RVL-CDIP,,754,1000,185123
form/form_0146.png,форма,RVL-CDIP,,777,1000,467382
form/form_0147.png,форма,RVL-CDIP,,777,1000,148359
form/form_0148.png,форма,RVL-CDIP,,781,1000,251108
form/form_0149.png,форма,RVL-CDIP,,754,1000,138278
form/form_0150.png,форма,RVL-CDIP,,777,1000,141024
form/form_0151.png,форма,RVL-CDIP,,754,1000,177825
form/form_0152.png,форма,RVL-CDIP,,754,1000,208908
form/form_0153.png,форма,RVL-CDIP,,782,1000,173743
form/form_0154.png,форма,RVL-CDIP,,754,1000,272882
form/form_0155.png,форма,RVL-CDIP,,754,1000,143597
form/form_0156.png,форма,RVL-CDIP,,771,1000,170920
form/form_0157.png,форма,RVL-CDIP,,754,1000,84531
form/form_0158.png,форма,RVL-CDIP,,777,1000,209473
form/form_0159.png,форма,RVL-CDIP,,754,1000,143710
form/form_0160.png,форма,RVL-CDIP,,754,1000,194395
form/form_0161.png,форма,RVL-CDIP,,762,1000,407286
form/form_0162.png,форма,RVL-CDIP,,754,1000,251076
form/form_0163.png,форма,RVL-CDIP,,840,1000,158760
form/form_0164.png,форма,RVL-CDIP,,754,1000,121093
form/form_0165.png,форма,RVL-CDIP,,754,1000,223367
form/form_0166.png,форма,RVL-CDIP,,762,1000,146314
form/form_0167.png,форма,RVL-CDIP,,754,1000,405998
form/form_0168.png,форма,RVL-CDIP,,760,1000,667303
form/form_0169.png,форма,RVL-CDIP,,802,1000,246719
form/form_0170.png,форма,RVL-CDIP,,754,1000,530420
form/form_0171.png,форма,RVL-CDIP,,754,1000,129651
form/form_0172.png,форма,RVL-CDIP,,770,1000,271275
form/form_0173.png,форма,RVL-CDIP,,777,1000,48284
form/form_0174.png,форма,RVL-CDIP,,782,1000,353183
form/form_0175.png,форма,RVL-CDIP,,790,1000,231945
form/form_0176.png,форма,RVL-CDIP,,754,1000,166570
form/form_0177.png,форма,RVL-CDIP,,754,1000,275672
form/form_0178.png,форма,RVL-CDIP,,786,1000,307865
form/form_0179.png,форма,RVL-CDIP,,777,1000,258652
form/form_0180.png,форма,RVL-CDIP,,754,1000,218985
form/form_0181.png,форма,RVL-CDIP,,754,1000,136171
form/form_0182.png,форма,RVL-CDIP,,762,1000,193215
form/form_0183.png,форма,RVL-CDIP,,754,1000,174785
form/form_0184.png,форма,RVL-CDIP,,779,1000,273407
form/form_0185.png,форма,RVL-CDIP,,754,1000,77052
form/form_0186.png,форма,RVL-CDIP,,762,1000,113367
form/form_0187.png,форма,RVL-CDIP,,754,1000,95262
form/form_0188.png,форма,RVL-CDIP,,754,1000,356530
form/form_0189.png,форма,RVL-CDIP,,789,1000,136341
email/email_0000.png,email,RVL-CDIP,,754,1000,32080
email/email_0001.png,email,RVL-CDIP,,754,1000,32560
email/email_0002.png,email,RVL-CDIP,,754,1000,119209
email/email_0003.png,email,RVL-CDIP,,754,1000,88353
email/email_0004.png,email,RVL-CDIP,,754,1000,224415
email/email_0005.png,email,RVL-CDIP,,754,1000,101318
email/email_0006.png,email,RVL-CDIP,,754,1000,51744
email/email_0007.png,email,RVL-CDIP,,754,1000,170719
email/email_0008.png,email,RVL-CDIP,,754,1000,44948
email/email_0009.png,email,RVL-CDIP,,754,1000,79180
email/email_0010.png,email,RVL-CDIP,,754,1000,171729
email/email_0011.png,email,RVL-CDIP,,802,1000,53306
email/email_0012.png,email,RVL-CDIP,,754,1000,31908
email/email_0013.png,email,RVL-CDIP,,754,1000,38282
email/email_0014.png,email,RVL-CDIP,,754,1000,181726
email/email_0015.png,email,RVL-CDIP,,754,1000,25394
email/email_0016.png,email,RVL-CDIP,,802,1000,95961
email/email_0017.png,email,RVL-CDIP,,802,1000,52427
email/email_0018.png,email,RVL-CDIP,,754,1000,128368
email/email_0019.png,email,RVL-CDIP,,754,1000,69116
email/email_0020.png,email,RVL-CDIP,,754,1000,33554
email/email_0021.png,email,RVL-CDIP,,754,1000,179905
email/email_0022.png,email,RVL-CDIP,,754,1000,66473
email/email_0023.png,email,RVL-CDIP,,754,1000,102676
email/email_0024.png,email,RVL-CDIP,,754,1000,28958
email/email_0025.png,email,RVL-CDIP,,754,1000,69680
email/email_0026.png,email,RVL-CDIP,,754,1000,40069
email/email_0027.png,email,RVL-CDIP,,754,1000,30822
email/email_0028.png,email,RVL-CDIP,,754,1000,53347
email/email_0029.png,email,RVL-CDIP,,754,1000,196858
email/email_0030.png,email,RVL-CDIP,,754,1000,44152
email/email_0031.png,email,RVL-CDIP,,754,1000,70160
email/email_0032.png,email,RVL-CDIP,,754,1000,69645
email/email_0033.png,email,RVL-CDIP,,754,1000,209841
email/email_0034.png,email,RVL-CDIP,,754,1000,46202
email/email_0035.png,email,RVL-CDIP,,754,1000,30946
email/email_0036.png,email,RVL-CDIP,,754,1000,35416
email/email_0037.png,email,RVL-CDIP,,802,1000,252089
email/email_0038.png,email,RVL-CDIP,,754,1000,124554
email/email_0039.png,email,RVL-CDIP,,754,1000,171831
email/email_0040.png,email,RVL-CDIP,,754,1000,35873
email/email_0041.png,email,RVL-CDIP,,754,1000,132526
email/email_0042.png,email,RVL-CDIP,,754,1000,170243
email/email_0043.png,email,RVL-CDIP,,754,1000,34676
email/email_0044.png,email,RVL-CDIP,,754,1000,38972
email/email_0045.png,email,RVL-CDIP,,754,1000,295826
email/email_0046.png,email,RVL-CDIP,,754,1000,282653
email/email_0047.png,email,RVL-CDIP,,754,1000,103737
email/email_0048.png,email,RVL-CDIP,,754,1000,117244
email/email_0049.png,email,RVL-CDIP,,754,1000,26752
email/email_0050.png,email,RVL-CDIP,,754,1000,42576
email/email_0051.png,email,RVL-CDIP,,754,1000,40772
email/email_0052.png,email,RVL-CDIP,,754,1000,37060
email/email_0053.png,email,RVL-CDIP,,754,1000,260558
email/email_0054.png,email,RVL-CDIP,,754,1000,40291
email/email_0055.png,email,RVL-CDIP,,754,1000,11646
email/email_0056.png,email,RVL-CDIP,,754,1000,41612
email/email_0057.png,email,RVL-CDIP,,754,1000,44751
email/email_0058.png,email,RVL-CDIP,,802,1000,26140
email/email_0059.png,email,RVL-CDIP,,754,1000,275461
email/email_0060.png,email,RVL-CDIP,,754,1000,28750
email/email_0061.png,email,RVL-CDIP,,754,1000,124037
email/email_0062.png,email,RVL-CDIP,,754,1000,60259
email/email_0063.png,email,RVL-CDIP,,754,1000,154209
email/email_0064.png,email,RVL-CDIP,,754,1000,156121
email/email_0065.png,email,RVL-CDIP,,754,1000,74743
email/email_0066.png,email,RVL-CDIP,,754,1000,56225
email/email_0067.png,email,RVL-CDIP,,754,1000,145049
email/email_0068.png,email,RVL-CDIP,,754,1000,138238
email/email_0069.png,email,RVL-CDIP,,754,1000,53211
email/email_0070.png,email,RVL-CDIP,,754,1000,30490
email/email_0071.png,email,RVL-CDIP,,754,1000,66063
email/email_0072.png,email,RVL-CDIP,,754,1000,15202
email/email_0073.png,email,RVL-CDIP,,754,1000,36830
email/email_0074.png,email,RVL-CDIP,,754,1000,255013
email/email_0075.png,email,RVL-CDIP,,754,1000,170200
email/email_0076.png,email,RVL-CDIP,,754,1000,71667
email/email_0077.png,email,RVL-CDIP,,754,1000,55686
email/email_0078.png,email,RVL-CDIP,,754,1000,78665
email/email_0079.png,email,RVL-CDIP,,754,1000,87684
email/email_0080.png,email,RVL-CDIP,,754,1000,245368
email/email_0081.png,email,RVL-CDIP,,754,1000,165214
email/email_0082.png,email,RVL-CDIP,,754,1000,55797
email/email_0083.png,email,RVL-CDIP,,754,1000,56331
email/email_0084.png,email,RVL-CDIP,,754,1000,115358
email/email_0085.png,email,RVL-CDIP,,754,1000,53270
email/email_0086.png,email,RVL-CDIP,,754,1000,65976
email/email_0087.png,email,RVL-CDIP,,754,1000,39551
email/email_0088.png,email,RVL-CDIP,,754,1000,78683
email/email_0089.png,email,RVL-CDIP,,754,1000,17053
email/email_0090.png,email,RVL-CDIP,,754,1000,32774
email/email_0091.png,email,RVL-CDIP,,754,1000,84528
email/email_0092.png,email,RVL-CDIP,,754,1000,50246
email/email_0093.png,email,RVL-CDIP,,754,1000,115552
email/email_0094.png,email,RVL-CDIP,,754,1000,45686
email/email_0095.png,email,RVL-CDIP,,754,1000,23077
email/email_0096.png,email,RVL-CDIP,,762,1000,162792
email/email_0097.png,email,RVL-CDIP,,754,1000,60056
email/email_0098.png,email,RVL-CDIP,,754,1000,62614
email/email_0099.png,email,RVL-CDIP,,754,1000,39988
email/email_0100.png,email,RVL-CDIP,,754,1000,39523
email/email_0101.png,email,RVL-CDIP,,754,1000,38919
email/email_0102.png,email,RVL-CDIP,,754,1000,185132
email/email_0103.png,email,RVL-CDIP,,754,1000,134794
email/email_0104.png,email,RVL-CDIP,,754,1000,41080
email/email_0105.png,email,RVL-CDIP,,754,1000,29264
email/email_0106.png,email,RVL-CDIP,,754,1000,80753
email/email_0107.png,email,RVL-CDIP,,754,1000,154334
email/email_0108.png,email,RVL-CDIP,,754,1000,101145
email/email_0109.png,email,RVL-CDIP,,754,1000,46742
email/email_0110.png,email,RVL-CDIP,,754,1000,36082
email/email_0111.png,email,RVL-CDIP,,754,1000,53146
email/email_0112.png,email,RVL-CDIP,,754,1000,41914
email/email_0113.png,email,RVL-CDIP,,754,1000,24129
email/email_0114.png,email,RVL-CDIP,,754,1000,59503
email/email_0115.png,email,RVL-CDIP,,754,1000,57742
email/email_0116.png,email,RVL-CDIP,,754,1000,196774
email/email_0117.png,email,RVL-CDIP,,754,1000,49836
email/email_0118.png,email,RVL-CDIP,,754,1000,48702
email/email_0119.png,email,RVL-CDIP,,754,1000,102159
email/email_0120.png,email,RVL-CDIP,,754,1000,77010
email/email_0121.png,email,RVL-CDIP,,754,1000,65280
email/email_0122.png,email,RVL-CDIP,,754,1000,111807
email/email_0123.png,email,RVL-CDIP,,754,1000,171051
email/email_0124.png,email,RVL-CDIP,,754,1000,28542
email/email_0125.png,email,RVL-CDIP,,754,1000,56390
email/email_0126.png,email,RVL-CDIP,,754,1000,29520
email/email_0127.png,email,RVL-CDIP,,754,1000,38777
email/email_0128.png,email,RVL-CDIP,,754,1000,175821
email/email_0129.png,email,RVL-CDIP,,754,1000,61700
email/email_0130.png,email,RVL-CDIP,,754,1000,189077
email/email_0131.png,email,RVL-CDIP,,754,1000,52394
email/email_0132.png,email,RVL-CDIP,,754,1000,92162
email/email_0133.png,email,RVL-CDIP,,754,1000,34440
email/email_0134.png,email,RVL-CDIP,,754,1000,63252
email/email_0135.png,email,RVL-CDIP,,754,1000,70991
email/email_0136.png,email,RVL-CDIP,,754,1000,48939
email/email_0137.png,email,RVL-CDIP,,754,1000,34206
email/email_0138.png,email,RVL-CDIP,,754,1000,36551
email/email_0139.png,email,RVL-CDIP,,754,1000,196953
email/email_0140.png,email,RVL-CDIP,,754,1000,93077
email/email_0141.png,email,RVL-CDIP,,754,1000,27916
email/email_0142.png,email,RVL-CDIP,,754,1000,80664
email/email_0143.png,email,RVL-CDIP,,754,1000,34779
email/email_0144.png,email,RVL-CDIP,,754,1000,39414
email/email_0145.png,email,RVL-CDIP,,754,1000,36686
email/email_0146.png,email,RVL-CDIP,,754,1000,77225
email/email_0147.png,email,RVL-CDIP,,754,1000,68700
email/email_0148.png,email,RVL-CDIP,,754,1000,98809
email/email_0149.png,email,RVL-CDIP,,754,1000,47497
email/email_0150.png,email,RVL-CDIP,,754,1000,221398
email/email_0151.png,email,RVL-CDIP,,754,1000,72931
email/email_0152.png,email,RVL-CDIP,,802,1000,49138
email/email_0153.png,email,RVL-CDIP,,754,1000,143591
email/email_0154.png,email,RVL-CDIP,,754,1000,82667
email/email_0155.png,email,RVL-CDIP,,754,1000,149488
email/email_0156.png,email,RVL-CDIP,,754,1000,70728
email/email_0157.png,email,RVL-CDIP,,754,1000,85622
email/email_0158.png,email,RVL-CDIP,,754,1000,75095
email/email_0159.png,email,RVL-CDIP,,754,1000,391679
email/email_0160.png,email,RVL-CDIP,,754,1000,175839
email/email_0161.png,email,RVL-CDIP,,754,1000,33327
email/email_0162.png,email,RVL-CDIP,,754,1000,143747
email/email_0163.png,email,RVL-CDIP,,754,1000,107181
email/email_0164.png,email,RVL-CDIP,,754,1000,44565
email/email_0165.png,email,RVL-CDIP,,754,1000,37595
email/email_0166.png,email,RVL-CDIP,,754,1000,50979
email/email_0167.png,email,RVL-CDIP,,754,1000,235890
email/email_0168.png,email,RVL-CDIP,,754,1000,37149
email/email_0169.png,email,RVL-CDIP,,754,1000,20839
email/email_0170.png,email,RVL-CDIP,,754,1000,86087
email/email_0171.png,email,RVL-CDIP,,754,1000,23551
email/email_0172.png,email,RVL-CDIP,,754,1000,75936
email/email_0173.png,email,RVL-CDIP,,754,1000,52160
email/email_0174.png,email,RVL-CDIP,,754,1000,115699
email/email_0175.png,email,RVL-CDIP,,754,1000,75017
email/email_0176.png,email,RVL-CDIP,,754,1000,80798
email/email_0177.png,email,RVL-CDIP,,754,1000,50381
email/email_0178.png,email,RVL-CDIP,,754,1000,33029
email/email_0179.png,email,RVL-CDIP,,754,1000,37111
email/email_0180.png,email,RVL-CDIP,,754,1000,241335
email/email_0181.png,email,RVL-CDIP,,754,1000,40355
email/email_0182.png,email,RVL-CDIP,,754,1000,35641
email/email_0183.png,email,RVL-CDIP,,754,1000,52002
email/email_0184.png,email,RVL-CDIP,,754,1000,36030
email/email_0185.png,email,RVL-CDIP,,754,1000,38521
email/email_0186.png,email,RVL-CDIP,,754,1000,76107
email/email_0187.png,email,RVL-CDIP,,754,1000,46048
email/email_0188.png,email,RVL-CDIP,,754,1000,117389
email/email_0189.png,email,RVL-CDIP,,754,1000,63543
handwritten/handwritten_0000.png,рукописний текст,RVL-CDIP,,754,1000,190306
handwritten/handwritten_0001.png,рукописний текст,RVL-CDIP,,789,1000,179518
handwritten/handwritten_0002.png,рукописний текст,RVL-CDIP,,754,1000,143766
handwritten/handwritten_0003.png,рукописний текст,RVL-CDIP,,754,1000,257423
handwritten/handwritten_0004.png,рукописний текст,RVL-CDIP,,754,1000,224068
handwritten/handwritten_0005.png,рукописний текст,RVL-CDIP,,754,1000,211423
handwritten/handwritten_0006.png,рукописний текст,RVL-CDIP,,754,1000,426683
handwritten/handwritten_0007.png,рукописний текст,RVL-CDIP,,754,1000,133467
handwritten/handwritten_0008.png,рукописний текст,RVL-CDIP,,754,1000,39452
handwritten/handwritten_0009.png,рукописний текст,RVL-CDIP,,754,1000,63258
handwritten/handwritten_0010.png,рукописний текст,RVL-CDIP,,778,1000,320574
handwritten/handwritten_0011.png,рукописний текст,RVL-CDIP,,754,1000,223052
handwritten/handwritten_0012.png,рукописний текст,RVL-CDIP,,799,1000,173653
handwritten/handwritten_0013.png,рукописний текст,RVL-CDIP,,775,1000,67355
handwritten/handwritten_0014.png,рукописний текст,RVL-CDIP,,754,1000,267185
handwritten/handwritten_0015.png,рукописний текст,RVL-CDIP,,801,1000,181126
handwritten/handwritten_0016.png,рукописний текст,RVL-CDIP,,754,1000,188383
handwritten/handwritten_0017.png,рукописний текст,RVL-CDIP,,754,1000,201960
handwritten/handwritten_0018.png,рукописний текст,RVL-CDIP,,775,1000,243770
handwritten/handwritten_0019.png,рукописний текст,RVL-CDIP,,754,1000,107556
handwritten/handwritten_0020.png,рукописний текст,RVL-CDIP,,754,1000,252946
handwritten/handwritten_0021.png,рукописний текст,RVL-CDIP,,754,1000,280880
handwritten/handwritten_0022.png,рукописний текст,RVL-CDIP,,754,1000,48443
handwritten/handwritten_0023.png,рукописний текст,RVL-CDIP,,754,1000,440476
handwritten/handwritten_0024.png,рукописний текст,RVL-CDIP,,789,1000,179876
handwritten/handwritten_0025.png,рукописний текст,RVL-CDIP,,754,1000,259399
handwritten/handwritten_0026.png,рукописний текст,RVL-CDIP,,754,1000,132097
handwritten/handwritten_0027.png,рукописний текст,RVL-CDIP,,754,1000,211360
handwritten/handwritten_0028.png,рукописний текст,RVL-CDIP,,754,1000,181655
handwritten/handwritten_0029.png,рукописний текст,RVL-CDIP,,754,1000,128268
handwritten/handwritten_0030.png,рукописний текст,RVL-CDIP,,789,1000,266906
handwritten/handwritten_0031.png,рукописний текст,RVL-CDIP,,754,1000,254825
handwritten/handwritten_0032.png,рукописний текст,RVL-CDIP,,754,1000,203157
handwritten/handwritten_0033.png,рукописний текст,RVL-CDIP,,754,1000,69374
handwritten/handwritten_0034.png,рукописний текст,RVL-CDIP,,771,1000,277766
handwritten/handwritten_0035.png,рукописний текст,RVL-CDIP,,785,1000,151812
handwritten/handwritten_0036.png,рукописний текст,RVL-CDIP,,754,1000,392962
handwritten/handwritten_0037.png,рукописний текст,RVL-CDIP,,754,1000,549151
handwritten/handwritten_0038.png,рукописний текст,RVL-CDIP,,754,1000,121443
handwritten/handwritten_0039.png,рукописний текст,RVL-CDIP,,754,1000,187733
handwritten/handwritten_0040.png,рукописний текст,RVL-CDIP,,771,1000,260296
handwritten/handwritten_0041.png,рукописний текст,RVL-CDIP,,783,1000,112492
handwritten/handwritten_0042.png,рукописний текст,RVL-CDIP,,783,1000,226253
handwritten/handwritten_0043.png,рукописний текст,RVL-CDIP,,754,1000,95104
handwritten/handwritten_0044.png,рукописний текст,RVL-CDIP,,786,1000,69679
handwritten/handwritten_0045.png,рукописний текст,RVL-CDIP,,754,1000,326555
handwritten/handwritten_0046.png,рукописний текст,RVL-CDIP,,754,1000,195854
handwritten/handwritten_0047.png,рукописний текст,RVL-CDIP,,754,1000,338501
handwritten/handwritten_0048.png,рукописний текст,RVL-CDIP,,754,1000,222185
handwritten/handwritten_0049.png,рукописний текст,RVL-CDIP,,774,1000,224933
handwritten/handwritten_0050.png,рукописний текст,RVL-CDIP,,754,1000,258511
handwritten/handwritten_0051.png,рукописний текст,RVL-CDIP,,754,1000,256711
handwritten/handwritten_0052.png,рукописний текст,RVL-CDIP,,754,1000,389139
handwritten/handwritten_0053.png,рукописний текст,RVL-CDIP,,754,1000,319521
handwritten/handwritten_0054.png,рукописний текст,RVL-CDIP,,784,1000,242996
handwritten/handwritten_0055.png,рукописний текст,RVL-CDIP,,811,1000,167768
handwritten/handwritten_0056.png,рукописний текст,RVL-CDIP,,754,1000,260982
handwritten/handwritten_0057.png,рукописний текст,RVL-CDIP,,754,1000,166116
handwritten/handwritten_0058.png,рукописний текст,RVL-CDIP,,754,1000,362073
handwritten/handwritten_0059.png,рукописний текст,RVL-CDIP,,754,1000,299982
handwritten/handwritten_0060.png,рукописний текст,RVL-CDIP,,754,1000,144381
handwritten/handwritten_0061.png,рукописний текст,RVL-CDIP,,754,1000,162275
handwritten/handwritten_0062.png,рукописний текст,RVL-CDIP,,754,1000,177654
handwritten/handwritten_0063.png,рукописний текст,RVL-CDIP,,808,1000,251400
handwritten/handwritten_0064.png,рукописний текст,RVL-CDIP,,754,1000,107467
handwritten/handwritten_0065.png,рукописний текст,RVL-CDIP,,775,1000,93950
handwritten/handwritten_0066.png,рукописний текст,RVL-CDIP,,754,1000,130032
handwritten/handwritten_0067.png,рукописний текст,RVL-CDIP,,754,1000,234626
handwritten/handwritten_0068.png,рукописний текст,RVL-CDIP,,783,1000,239330
handwritten/handwritten_0069.png,рукописний текст,RVL-CDIP,,776,1000,322737
handwritten/handwritten_0070.png,рукописний текст,RVL-CDIP,,754,1000,248963
handwritten/handwritten_0071.png,рукописний текст,RVL-CDIP,,754,1000,160806
handwritten/handwritten_0072.png,рукописний текст,RVL-CDIP,,754,1000,151122
handwritten/handwritten_0073.png,рукописний текст,RVL-CDIP,,754,1000,206090
handwritten/handwritten_0074.png,рукописний текст,RVL-CDIP,,754,1000,144698
handwritten/handwritten_0075.png,рукописний текст,RVL-CDIP,,754,1000,427093
handwritten/handwritten_0076.png,рукописний текст,RVL-CDIP,,754,1000,123818
handwritten/handwritten_0077.png,рукописний текст,RVL-CDIP,,754,1000,343411
handwritten/handwritten_0078.png,рукописний текст,RVL-CDIP,,754,1000,94588
handwritten/handwritten_0079.png,рукописний текст,RVL-CDIP,,779,1000,113069
handwritten/handwritten_0080.png,рукописний текст,RVL-CDIP,,754,1000,142956
handwritten/handwritten_0081.png,рукописний текст,RVL-CDIP,,754,1000,65089
handwritten/handwritten_0082.png,рукописний текст,RVL-CDIP,,754,1000,163556
handwritten/handwritten_0083.png,рукописний текст,RVL-CDIP,,754,1000,260940
handwritten/handwritten_0084.png,рукописний текст,RVL-CDIP,,754,1000,332393
handwritten/handwritten_0085.png,рукописний текст,RVL-CDIP,,754,1000,150442
handwritten/handwritten_0086.png,рукописний текст,RVL-CDIP,,754,1000,141461
handwritten/handwritten_0087.png,рукописний текст,RVL-CDIP,,754,1000,149360
handwritten/handwritten_0088.png,рукописний текст,RVL-CDIP,,754,1000,97534
handwritten/handwritten_0089.png,рукописний текст,RVL-CDIP,,754,1000,437936
handwritten/handwritten_0090.png,рукописний текст,RVL-CDIP,,754,1000,298699
handwritten/handwritten_0091.png,рукописний текст,RVL-CDIP,,754,1000,371067
handwritten/handwritten_0092.png,рукописний текст,RVL-CDIP,,754,1000,53314
handwritten/handwritten_0093.png,рукописний текст,RVL-CDIP,,779,1000,153268
handwritten/handwritten_0094.png,рукописний текст,RVL-CDIP,,775,1000,159855
handwritten/handwritten_0095.png,рукописний текст,RVL-CDIP,,754,1000,414497
handwritten/handwritten_0096.png,рукописний текст,RVL-CDIP,,754,1000,202206
handwritten/handwritten_0097.png,рукописний текст,RVL-CDIP,,754,1000,291519
handwritten/handwritten_0098.png,рукописний текст,RVL-CDIP,,754,1000,142483
handwritten/handwritten_0099.png,рукописний текст,RVL-CDIP,,754,1000,145366
handwritten/handwritten_0100.png,рукописний текст,RVL-CDIP,,754,1000,83458
handwritten/handwritten_0101.png,рукописний текст,RVL-CDIP,,754,1000,75077
handwritten/handwritten_0102.png,рукописний текст,RVL-CDIP,,754,1000,88061
handwritten/handwritten_0103.png,рукописний текст,RVL-CDIP,,754,1000,79458
handwritten/handwritten_0104.png,рукописний текст,RVL-CDIP,,779,1000,199982
handwritten/handwritten_0105.png,рукописний текст,RVL-CDIP,,786,1000,114567
handwritten/handwritten_0106.png,рукописний текст,RVL-CDIP,,754,1000,333314
handwritten/handwritten_0107.png,рукописний текст,RVL-CDIP,,798,1000,247130
handwritten/handwritten_0108.png,рукописний текст,RVL-CDIP,,754,1000,49958
handwritten/handwritten_0109.png,рукописний текст,RVL-CDIP,,754,1000,313063
handwritten/handwritten_0110.png,рукописний текст,RVL-CDIP,,754,1000,145085
handwritten/handwritten_0111.png,рукописний текст,RVL-CDIP,,754,1000,173353
handwritten/handwritten_0112.png,рукописний текст,RVL-CDIP,,754,1000,237789
handwritten/handwritten_0113.png,рукописний текст,RVL-CDIP,,754,1000,93535
handwritten/handwritten_0114.png,рукописний текст,RVL-CDIP,,754,1000,184197
handwritten/handwritten_0115.png,рукописний текст,RVL-CDIP,,754,1000,122674
handwritten/handwritten_0116.png,рукописний текст,RVL-CDIP,,754,1000,285011
handwritten/handwritten_0117.png,рукописний текст,RVL-CDIP,,738,1000,170493
handwritten/handwritten_0118.png,рукописний текст,RVL-CDIP,,754,1000,200643
handwritten/handwritten_0119.png,рукописний текст,RVL-CDIP,,775,1000,313524
handwritten/handwritten_0120.png,рукописний текст,RVL-CDIP,,754,1000,282498
handwritten/handwritten_0121.png,рукописний текст,RVL-CDIP,,790,1000,123646
handwritten/handwritten_0122.png,рукописний текст,RVL-CDIP,,754,1000,294770
handwritten/handwritten_0123.png,рукописний текст,RVL-CDIP,,754,1000,99075
handwritten/handwritten_0124.png,рукописний текст,RVL-CDIP,,754,1000,407430
handwritten/handwritten_0125.png,рукописний текст,RVL-CDIP,,754,1000,226090
handwritten/handwritten_0126.png,рукописний текст,RVL-CDIP,,754,1000,500057
handwritten/handwritten_0127.png,рукописний текст,RVL-CDIP,,754,1000,82365
handwritten/handwritten_0128.png,рукописний текст,RVL-CDIP,,754,1000,150925
handwritten/handwritten_0129.png,рукописний текст,RVL-CDIP,,786,1000,939502
handwritten/handwritten_0130.png,рукописний текст,RVL-CDIP,,774,1000,241562
handwritten/handwritten_0131.png,рукописний текст,RVL-CDIP,,754,1000,288222
handwritten/handwritten_0132.png,рукописний текст,RVL-CDIP,,754,1000,98852
handwritten/handwritten_0133.png,рукописний текст,RVL-CDIP,,754,1000,231942
handwritten/handwritten_0134.png,рукописний текст,RVL-CDIP,,754,1000,171299
handwritten/handwritten_0135.png,рукописний текст,RVL-CDIP,,754,1000,301791
handwritten/handwritten_0136.png,рукописний текст,RVL-CDIP,,754,1000,139640
handwritten/handwritten_0137.png,рукописний текст,RVL-CDIP,,754,1000,185001
handwritten/handwritten_0138.png,рукописний текст,RVL-CDIP,,754,1000,250411
handwritten/handwritten_0139.png,рукописний текст,RVL-CDIP,,754,1000,161340
handwritten/handwritten_0140.png,рукописний текст,RVL-CDIP,,802,1000,184267
handwritten/handwritten_0141.png,рукописний текст,RVL-CDIP,,754,1000,173527
handwritten/handwritten_0142.png,рукописний текст,RVL-CDIP,,754,1000,558818
handwritten/handwritten_0143.png,рукописний текст,RVL-CDIP,,754,1000,65148
handwritten/handwritten_0144.png,рукописний текст,RVL-CDIP,,771,1000,285205
handwritten/handwritten_0145.png,рукописний текст,RVL-CDIP,,754,1000,193299
handwritten/handwritten_0146.png,рукописний текст,RVL-CDIP,,782,1000,182461
handwritten/handwritten_0147.png,рукописний текст,RVL-CDIP,,754,1000,213266
handwritten/handwritten_0148.png,рукописний текст,RVL-CDIP,,774,1000,195513
handwritten/handwritten_0149.png,рукописний текст,RVL-CDIP,,754,1000,64187
handwritten/handwritten_0150.png,рукописний текст,RVL-CDIP,,754,1000,548066
handwritten/handwritten_0151.png,рукописний текст,RVL-CDIP,,754,1000,235415
handwritten/handwritten_0152.png,рукописний текст,RVL-CDIP,,754,1000,169391
handwritten/handwritten_0153.png,рукописний текст,RVL-CDIP,,754,1000,155913
handwritten/handwritten_0154.png,рукописний текст,RVL-CDIP,,754,1000,605788
handwritten/handwritten_0155.png,рукописний текст,RVL-CDIP,,771,1000,372437
handwritten/handwritten_0156.png,рукописний текст,RVL-CDIP,,801,1000,117533
handwritten/handwritten_0157.png,рукописний текст,RVL-CDIP,,789,1000,187078
handwritten/handwritten_0158.png,рукописний текст,RVL-CDIP,,742,1000,72467
handwritten/handwritten_0159.png,рукописний текст,RVL-CDIP,,754,1000,59700
handwritten/handwritten_0160.png,рукописний текст,RVL-CDIP,,754,1000,51086
handwritten/handwritten_0161.png,рукописний текст,RVL-CDIP,,754,1000,675970
handwritten/handwritten_0162.png,рукописний текст,RVL-CDIP,,754,1000,204870
handwritten/handwritten_0163.png,рукописний текст,RVL-CDIP,,754,1000,130895
handwritten/handwritten_0164.png,рукописний текст,RVL-CDIP,,754,1000,251095
handwritten/handwritten_0165.png,рукописний текст,RVL-CDIP,,754,1000,449892
handwritten/handwritten_0166.png,рукописний текст,RVL-CDIP,,754,1000,183794
handwritten/handwritten_0167.png,рукописний текст,RVL-CDIP,,754,1000,288233
handwritten/handwritten_0168.png,рукописний текст,RVL-CDIP,,781,1000,337664
handwritten/handwritten_0169.png,рукописний текст,RVL-CDIP,,754,1000,161245
handwritten/handwritten_0170.png,рукописний текст,RVL-CDIP,,767,1000,240903
handwritten/handwritten_0171.png,рукописний текст,RVL-CDIP,,754,1000,334584
handwritten/handwritten_0172.png,рукописний текст,RVL-CDIP,,785,1000,191874
handwritten/handwritten_0173.png,рукописний текст,RVL-CDIP,,754,1000,147406
handwritten/handwritten_0174.png,рукописний текст,RVL-CDIP,,754,1000,70276
handwritten/handwritten_0175.png,рукописний текст,RVL-CDIP,,754,1000,368224
handwritten/handwritten_0176.png,рукописний текст,RVL-CDIP,,773,1000,161477
handwritten/handwritten_0177.png,рукописний текст,RVL-CDIP,,754,1000,103116
handwritten/handwritten_0178.png,рукописний текст,RVL-CDIP,,754,1000,258307
handwritten/handwritten_0179.png,рукописний текст,RVL-CDIP,,754,1000,235596
handwritten/handwritten_0180.png,рукописний текст,RVL-CDIP,,776,1000,224769
handwritten/handwritten_0181.png,рукописний текст,RVL-CDIP,,754,1000,167683
handwritten/handwritten_0182.png,рукописний текст,RVL-CDIP,,754,1000,203289
handwritten/handwritten_0183.png,рукописний текст,RVL-CDIP,,754,1000,205690
handwritten/handwritten_0184.png,рукописний текст,RVL-CDIP,,754,1000,184224
handwritten/handwritten_0185.png,рукописний текст,RVL-CDIP,,774,1000,253178
handwritten/handwritten_0186.png,рукописний текст,RVL-CDIP,,754,1000,304075
handwritten/handwritten_0187.png,рукописний текст,RVL-CDIP,,775,1000,244037
handwritten/handwritten_0188.png,рукописний текст,RVL-CDIP,,754,1000,106535
handwritten/handwritten_0189.png,рукописний текст,RVL-CDIP,,754,1000,143837
advertisement/advertisement_0000.png,реклама,RVL-CDIP,,754,1000,381787
advertisement/advertisement_0001.png,реклама,RVL-CDIP,,754,1000,477003
advertisement/advertisement_0002.png,реклама,RVL-CDIP,,777,1000,195960
advertisement/advertisement_0003.png,реклама,RVL-CDIP,,812,1000,259441
advertisement/advertisement_0004.png,реклама,RVL-CDIP,,754,1000,336575
advertisement/advertisement_0005.png,реклама,RVL-CDIP,,611,1000,207737
advertisement/advertisement_0006.png,реклама,RVL-CDIP,,754,1000,317136
advertisement/advertisement_0007.png,реклама,RVL-CDIP,,777,1000,297876
advertisement/advertisement_0008.png,реклама,RVL-CDIP,,762,1000,115448
advertisement/advertisement_0009.png,реклама,RVL-CDIP,,754,1000,208309
advertisement/advertisement_0010.png,реклама,RVL-CDIP,,754,1000,766669
advertisement/advertisement_0011.png,реклама,RVL-CDIP,,762,1000,463344
advertisement/advertisement_0012.png,реклама,RVL-CDIP,,787,1000,982215
advertisement/advertisement_0013.png,реклама,RVL-CDIP,,611,1000,263117
advertisement/advertisement_0014.png,реклама,RVL-CDIP,,777,1000,182663
advertisement/advertisement_0015.png,реклама,RVL-CDIP,,790,1000,405388
advertisement/advertisement_0016.png,реклама,RVL-CDIP,,754,1000,256031
advertisement/advertisement_0017.png,реклама,RVL-CDIP,,754,1000,187080
advertisement/advertisement_0018.png,реклама,RVL-CDIP,,771,1000,205478
advertisement/advertisement_0019.png,реклама,RVL-CDIP,,754,1000,807498
advertisement/advertisement_0020.png,реклама,RVL-CDIP,,762,1000,413150
advertisement/advertisement_0021.png,реклама,RVL-CDIP,,754,1000,330645
advertisement/advertisement_0022.png,реклама,RVL-CDIP,,754,1000,276970
advertisement/advertisement_0023.png,реклама,RVL-CDIP,,762,1000,214619
advertisement/advertisement_0024.png,реклама,RVL-CDIP,,785,1000,220442
advertisement/advertisement_0025.png,реклама,RVL-CDIP,,754,1000,278722
advertisement/advertisement_0026.png,реклама,RVL-CDIP,,754,1000,559349
advertisement/advertisement_0027.png,реклама,RVL-CDIP,,754,1000,420860
advertisement/advertisement_0028.png,реклама,RVL-CDIP,,754,1000,311450
advertisement/advertisement_0029.png,реклама,RVL-CDIP,,754,1000,420244
advertisement/advertisement_0030.png,реклама,RVL-CDIP,,751,1000,68416
advertisement/advertisement_0031.png,реклама,RVL-CDIP,,754,1000,352176
advertisement/advertisement_0032.png,реклама,RVL-CDIP,,806,1000,244814
advertisement/advertisement_0033.png,реклама,RVL-CDIP,,775,1000,113636
advertisement/advertisement_0034.png,реклама,RVL-CDIP,,754,1000,85995
advertisement/advertisement_0035.png,реклама,RVL-CDIP,,777,1000,42688
advertisement/advertisement_0036.png,реклама,RVL-CDIP,,754,1000,344970
advertisement/advertisement_0037.png,реклама,RVL-CDIP,,762,1000,549123
advertisement/advertisement_0038.png,реклама,RVL-CDIP,,762,1000,239002
advertisement/advertisement_0039.png,реклама,RVL-CDIP,,792,1000,432755
advertisement/advertisement_0040.png,реклама,RVL-CDIP,,754,1000,184044
advertisement/advertisement_0041.png,реклама,RVL-CDIP,,754,1000,541306
advertisement/advertisement_0042.png,реклама,RVL-CDIP,,771,1000,405372
advertisement/advertisement_0043.png,реклама,RVL-CDIP,,754,1000,140359
advertisement/advertisement_0044.png,реклама,RVL-CDIP,,769,1000,304933
advertisement/advertisement_0045.png,реклама,RVL-CDIP,,754,1000,331718
advertisement/advertisement_0046.png,реклама,RVL-CDIP,,811,1000,153318
advertisement/advertisement_0047.png,реклама,RVL-CDIP,,771,1000,38809
advertisement/advertisement_0048.png,реклама,RVL-CDIP,,754,1000,145050
advertisement/advertisement_0049.png,реклама,RVL-CDIP,,783,1000,266848
advertisement/advertisement_0050.png,реклама,RVL-CDIP,,757,1000,113829
advertisement/advertisement_0051.png,реклама,RVL-CDIP,,754,1000,72948
advertisement/advertisement_0052.png,реклама,RVL-CDIP,,754,1000,229942
advertisement/advertisement_0053.png,реклама,RVL-CDIP,,754,1000,982127
advertisement/advertisement_0054.png,реклама,RVL-CDIP,,754,1000,684526
advertisement/advertisement_0055.png,реклама,RVL-CDIP,,762,1000,222905
advertisement/advertisement_0056.png,реклама,RVL-CDIP,,762,1000,443811
advertisement/advertisement_0057.png,реклама,RVL-CDIP,,771,1000,337409
advertisement/advertisement_0058.png,реклама,RVL-CDIP,,762,1000,705293
advertisement/advertisement_0059.png,реклама,RVL-CDIP,,757,1000,132180
advertisement/advertisement_0060.png,реклама,RVL-CDIP,,757,1000,323826
advertisement/advertisement_0061.png,реклама,RVL-CDIP,,777,1000,679686
advertisement/advertisement_0062.png,реклама,RVL-CDIP,,754,1000,168881
advertisement/advertisement_0063.png,реклама,RVL-CDIP,,802,1000,604055
advertisement/advertisement_0064.png,реклама,RVL-CDIP,,754,1000,245597
advertisement/advertisement_0065.png,реклама,RVL-CDIP,,771,1000,41879
advertisement/advertisement_0066.png,реклама,RVL-CDIP,,777,1000,131855
advertisement/advertisement_0067.png,реклама,RVL-CDIP,,754,1000,323947
advertisement/advertisement_0068.png,реклама,RVL-CDIP,,762,1000,174175
advertisement/advertisement_0069.png,реклама,RVL-CDIP,,774,1000,155311
advertisement/advertisement_0070.png,реклама,RVL-CDIP,,754,1000,170396
advertisement/advertisement_0071.png,реклама,RVL-CDIP,,757,1000,343514
advertisement/advertisement_0072.png,реклама,RVL-CDIP,,754,1000,290697
advertisement/advertisement_0073.png,реклама,RVL-CDIP,,754,1000,283511
advertisement/advertisement_0074.png,реклама,RVL-CDIP,,757,1000,74189
advertisement/advertisement_0075.png,реклама,RVL-CDIP,,843,1000,471338
advertisement/advertisement_0076.png,реклама,RVL-CDIP,,751,1000,68416
advertisement/advertisement_0077.png,реклама,RVL-CDIP,,754,1000,402630
advertisement/advertisement_0078.png,реклама,RVL-CDIP,,771,1000,192372
advertisement/advertisement_0079.png,реклама,RVL-CDIP,,782,1000,1236767
advertisement/advertisement_0080.png,реклама,RVL-CDIP,,784,1000,1053753
advertisement/advertisement_0081.png,реклама,RVL-CDIP,,773,1000,351011
advertisement/advertisement_0082.png,реклама,RVL-CDIP,,751,1000,68416
advertisement/advertisement_0083.png,реклама,RVL-CDIP,,802,1000,232140
advertisement/advertisement_0084.png,реклама,RVL-CDIP,,754,1000,236519
advertisement/advertisement_0085.png,реклама,RVL-CDIP,,967,1000,1365314
advertisement/advertisement_0086.png,реклама,RVL-CDIP,,777,1000,101442
advertisement/advertisement_0087.png,реклама,RVL-CDIP,,762,1000,526760
advertisement/advertisement_0088.png,реклама,RVL-CDIP,,771,1000,584189
advertisement/advertisement_0089.png,реклама,RVL-CDIP,,774,1000,327837
advertisement/advertisement_0090.png,реклама,RVL-CDIP,,754,1000,278440
advertisement/advertisement_0091.png,реклама,RVL-CDIP,,754,1000,234544
advertisement/advertisement_0092.png,реклама,RVL-CDIP,,754,1000,396520
advertisement/advertisement_0093.png,реклама,RVL-CDIP,,762,1000,370874
advertisement/advertisement_0094.png,реклама,RVL-CDIP,,757,1000,168633
advertisement/advertisement_0095.png,реклама,RVL-CDIP,,754,1000,841419
advertisement/advertisement_0096.png,реклама,RVL-CDIP,,776,1000,222345
advertisement/advertisement_0097.png,реклама,RVL-CDIP,,779,1000,148325
advertisement/advertisement_0098.png,реклама,RVL-CDIP,,762,1000,374236
advertisement/advertisement_0099.png,реклама,RVL-CDIP,,773,1000,261402
advertisement/advertisement_0100.png,реклама,RVL-CDIP,,757,1000,137073
advertisement/advertisement_0101.png,реклама,RVL-CDIP,,757,1000,188446
advertisement/advertisement_0102.png,реклама,RVL-CDIP,,777,1000,307909
advertisement/advertisement_0103.png,реклама,RVL-CDIP,,771,1000,638529
advertisement/advertisement_0104.png,реклама,RVL-CDIP,,754,1000,260511
advertisement/advertisement_0105.png,реклама,RVL-CDIP,,754,1000,372450
advertisement/advertisement_0106.png,реклама,RVL-CDIP,,611,1000,358115
advertisement/advertisement_0107.png,реклама,RVL-CDIP,,780,1000,473045
advertisement/advertisement_0108.png,реклама,RVL-CDIP,,757,1000,122941
advertisement/advertisement_0109.png,реклама,RVL-CDIP,,754,1000,329149
advertisement/advertisement_0110.png,реклама,RVL-CDIP,,754,1000,191497
advertisement/advertisement_0111.png,реклама,RVL-CDIP,,754,1000,149006
advertisement/advertisement_0112.png,реклама,RVL-CDIP,,782,1000,481721
advertisement/advertisement_0113.png,реклама,RVL-CDIP,,762,1000,147232
advertisement/advertisement_0114.png,реклама,RVL-CDIP,,754,1000,99011
advertisement/advertisement_0115.png,реклама,RVL-CDIP,,762,1000,54153
advertisement/advertisement_0116.png,реклама,RVL-CDIP,,754,1000,455812
advertisement/advertisement_0117.png,реклама,RVL-CDIP,,765,1000,804901
advertisement/advertisement_0118.png,реклама,RVL-CDIP,,754,1000,206318
advertisement/advertisement_0119.png,реклама,RVL-CDIP,,783,1000,936084
advertisement/advertisement_0120.png,реклама,RVL-CDIP,,868,1000,209778
advertisement/advertisement_0121.png,реклама,RVL-CDIP,,775,1000,561260
advertisement/advertisement_0122.png,реклама,RVL-CDIP,,754,1000,136607
advertisement/advertisement_0123.png,реклама,RVL-CDIP,,754,1000,186003
advertisement/advertisement_0124.png,реклама,RVL-CDIP,,757,1000,235777
advertisement/advertisement_0125.png,реклама,RVL-CDIP,,809,1000,168796
advertisement/advertisement_0126.png,реклама,RVL-CDIP,,762,1000,198916
advertisement/advertisement_0127.png,реклама,RVL-CDIP,,762,1000,183290
advertisement/advertisement_0128.png,реклама,RVL-CDIP,,754,1000,602192
advertisement/advertisement_0129.png,реклама,RVL-CDIP,,764,1000,555027
advertisement/advertisement_0130.png,реклама,RVL-CDIP,,773,1000,150566
advertisement/advertisement_0131.png,реклама,RVL-CDIP,,754,1000,480664
advertisement/advertisement_0132.png,реклама,RVL-CDIP,,754,1000,67904
advertisement/advertisement_0133.png,реклама,RVL-CDIP,,754,1000,794932
advertisement/advertisement_0134.png,реклама,RVL-CDIP,,754,1000,276446
advertisement/advertisement_0135.png,реклама,RVL-CDIP,,801,1000,388282
advertisement/advertisement_0136.png,реклама,RVL-CDIP,,754,1000,162506
advertisement/advertisement_0137.png,реклама,RVL-CDIP,,754,1000,124778
advertisement/advertisement_0138.png,реклама,RVL-CDIP,,762,1000,226311
advertisement/advertisement_0139.png,реклама,RVL-CDIP,,778,1000,308015
advertisement/advertisement_0140.png,реклама,RVL-CDIP,,754,1000,469382
advertisement/advertisement_0141.png,реклама,RVL-CDIP,,754,1000,360604
advertisement/advertisement_0142.png,реклама,RVL-CDIP,,764,1000,258981
advertisement/advertisement_0143.png,реклама,RVL-CDIP,,769,1000,173479
advertisement/advertisement_0144.png,реклама,RVL-CDIP,,754,1000,430450
advertisement/advertisement_0145.png,реклама,RVL-CDIP,,754,1000,486741
advertisement/advertisement_0146.png,реклама,RVL-CDIP,,754,1000,72948
advertisement/advertisement_0147.png,реклама,RVL-CDIP,,754,1000,518130
advertisement/advertisement_0148.png,реклама,RVL-CDIP,,754,1000,468503
advertisement/advertisement_0149.png,реклама,RVL-CDIP,,775,1000,157096
advertisement/advertisement_0150.png,реклама,RVL-CDIP,,762,1000,164203
advertisement/advertisement_0151.png,реклама,RVL-CDIP,,811,1000,78597
advertisement/advertisement_0152.png,реклама,RVL-CDIP,,754,1000,366403
advertisement/advertisement_0153.png,реклама,RVL-CDIP,,757,1000,153817
advertisement/advertisement_0154.png,реклама,RVL-CDIP,,754,1000,303738
advertisement/advertisement_0155.png,реклама,RVL-CDIP,,778,1000,372628
advertisement/advertisement_0156.png,реклама,RVL-CDIP,,780,1000,512960
advertisement/advertisement_0157.png,реклама,RVL-CDIP,,754,1000,253866
advertisement/advertisement_0158.png,реклама,RVL-CDIP,,762,1000,168948
advertisement/advertisement_0159.png,реклама,RVL-CDIP,,762,1000,258518
advertisement/advertisement_0160.png,реклама,RVL-CDIP,,754,1000,240562
advertisement/advertisement_0161.png,реклама,RVL-CDIP,,777,1000,941858
advertisement/advertisement_0162.png,реклама,RVL-CDIP,,757,1000,249149
advertisement/advertisement_0163.png,реклама,RVL-CDIP,,751,1000,68416
advertisement/advertisement_0164.png,реклама,RVL-CDIP,,771,1000,686089
advertisement/advertisement_0165.png,реклама,RVL-CDIP,,754,1000,189233
advertisement/advertisement_0166.png,реклама,RVL-CDIP,,754,1000,279191
advertisement/advertisement_0167.png,реклама,RVL-CDIP,,754,1000,947511
advertisement/advertisement_0168.png,реклама,RVL-CDIP,,754,1000,343731
advertisement/advertisement_0169.png,реклама,RVL-CDIP,,802,1000,170726
advertisement/advertisement_0170.png,реклама,RVL-CDIP,,757,1000,106268
advertisement/advertisement_0171.png,реклама,RVL-CDIP,,754,1000,875631
advertisement/advertisement_0172.png,реклама,RVL-CDIP,,754,1000,186902
advertisement/advertisement_0173.png,реклама,RVL-CDIP,,762,1000,331675
advertisement/advertisement_0174.png,реклама,RVL-CDIP,,783,1000,1127681
advertisement/advertisement_0175.png,реклама,RVL-CDIP,,951,1000,142932
advertisement/advertisement_0176.png,реклама,RVL-CDIP,,754,1000,614966
advertisement/advertisement_0177.png,реклама,RVL-CDIP,,754,1000,185366
advertisement/advertisement_0178.png,реклама,RVL-CDIP,,780,1000,357013
advertisement/advertisement_0179.png,реклама,RVL-CDIP,,741,1000,178244
advertisement/advertisement_0180.png,реклама,RVL-CDIP,,757,1000,117947
advertisement/advertisement_0181.png,реклама,RVL-CDIP,,813,1000,947299
advertisement/advertisement_0182.png,реклама,RVL-CDIP,,762,1000,56062
advertisement/advertisement_0183.png,реклама,RVL-CDIP,,754,1000,439683
advertisement/advertisement_0184.png,реклама,RVL-CDIP,,754,1000,45364
advertisement/advertisement_0185.png,реклама,RVL-CDIP,,762,1000,410901
advertisement/advertisement_0186.png,реклама,RVL-CDIP,,762,1000,118253
advertisement/advertisement_0187.png,реклама,RVL-CDIP,,762,1000,220342
advertisement/advertisement_0188.png,реклама,RVL-CDIP,,754,1000,335281
advertisement/advertisement_0189.png,реклама,RVL-CDIP,,777,1000,1037360
scientific_report/scientific_report_0000.png,науковий звіт,RVL-CDIP,,754,1000,33084
scientific_report/scientific_report_0001.png,науковий звіт,RVL-CDIP,,754,1000,135870
scientific_report/scientific_report_0002.png,науковий звіт,RVL-CDIP,,777,1000,199212
scientific_report/scientific_report_0003.png,науковий звіт,RVL-CDIP,,771,1000,116616
scientific_report/scientific_report_0004.png,науковий звіт,RVL-CDIP,,777,1000,210708
scientific_report/scientific_report_0005.png,науковий звіт,RVL-CDIP,,754,1000,176779
scientific_report/scientific_report_0006.png,науковий звіт,RVL-CDIP,,767,1000,76772
scientific_report/scientific_report_0007.png,науковий звіт,RVL-CDIP,,754,1000,533255
scientific_report/scientific_report_0008.png,науковий звіт,RVL-CDIP,,780,1000,118346
scientific_report/scientific_report_0009.png,науковий звіт,RVL-CDIP,,777,1000,246912
scientific_report/scientific_report_0010.png,науковий звіт,RVL-CDIP,,754,1000,175630
scientific_report/scientific_report_0011.png,науковий звіт,RVL-CDIP,,773,1000,185039
scientific_report/scientific_report_0012.png,науковий звіт,RVL-CDIP,,754,1000,57587
scientific_report/scientific_report_0013.png,науковий звіт,RVL-CDIP,,754,1000,162752
scientific_report/scientific_report_0014.png,науковий звіт,RVL-CDIP,,754,1000,30811
scientific_report/scientific_report_0015.png,науковий звіт,RVL-CDIP,,777,1000,49728
scientific_report/scientific_report_0016.png,науковий звіт,RVL-CDIP,,766,1000,29753
scientific_report/scientific_report_0017.png,науковий звіт,RVL-CDIP,,754,1000,91677
scientific_report/scientific_report_0018.png,науковий звіт,RVL-CDIP,,777,1000,282688
scientific_report/scientific_report_0019.png,науковий звіт,RVL-CDIP,,754,1000,23532
scientific_report/scientific_report_0020.png,науковий звіт,RVL-CDIP,,777,1000,107016
scientific_report/scientific_report_0021.png,науковий звіт,RVL-CDIP,,754,1000,349557
scientific_report/scientific_report_0022.png,науковий звіт,RVL-CDIP,,754,1000,247147
scientific_report/scientific_report_0023.png,науковий звіт,RVL-CDIP,,754,1000,272614
scientific_report/scientific_report_0024.png,науковий звіт,RVL-CDIP,,777,1000,177380
scientific_report/scientific_report_0025.png,науковий звіт,RVL-CDIP,,871,1000,235419
scientific_report/scientific_report_0026.png,науковий звіт,RVL-CDIP,,764,1000,289087
scientific_report/scientific_report_0027.png,науковий звіт,RVL-CDIP,,777,1000,90031
scientific_report/scientific_report_0028.png,науковий звіт,RVL-CDIP,,754,1000,165188
scientific_report/scientific_report_0029.png,науковий звіт,RVL-CDIP,,777,1000,143484
scientific_report/scientific_report_0030.png,науковий звіт,RVL-CDIP,,778,1000,161122
scientific_report/scientific_report_0031.png,науковий звіт,RVL-CDIP,,754,1000,64404
scientific_report/scientific_report_0032.png,науковий звіт,RVL-CDIP,,754,1000,183921
scientific_report/scientific_report_0033.png,науковий звіт,RVL-CDIP,,780,1000,326167
scientific_report/scientific_report_0034.png,науковий звіт,RVL-CDIP,,754,1000,385527
scientific_report/scientific_report_0035.png,науковий звіт,RVL-CDIP,,754,1000,62447
scientific_report/scientific_report_0036.png,науковий звіт,RVL-CDIP,,754,1000,109280
scientific_report/scientific_report_0037.png,науковий звіт,RVL-CDIP,,754,1000,94776
scientific_report/scientific_report_0038.png,науковий звіт,RVL-CDIP,,754,1000,359202
scientific_report/scientific_report_0039.png,науковий звіт,RVL-CDIP,,790,1000,135233
scientific_report/scientific_report_0040.png,науковий звіт,RVL-CDIP,,754,1000,197863
scientific_report/scientific_report_0041.png,науковий звіт,RVL-CDIP,,785,1000,1604991
scientific_report/scientific_report_0042.png,науковий звіт,RVL-CDIP,,777,1000,80824
scientific_report/scientific_report_0043.png,науковий звіт,RVL-CDIP,,762,1000,56492
scientific_report/scientific_report_0044.png,науковий звіт,RVL-CDIP,,754,1000,173587
scientific_report/scientific_report_0045.png,науковий звіт,RVL-CDIP,,777,1000,57751
scientific_report/scientific_report_0046.png,науковий звіт,RVL-CDIP,,754,1000,129667
scientific_report/scientific_report_0047.png,науковий звіт,RVL-CDIP,,754,1000,142724
scientific_report/scientific_report_0048.png,науковий звіт,RVL-CDIP,,754,1000,171016
scientific_report/scientific_report_0049.png,науковий звіт,RVL-CDIP,,778,1000,58051
scientific_report/scientific_report_0050.png,науковий звіт,RVL-CDIP,,754,1000,108453
scientific_report/scientific_report_0051.png,науковий звіт,RVL-CDIP,,754,1000,561610
scientific_report/scientific_report_0052.png,науковий звіт,RVL-CDIP,,754,1000,362477
scientific_report/scientific_report_0053.png,науковий звіт,RVL-CDIP,,830,1000,212252
scientific_report/scientific_report_0054.png,науковий звіт,RVL-CDIP,,778,1000,191250
scientific_report/scientific_report_0055.png,науковий звіт,RVL-CDIP,,777,1000,222657
scientific_report/scientific_report_0056.png,науковий звіт,RVL-CDIP,,754,1000,344393
scientific_report/scientific_report_0057.png,науковий звіт,RVL-CDIP,,777,1000,317989
scientific_report/scientific_report_0058.png,науковий звіт,RVL-CDIP,,754,1000,119705
scientific_report/scientific_report_0059.png,науковий звіт,RVL-CDIP,,772,1000,61556
scientific_report/scientific_report_0060.png,науковий звіт,RVL-CDIP,,777,1000,157939
scientific_report/scientific_report_0061.png,науковий звіт,RVL-CDIP,,754,1000,149656
scientific_report/scientific_report_0062.png,науковий звіт,RVL-CDIP,,754,1000,87516
scientific_report/scientific_report_0063.png,науковий звіт,RVL-CDIP,,754,1000,156398
scientific_report/scientific_report_0064.png,науковий звіт,RVL-CDIP,,802,1000,87840
scientific_report/scientific_report_0065.png,науковий звіт,RVL-CDIP,,777,1000,178769
scientific_report/scientific_report_0066.png,науковий звіт,RVL-CDIP,,754,1000,77981
scientific_report/scientific_report_0067.png,науковий звіт,RVL-CDIP,,777,1000,146990
scientific_report/scientific_report_0068.png,науковий звіт,RVL-CDIP,,777,1000,161158
scientific_report/scientific_report_0069.png,науковий звіт,RVL-CDIP,,776,1000,480974
scientific_report/scientific_report_0070.png,науковий звіт,RVL-CDIP,,754,1000,102916
scientific_report/scientific_report_0071.png,науковий звіт,RVL-CDIP,,764,1000,730161
scientific_report/scientific_report_0072.png,науковий звіт,RVL-CDIP,,754,1000,354310
scientific_report/scientific_report_0073.png,науковий звіт,RVL-CDIP,,779,1000,150028
scientific_report/scientific_report_0074.png,науковий звіт,RVL-CDIP,,777,1000,250466
scientific_report/scientific_report_0075.png,науковий звіт,RVL-CDIP,,754,1000,83764
scientific_report/scientific_report_0076.png,науковий звіт,RVL-CDIP,,713,1000,198062
scientific_report/scientific_report_0077.png,науковий звіт,RVL-CDIP,,754,1000,200546
scientific_report/scientific_report_0078.png,науковий звіт,RVL-CDIP,,754,1000,64889
scientific_report/scientific_report_0079.png,науковий звіт,RVL-CDIP,,777,1000,276175
scientific_report/scientific_report_0080.png,науковий звіт,RVL-CDIP,,777,1000,457973
scientific_report/scientific_report_0081.png,науковий звіт,RVL-CDIP,,794,1000,115599
scientific_report/scientific_report_0082.png,науковий звіт,RVL-CDIP,,798,1000,180184
scientific_report/scientific_report_0083.png,науковий звіт,RVL-CDIP,,794,1000,271491
scientific_report/scientific_report_0084.png,науковий звіт,RVL-CDIP,,774,1000,182777
scientific_report/scientific_report_0085.png,науковий звіт,RVL-CDIP,,777,1000,296746
scientific_report/scientific_report_0086.png,науковий звіт,RVL-CDIP,,802,1000,63213
scientific_report/scientific_report_0087.png,науковий звіт,RVL-CDIP,,802,1000,155278
scientific_report/scientific_report_0088.png,науковий звіт,RVL-CDIP,,762,1000,87890
scientific_report/scientific_report_0089.png,науковий звіт,RVL-CDIP,,779,1000,108085
scientific_report/scientific_report_0090.png,науковий звіт,RVL-CDIP,,790,1000,160908
scientific_report/scientific_report_0091.png,науковий звіт,RVL-CDIP,,777,1000,216120
scientific_report/scientific_report_0092.png,науковий звіт,RVL-CDIP,,776,1000,157049
scientific_report/scientific_report_0093.png,науковий звіт,RVL-CDIP,,754,1000,590538
scientific_report/scientific_report_0094.png,науковий звіт,RVL-CDIP,,754,1000,221440
scientific_report/scientific_report_0095.png,науковий звіт,RVL-CDIP,,754,1000,94273
scientific_report/scientific_report_0096.png,науковий звіт,RVL-CDIP,,777,1000,103105
scientific_report/scientific_report_0097.png,науковий звіт,RVL-CDIP,,771,1000,164825
scientific_report/scientific_report_0098.png,науковий звіт,RVL-CDIP,,777,1000,610380
scientific_report/scientific_report_0099.png,науковий звіт,RVL-CDIP,,754,1000,276677
scientific_report/scientific_report_0100.png,науковий звіт,RVL-CDIP,,754,1000,100235
scientific_report/scientific_report_0101.png,науковий звіт,RVL-CDIP,,781,1000,127712
scientific_report/scientific_report_0102.png,науковий звіт,RVL-CDIP,,754,1000,90065
scientific_report/scientific_report_0103.png,науковий звіт,RVL-CDIP,,775,1000,60516
scientific_report/scientific_report_0104.png,науковий звіт,RVL-CDIP,,802,1000,64582
scientific_report/scientific_report_0105.png,науковий звіт,RVL-CDIP,,713,1000,175321
scientific_report/scientific_report_0106.png,науковий звіт,RVL-CDIP,,777,1000,107589
scientific_report/scientific_report_0107.png,науковий звіт,RVL-CDIP,,772,1000,99580
scientific_report/scientific_report_0108.png,науковий звіт,RVL-CDIP,,773,1000,133346
scientific_report/scientific_report_0109.png,науковий звіт,RVL-CDIP,,754,1000,292976
scientific_report/scientific_report_0110.png,науковий звіт,RVL-CDIP,,777,1000,141007
scientific_report/scientific_report_0111.png,науковий звіт,RVL-CDIP,,754,1000,74869
scientific_report/scientific_report_0112.png,науковий звіт,RVL-CDIP,,777,1000,644975
scientific_report/scientific_report_0113.png,науковий звіт,RVL-CDIP,,802,1000,156574
scientific_report/scientific_report_0114.png,науковий звіт,RVL-CDIP,,777,1000,33098
scientific_report/scientific_report_0115.png,науковий звіт,RVL-CDIP,,754,1000,53690
scientific_report/scientific_report_0116.png,науковий звіт,RVL-CDIP,,777,1000,180184
scientific_report/scientific_report_0117.png,науковий звіт,RVL-CDIP,,754,1000,91969
scientific_report/scientific_report_0118.png,науковий звіт,RVL-CDIP,,772,1000,418707
scientific_report/scientific_report_0119.png,науковий звіт,RVL-CDIP,,754,1000,359468
scientific_report/scientific_report_0120.png,науковий звіт,RVL-CDIP,,780,1000,170629
scientific_report/scientific_report_0121.png,науковий звіт,RVL-CDIP,,873,1000,136984
scientific_report/scientific_report_0122.png,науковий звіт,RVL-CDIP,,777,1000,471320
scientific_report/scientific_report_0123.png,науковий звіт,RVL-CDIP,,802,1000,218977
scientific_report/scientific_report_0124.png,науковий звіт,RVL-CDIP,,754,1000,35929
scientific_report/scientific_report_0125.png,науковий звіт,RVL-CDIP,,835,1000,52721
scientific_report/scientific_report_0126.png,науковий звіт,RVL-CDIP,,762,1000,38491
scientific_report/scientific_report_0127.png,науковий звіт,RVL-CDIP,,784,1000,250085
scientific_report/scientific_report_0128.png,науковий звіт,RVL-CDIP,,795,1000,191899
scientific_report/scientific_report_0129.png,науковий звіт,RVL-CDIP,,777,1000,327775
scientific_report/scientific_report_0130.png,науковий звіт,RVL-CDIP,,769,1000,246035
scientific_report/scientific_report_0131.png,науковий звіт,RVL-CDIP,,754,1000,62888
scientific_report/scientific_report_0132.png,науковий звіт,RVL-CDIP,,754,1000,158131
scientific_report/scientific_report_0133.png,науковий звіт,RVL-CDIP,,648,1000,208852
scientific_report/scientific_report_0134.png,науковий звіт,RVL-CDIP,,754,1000,50567
scientific_report/scientific_report_0135.png,науковий звіт,RVL-CDIP,,804,1000,170721
scientific_report/scientific_report_0136.png,науковий звіт,RVL-CDIP,,777,1000,229853
scientific_report/scientific_report_0137.png,науковий звіт,RVL-CDIP,,754,1000,76941
scientific_report/scientific_report_0138.png,науковий звіт,RVL-CDIP,,777,1000,184349
scientific_report/scientific_report_0139.png,науковий звіт,RVL-CDIP,,776,1000,404867
scientific_report/scientific_report_0140.png,науковий звіт,RVL-CDIP,,772,1000,102729
scientific_report/scientific_report_0141.png,науковий звіт,RVL-CDIP,,777,1000,333561
scientific_report/scientific_report_0142.png,науковий звіт,RVL-CDIP,,754,1000,180775
scientific_report/scientific_report_0143.png,науковий звіт,RVL-CDIP,,780,1000,275081
scientific_report/scientific_report_0144.png,науковий звіт,RVL-CDIP,,754,1000,212171
scientific_report/scientific_report_0145.png,науковий звіт,RVL-CDIP,,770,1000,135473
scientific_report/scientific_report_0146.png,науковий звіт,RVL-CDIP,,767,1000,57633
scientific_report/scientific_report_0147.png,науковий звіт,RVL-CDIP,,754,1000,106982
scientific_report/scientific_report_0148.png,науковий звіт,RVL-CDIP,,777,1000,215690
scientific_report/scientific_report_0149.png,науковий звіт,RVL-CDIP,,777,1000,504825
scientific_report/scientific_report_0150.png,науковий звіт,RVL-CDIP,,772,1000,237607
scientific_report/scientific_report_0151.png,науковий звіт,RVL-CDIP,,777,1000,276475
scientific_report/scientific_report_0152.png,науковий звіт,RVL-CDIP,,754,1000,92950
scientific_report/scientific_report_0153.png,науковий звіт,RVL-CDIP,,725,1000,133398
scientific_report/scientific_report_0154.png,науковий звіт,RVL-CDIP,,777,1000,181001
scientific_report/scientific_report_0155.png,науковий звіт,RVL-CDIP,,771,1000,126349
scientific_report/scientific_report_0156.png,науковий звіт,RVL-CDIP,,754,1000,315031
scientific_report/scientific_report_0157.png,науковий звіт,RVL-CDIP,,754,1000,349072
scientific_report/scientific_report_0158.png,науковий звіт,RVL-CDIP,,777,1000,115752
scientific_report/scientific_report_0159.png,науковий звіт,RVL-CDIP,,802,1000,67471
scientific_report/scientific_report_0160.png,науковий звіт,RVL-CDIP,,754,1000,100999
scientific_report/scientific_report_0161.png,науковий звіт,RVL-CDIP,,777,1000,199155
scientific_report/scientific_report_0162.png,науковий звіт,RVL-CDIP,,777,1000,56346
scientific_report/scientific_report_0163.png,науковий звіт,RVL-CDIP,,777,1000,110625
scientific_report/scientific_report_0164.png,науковий звіт,RVL-CDIP,,772,1000,79199
scientific_report/scientific_report_0165.png,науковий звіт,RVL-CDIP,,754,1000,10391
scientific_report/scientific_report_0166.png,науковий звіт,RVL-CDIP,,754,1000,172775
scientific_report/scientific_report_0167.png,науковий звіт,RVL-CDIP,,754,1000,293699
scientific_report/scientific_report_0168.png,науковий звіт,RVL-CDIP,,775,1000,174487
scientific_report/scientific_report_0169.png,науковий звіт,RVL-CDIP,,789,1000,76571
scientific_report/scientific_report_0170.png,науковий звіт,RVL-CDIP,,802,1000,289792
scientific_report/scientific_report_0171.png,науковий звіт,RVL-CDIP,,754,1000,183195
scientific_report/scientific_report_0172.png,науковий звіт,RVL-CDIP,,754,1000,71097
scientific_report/scientific_report_0173.png,науковий звіт,RVL-CDIP,,731,1000,209726
scientific_report/scientific_report_0174.png,науковий звіт,RVL-CDIP,,754,1000,805341
scientific_report/scientific_report_0175.png,науковий звіт,RVL-CDIP,,802,1000,76624
scientific_report/scientific_report_0176.png,науковий звіт,RVL-CDIP,,779,1000,184639
scientific_report/scientific_report_0177.png,науковий звіт,RVL-CDIP,,754,1000,254804
scientific_report/scientific_report_0178.png,науковий звіт,RVL-CDIP,,777,1000,205855
scientific_report/scientific_report_0179.png,науковий звіт,RVL-CDIP,,762,1000,48741
scientific_report/scientific_report_0180.png,науковий звіт,RVL-CDIP,,777,1000,575413
scientific_report/scientific_report_0181.png,науковий звіт,RVL-CDIP,,754,1000,199720
scientific_report/scientific_report_0182.png,науковий звіт,RVL-CDIP,,754,1000,115012
scientific_report/scientific_report_0183.png,науковий звіт,RVL-CDIP,,777,1000,290149
scientific_report/scientific_report_0184.png,науковий звіт,RVL-CDIP,,754,1000,79614
scientific_report/scientific_report_0185.png,науковий звіт,RVL-CDIP,,762,1000,172077
scientific_report/scientific_report_0186.png,науковий звіт,RVL-CDIP,,777,1000,209955
scientific_report/scientific_report_0187.png,науковий звіт,RVL-CDIP,,762,1000,160550
scientific_report/scientific_report_0188.png,науковий звіт,RVL-CDIP,,733,1000,169595
scientific_report/scientific_report_0189.png,науковий звіт,RVL-CDIP,,754,1000,55099
scientific_publication/scientific_publication_0000.png,наукова публікація,RVL-CDIP,,703,1000,462132
scientific_publication/scientific_publication_0001.png,наукова публікація,RVL-CDIP,,777,1000,355431
scientific_publication/scientific_publication_0002.png,наукова публікація,RVL-CDIP,,777,1000,341815
scientific_publication/scientific_publication_0003.png,наукова публікація,RVL-CDIP,,802,1000,294276
scientific_publication/scientific_publication_0004.png,наукова публікація,RVL-CDIP,,754,1000,415504
scientific_publication/scientific_publication_0005.png,наукова публікація,RVL-CDIP,,772,1000,513275
scientific_publication/scientific_publication_0006.png,наукова публікація,RVL-CDIP,,754,1000,196603
scientific_publication/scientific_publication_0007.png,наукова публікація,RVL-CDIP,,754,1000,269444
scientific_publication/scientific_publication_0008.png,наукова публікація,RVL-CDIP,,777,1000,253254
scientific_publication/scientific_publication_0009.png,наукова публікація,RVL-CDIP,,754,1000,393656
scientific_publication/scientific_publication_0010.png,наукова публікація,RVL-CDIP,,754,1000,311007
scientific_publication/scientific_publication_0011.png,наукова публікація,RVL-CDIP,,772,1000,494098
scientific_publication/scientific_publication_0012.png,наукова публікація,RVL-CDIP,,754,1000,388641
scientific_publication/scientific_publication_0013.png,наукова публікація,RVL-CDIP,,777,1000,565311
scientific_publication/scientific_publication_0014.png,наукова публікація,RVL-CDIP,,772,1000,262964
scientific_publication/scientific_publication_0015.png,наукова публікація,RVL-CDIP,,772,1000,201974
scientific_publication/scientific_publication_0016.png,наукова публікація,RVL-CDIP,,754,1000,389411
scientific_publication/scientific_publication_0017.png,наукова публікація,RVL-CDIP,,754,1000,170352
scientific_publication/scientific_publication_0018.png,наукова публікація,RVL-CDIP,,754,1000,323570
scientific_publication/scientific_publication_0019.png,наукова публікація,RVL-CDIP,,754,1000,494584
scientific_publication/scientific_publication_0020.png,наукова публікація,RVL-CDIP,,754,1000,257107
scientific_publication/scientific_publication_0021.png,наукова публікація,RVL-CDIP,,754,1000,224767
scientific_publication/scientific_publication_0022.png,наукова публікація,RVL-CDIP,,777,1000,424748
scientific_publication/scientific_publication_0023.png,наукова публікація,RVL-CDIP,,754,1000,512335
scientific_publication/scientific_publication_0024.png,наукова публікація,RVL-CDIP,,754,1000,381438
scientific_publication/scientific_publication_0025.png,наукова публікація,RVL-CDIP,,772,1000,455812
scientific_publication/scientific_publication_0026.png,наукова публікація,RVL-CDIP,,754,1000,497182
scientific_publication/scientific_publication_0027.png,наукова публікація,RVL-CDIP,,754,1000,300177
scientific_publication/scientific_publication_0028.png,наукова публікація,RVL-CDIP,,754,1000,353104
scientific_publication/scientific_publication_0029.png,наукова публікація,RVL-CDIP,,754,1000,403857
scientific_publication/scientific_publication_0030.png,наукова публікація,RVL-CDIP,,754,1000,302345
scientific_publication/scientific_publication_0031.png,наукова публікація,RVL-CDIP,,777,1000,397725
scientific_publication/scientific_publication_0032.png,наукова публікація,RVL-CDIP,,754,1000,443772
scientific_publication/scientific_publication_0033.png,наукова публікація,RVL-CDIP,,810,1000,149918
scientific_publication/scientific_publication_0034.png,наукова публікація,RVL-CDIP,,781,1000,310847
scientific_publication/scientific_publication_0035.png,наукова публікація,RVL-CDIP,,761,1000,504860
scientific_publication/scientific_publication_0036.png,наукова публікація,RVL-CDIP,,754,1000,305276
scientific_publication/scientific_publication_0037.png,наукова публікація,RVL-CDIP,,813,1000,118071
scientific_publication/scientific_publication_0038.png,наукова публікація,RVL-CDIP,,777,1000,448171
scientific_publication/scientific_publication_0039.png,наукова публікація,RVL-CDIP,,754,1000,402778
scientific_publication/scientific_publication_0040.png,наукова публікація,RVL-CDIP,,754,1000,343048
scientific_publication/scientific_publication_0041.png,наукова публікація,RVL-CDIP,,772,1000,354637
scientific_publication/scientific_publication_0042.png,наукова публікація,RVL-CDIP,,777,1000,661947
scientific_publication/scientific_publication_0043.png,наукова публікація,RVL-CDIP,,754,1000,407873
scientific_publication/scientific_publication_0044.png,наукова публікація,RVL-CDIP,,754,1000,90228
scientific_publication/scientific_publication_0045.png,наукова публікація,RVL-CDIP,,772,1000,389226
scientific_publication/scientific_publication_0046.png,наукова публікація,RVL-CDIP,,772,1000,314032
scientific_publication/scientific_publication_0047.png,наукова публікація,RVL-CDIP,,754,1000,497676
scientific_publication/scientific_publication_0048.png,наукова публікація,RVL-CDIP,,754,1000,14736
scientific_publication/scientific_publication_0049.png,наукова публікація,RVL-CDIP,,754,1000,441728
scientific_publication/scientific_publication_0050.png,наукова публікація,RVL-CDIP,,754,1000,550645
scientific_publication/scientific_publication_0051.png,наукова публікація,RVL-CDIP,,754,1000,433774
scientific_publication/scientific_publication_0052.png,наукова публікація,RVL-CDIP,,754,1000,385652
scientific_publication/scientific_publication_0053.png,наукова публікація,RVL-CDIP,,800,1000,416028
scientific_publication/scientific_publication_0054.png,наукова публікація,RVL-CDIP,,772,1000,276611
scientific_publication/scientific_publication_0055.png,наукова публікація,RVL-CDIP,,754,1000,417492
scientific_publication/scientific_publication_0056.png,наукова публікація,RVL-CDIP,,754,1000,417345
scientific_publication/scientific_publication_0057.png,наукова публікація,RVL-CDIP,,772,1000,352262
scientific_publication/scientific_publication_0058.png,наукова публікація,RVL-CDIP,,754,1000,516069
scientific_publication/scientific_publication_0059.png,наукова публікація,RVL-CDIP,,754,1000,525320
scientific_publication/scientific_publication_0060.png,наукова публікація,RVL-CDIP,,772,1000,400876
scientific_publication/scientific_publication_0061.png,наукова публікація,RVL-CDIP,,777,1000,317276
scientific_publication/scientific_publication_0062.png,наукова публікація,RVL-CDIP,,777,1000,426374
scientific_publication/scientific_publication_0063.png,наукова публікація,RVL-CDIP,,754,1000,434033
scientific_publication/scientific_publication_0064.png,наукова публікація,RVL-CDIP,,754,1000,263495
scientific_publication/scientific_publication_0065.png,наукова публікація,RVL-CDIP,,789,1000,529799
scientific_publication/scientific_publication_0066.png,наукова публікація,RVL-CDIP,,754,1000,518970
scientific_publication/scientific_publication_0067.png,наукова публікація,RVL-CDIP,,754,1000,388460
scientific_publication/scientific_publication_0068.png,наукова публікація,RVL-CDIP,,754,1000,397771
scientific_publication/scientific_publication_0069.png,наукова публікація,RVL-CDIP,,813,1000,218664
scientific_publication/scientific_publication_0070.png,наукова публікація,RVL-CDIP,,754,1000,439932
scientific_publication/scientific_publication_0071.png,наукова публікація,RVL-CDIP,,754,1000,331963
scientific_publication/scientific_publication_0072.png,наукова публікація,RVL-CDIP,,777,1000,559432
scientific_publication/scientific_publication_0073.png,наукова публікація,RVL-CDIP,,777,1000,412872
scientific_publication/scientific_publication_0074.png,наукова публікація,RVL-CDIP,,754,1000,332196
scientific_publication/scientific_publication_0075.png,наукова публікація,RVL-CDIP,,777,1000,1318521
scientific_publication/scientific_publication_0076.png,наукова публікація,RVL-CDIP,,754,1000,372669
scientific_publication/scientific_publication_0077.png,наукова публікація,RVL-CDIP,,754,1000,383274
scientific_publication/scientific_publication_0078.png,наукова публікація,RVL-CDIP,,754,1000,544586
scientific_publication/scientific_publication_0079.png,наукова публікація,RVL-CDIP,,760,1000,340459
scientific_publication/scientific_publication_0080.png,наукова публікація,RVL-CDIP,,777,1000,371830
scientific_publication/scientific_publication_0081.png,наукова публікація,RVL-CDIP,,754,1000,247447
scientific_publication/scientific_publication_0082.png,наукова публікація,RVL-CDIP,,754,1000,384393
scientific_publication/scientific_publication_0083.png,наукова публікація,RVL-CDIP,,754,1000,533587
scientific_publication/scientific_publication_0084.png,наукова публікація,RVL-CDIP,,754,1000,481036
scientific_publication/scientific_publication_0085.png,наукова публікація,RVL-CDIP,,772,1000,146513
scientific_publication/scientific_publication_0086.png,наукова публікація,RVL-CDIP,,754,1000,561639
scientific_publication/scientific_publication_0087.png,наукова публікація,RVL-CDIP,,754,1000,418961
scientific_publication/scientific_publication_0088.png,наукова публікація,RVL-CDIP,,777,1000,303527
scientific_publication/scientific_publication_0089.png,наукова публікація,RVL-CDIP,,777,1000,458578
scientific_publication/scientific_publication_0090.png,наукова публікація,RVL-CDIP,,806,1000,552291
scientific_publication/scientific_publication_0091.png,наукова публікація,RVL-CDIP,,783,1000,465004
scientific_publication/scientific_publication_0092.png,наукова публікація,RVL-CDIP,,777,1000,681873
scientific_publication/scientific_publication_0093.png,наукова публікація,RVL-CDIP,,754,1000,385164
scientific_publication/scientific_publication_0094.png,наукова публікація,RVL-CDIP,,754,1000,62504
scientific_publication/scientific_publication_0095.png,наукова публікація,RVL-CDIP,,754,1000,262351
scientific_publication/scientific_publication_0096.png,наукова публікація,RVL-CDIP,,772,1000,464320
scientific_publication/scientific_publication_0097.png,наукова публікація,RVL-CDIP,,754,1000,445586
scientific_publication/scientific_publication_0098.png,наукова публікація,RVL-CDIP,,754,1000,460195
scientific_publication/scientific_publication_0099.png,наукова публікація,RVL-CDIP,,754,1000,389698
scientific_publication/scientific_publication_0100.png,наукова публікація,RVL-CDIP,,754,1000,431641
scientific_publication/scientific_publication_0101.png,наукова публікація,RVL-CDIP,,754,1000,545407
scientific_publication/scientific_publication_0102.png,наукова публікація,RVL-CDIP,,754,1000,544306
scientific_publication/scientific_publication_0103.png,наукова публікація,RVL-CDIP,,777,1000,43056
scientific_publication/scientific_publication_0104.png,наукова публікація,RVL-CDIP,,772,1000,193037
scientific_publication/scientific_publication_0105.png,наукова публікація,RVL-CDIP,,754,1000,229115
scientific_publication/scientific_publication_0106.png,наукова публікація,RVL-CDIP,,754,1000,518443
scientific_publication/scientific_publication_0107.png,наукова публікація,RVL-CDIP,,754,1000,52658
scientific_publication/scientific_publication_0108.png,наукова публікація,RVL-CDIP,,754,1000,341381
scientific_publication/scientific_publication_0109.png,наукова публікація,RVL-CDIP,,772,1000,376442
scientific_publication/scientific_publication_0110.png,наукова публікація,RVL-CDIP,,754,1000,378248
scientific_publication/scientific_publication_0111.png,наукова публікація,RVL-CDIP,,754,1000,443270
scientific_publication/scientific_publication_0112.png,наукова публікація,RVL-CDIP,,772,1000,107525
scientific_publication/scientific_publication_0113.png,наукова публікація,RVL-CDIP,,754,1000,507197
scientific_publication/scientific_publication_0114.png,наукова публікація,RVL-CDIP,,847,1000,302392
scientific_publication/scientific_publication_0115.png,наукова публікація,RVL-CDIP,,772,1000,259398
scientific_publication/scientific_publication_0116.png,наукова публікація,RVL-CDIP,,772,1000,178611
scientific_publication/scientific_publication_0117.png,наукова публікація,RVL-CDIP,,772,1000,73491
scientific_publication/scientific_publication_0118.png,наукова публікація,RVL-CDIP,,772,1000,289538
scientific_publication/scientific_publication_0119.png,наукова публікація,RVL-CDIP,,754,1000,392426
scientific_publication/scientific_publication_0120.png,наукова публікація,RVL-CDIP,,777,1000,376173
scientific_publication/scientific_publication_0121.png,наукова публікація,RVL-CDIP,,777,1000,327214
scientific_publication/scientific_publication_0122.png,наукова публікація,RVL-CDIP,,754,1000,368765
scientific_publication/scientific_publication_0123.png,наукова публікація,RVL-CDIP,,772,1000,317471
scientific_publication/scientific_publication_0124.png,наукова публікація,RVL-CDIP,,754,1000,515764
scientific_publication/scientific_publication_0125.png,наукова публікація,RVL-CDIP,,771,1000,169022
scientific_publication/scientific_publication_0126.png,наукова публікація,RVL-CDIP,,754,1000,580848
scientific_publication/scientific_publication_0127.png,наукова публікація,RVL-CDIP,,786,1000,174830
scientific_publication/scientific_publication_0128.png,наукова публікація,RVL-CDIP,,754,1000,509957
scientific_publication/scientific_publication_0129.png,наукова публікація,RVL-CDIP,,720,1000,627617
scientific_publication/scientific_publication_0130.png,наукова публікація,RVL-CDIP,,754,1000,346346
scientific_publication/scientific_publication_0131.png,наукова публікація,RVL-CDIP,,754,1000,426426
scientific_publication/scientific_publication_0132.png,наукова публікація,RVL-CDIP,,772,1000,488181
scientific_publication/scientific_publication_0133.png,наукова публікація,RVL-CDIP,,754,1000,386918
scientific_publication/scientific_publication_0134.png,наукова публікація,RVL-CDIP,,754,1000,395462
scientific_publication/scientific_publication_0135.png,наукова публікація,RVL-CDIP,,754,1000,391871
scientific_publication/scientific_publication_0136.png,наукова публікація,RVL-CDIP,,775,1000,607989
scientific_publication/scientific_publication_0137.png,наукова публікація,RVL-CDIP,,754,1000,318601
scientific_publication/scientific_publication_0138.png,наукова публікація,RVL-CDIP,,754,1000,537786
scientific_publication/scientific_publication_0139.png,наукова публікація,RVL-CDIP,,754,1000,503389
scientific_publication/scientific_publication_0140.png,наукова публікація,RVL-CDIP,,754,1000,272664
scientific_publication/scientific_publication_0141.png,наукова публікація,RVL-CDIP,,754,1000,344970
scientific_publication/scientific_publication_0142.png,наукова публікація,RVL-CDIP,,754,1000,361011
scientific_publication/scientific_publication_0143.png,наукова публікація,RVL-CDIP,,754,1000,544910
scientific_publication/scientific_publication_0144.png,наукова публікація,RVL-CDIP,,777,1000,608614
scientific_publication/scientific_publication_0145.png,наукова публікація,RVL-CDIP,,772,1000,404509
scientific_publication/scientific_publication_0146.png,наукова публікація,RVL-CDIP,,754,1000,430982
scientific_publication/scientific_publication_0147.png,наукова публікація,RVL-CDIP,,762,1000,426526
scientific_publication/scientific_publication_0148.png,наукова публікація,RVL-CDIP,,754,1000,149503
scientific_publication/scientific_publication_0149.png,наукова публікація,RVL-CDIP,,777,1000,415437
scientific_publication/scientific_publication_0150.png,наукова публікація,RVL-CDIP,,777,1000,335226
scientific_publication/scientific_publication_0151.png,наукова публікація,RVL-CDIP,,754,1000,527269
scientific_publication/scientific_publication_0152.png,наукова публікація,RVL-CDIP,,772,1000,214363
scientific_publication/scientific_publication_0153.png,наукова публікація,RVL-CDIP,,754,1000,256194
scientific_publication/scientific_publication_0154.png,наукова публікація,RVL-CDIP,,771,1000,329505
scientific_publication/scientific_publication_0155.png,наукова публікація,RVL-CDIP,,754,1000,484557
scientific_publication/scientific_publication_0156.png,наукова публікація,RVL-CDIP,,772,1000,343593
scientific_publication/scientific_publication_0157.png,наукова публікація,RVL-CDIP,,777,1000,151391
scientific_publication/scientific_publication_0158.png,наукова публікація,RVL-CDIP,,754,1000,193275
scientific_publication/scientific_publication_0159.png,наукова публікація,RVL-CDIP,,777,1000,354883
scientific_publication/scientific_publication_0160.png,наукова публікація,RVL-CDIP,,754,1000,232878
scientific_publication/scientific_publication_0161.png,наукова публікація,RVL-CDIP,,772,1000,257813
scientific_publication/scientific_publication_0162.png,наукова публікація,RVL-CDIP,,754,1000,374577
scientific_publication/scientific_publication_0163.png,наукова публікація,RVL-CDIP,,754,1000,394090
scientific_publication/scientific_publication_0164.png,наукова публікація,RVL-CDIP,,754,1000,364538
scientific_publication/scientific_publication_0165.png,наукова публікація,RVL-CDIP,,812,1000,218661
scientific_publication/scientific_publication_0166.png,наукова публікація,RVL-CDIP,,772,1000,284414
scientific_publication/scientific_publication_0167.png,наукова публікація,RVL-CDIP,,777,1000,130286
scientific_publication/scientific_publication_0168.png,наукова публікація,RVL-CDIP,,754,1000,464390
scientific_publication/scientific_publication_0169.png,наукова публікація,RVL-CDIP,,754,1000,526938
scientific_publication/scientific_publication_0170.png,наукова публікація,RVL-CDIP,,754,1000,554029
scientific_publication/scientific_publication_0171.png,наукова публікація,RVL-CDIP,,771,1000,481961
scientific_publication/scientific_publication_0172.png,наукова публікація,RVL-CDIP,,754,1000,288494
scientific_publication/scientific_publication_0173.png,наукова публікація,RVL-CDIP,,772,1000,332590
scientific_publication/scientific_publication_0174.png,наукова публікація,RVL-CDIP,,754,1000,804647
scientific_publication/scientific_publication_0175.png,наукова публікація,RVL-CDIP,,772,1000,419789
scientific_publication/scientific_publication_0176.png,наукова публікація,RVL-CDIP,,777,1000,1017175
scientific_publication/scientific_publication_0177.png,наукова публікація,RVL-CDIP,,754,1000,373653
scientific_publication/scientific_publication_0178.png,наукова публікація,RVL-CDIP,,754,1000,46628
scientific_publication/scientific_publication_0179.png,наукова публікація,RVL-CDIP,,754,1000,280390
scientific_publication/scientific_publication_0180.png,наукова публікація,RVL-CDIP,,754,1000,266518
scientific_publication/scientific_publication_0181.png,наукова публікація,RVL-CDIP,,754,1000,224985
scientific_publication/scientific_publication_0182.png,наукова публікація,RVL-CDIP,,754,1000,240245
scientific_publication/scientific_publication_0183.png,наукова публікація,RVL-CDIP,,772,1000,202953
scientific_publication/scientific_publication_0184.png,наукова публікація,RVL-CDIP,,754,1000,274453
scientific_publication/scientific_publication_0185.png,наукова публікація,RVL-CDIP,,798,1000,351479
scientific_publication/scientific_publication_0186.png,наукова публікація,RVL-CDIP,,772,1000,768098
scientific_publication/scientific_publication_0187.png,наукова публікація,RVL-CDIP,,777,1000,523665
scientific_publication/scientific_publication_0188.png,наукова публікація,RVL-CDIP,,772,1000,306402
scientific_publication/scientific_publication_0189.png,наукова публікація,RVL-CDIP,,754,1000,293063
specification/specification_0000.png,специфікація,RVL-CDIP,,793,1000,300047
specification/specification_0001.png,специфікація,RVL-CDIP,,871,1000,284783
specification/specification_0002.png,специфікація,RVL-CDIP,,785,1000,318446
specification/specification_0003.png,специфікація,RVL-CDIP,,777,1000,164948
specification/specification_0004.png,специфікація,RVL-CDIP,,829,1000,263882
specification/specification_0005.png,специфікація,RVL-CDIP,,772,1000,163788
specification/specification_0006.png,специфікація,RVL-CDIP,,754,1000,102118
specification/specification_0007.png,специфікація,RVL-CDIP,,762,1000,148658
specification/specification_0008.png,специфікація,RVL-CDIP,,754,1000,147625
specification/specification_0009.png,специфікація,RVL-CDIP,,778,1000,134870
specification/specification_0010.png,специфікація,RVL-CDIP,,778,1000,223390
specification/specification_0011.png,специфікація,RVL-CDIP,,754,1000,146743
specification/specification_0012.png,специфікація,RVL-CDIP,,754,1000,167959
specification/specification_0013.png,специфікація,RVL-CDIP,,754,1000,147616
specification/specification_0014.png,специфікація,RVL-CDIP,,754,1000,307245
specification/specification_0015.png,специфікація,RVL-CDIP,,777,1000,313646
specification/specification_0016.png,специфікація,RVL-CDIP,,792,1000,136977
specification/specification_0017.png,специфікація,RVL-CDIP,,773,1000,332240
specification/specification_0018.png,специфікація,RVL-CDIP,,774,1000,208916
specification/specification_0019.png,специфікація,RVL-CDIP,,793,1000,274800
specification/specification_0020.png,специфікація,RVL-CDIP,,785,1000,344305
specification/specification_0021.png,специфікація,RVL-CDIP,,783,1000,251216
specification/specification_0022.png,специфікація,RVL-CDIP,,843,1000,414683
specification/specification_0023.png,специфікація,RVL-CDIP,,777,1000,202210
specification/specification_0024.png,специфікація,RVL-CDIP,,780,1000,283397
specification/specification_0025.png,специфікація,RVL-CDIP,,779,1000,174952
specification/specification_0026.png,специфікація,RVL-CDIP,,838,1000,292834
specification/specification_0027.png,специфікація,RVL-CDIP,,754,1000,145160
specification/specification_0028.png,специфікація,RVL-CDIP,,762,1000,139678
specification/specification_0029.png,специфікація,RVL-CDIP,,754,1000,136209
specification/specification_0030.png,специфікація,RVL-CDIP,,754,1000,177904
specification/specification_0031.png,специфікація,RVL-CDIP,,754,1000,137273
specification/specification_0032.png,специфікація,RVL-CDIP,,754,1000,143035
specification/specification_0033.png,специфікація,RVL-CDIP,,797,1000,368129
specification/specification_0034.png,специфікація,RVL-CDIP,,762,1000,175956
specification/specification_0035.png,специфікація,RVL-CDIP,,778,1000,200384
specification/specification_0036.png,специфікація,RVL-CDIP,,762,1000,202614
specification/specification_0037.png,специфікація,RVL-CDIP,,777,1000,259676
specification/specification_0038.png,специфікація,RVL-CDIP,,785,1000,246005
specification/specification_0039.png,специфікація,RVL-CDIP,,754,1000,122450
specification/specification_0040.png,специфікація,RVL-CDIP,,774,1000,374185
specification/specification_0041.png,специфікація,RVL-CDIP,,754,1000,75860
specification/specification_0042.png,специфікація,RVL-CDIP,,788,1000,183060
specification/specification_0043.png,специфікація,RVL-CDIP,,754,1000,135782
specification/specification_0044.png,специфікація,RVL-CDIP,,754,1000,143402
specification/specification_0045.png,специфікація,RVL-CDIP,,775,1000,181518
specification/specification_0046.png,специфікація,RVL-CDIP,,754,1000,163849
specification/specification_0047.png,специфікація,RVL-CDIP,,775,1000,264393
specification/specification_0048.png,специфікація,RVL-CDIP,,782,1000,202625
specification/specification_0049.png,специфікація,RVL-CDIP,,754,1000,111840
specification/specification_0050.png,специфікація,RVL-CDIP,,766,1000,177332
specification/specification_0051.png,специфікація,RVL-CDIP,,754,1000,144049
specification/specification_0052.png,специфікація,RVL-CDIP,,775,1000,44824
specification/specification_0053.png,специфікація,RVL-CDIP,,786,1000,434333
specification/specification_0054.png,специфікація,RVL-CDIP,,754,1000,79932
specification/specification_0055.png,специфікація,RVL-CDIP,,780,1000,427682
specification/specification_0056.png,специфікація,RVL-CDIP,,777,1000,174023
specification/specification_0057.png,специфікація,RVL-CDIP,,797,1000,300252
specification/specification_0058.png,специфікація,RVL-CDIP,,797,1000,359359
specification/specification_0059.png,специфікація,RVL-CDIP,,773,1000,300934
specification/specification_0060.png,специфікація,RVL-CDIP,,762,1000,159811
specification/specification_0061.png,специфікація,RVL-CDIP,,754,1000,142001
specification/specification_0062.png,специфікація,RVL-CDIP,,754,1000,129872
specification/specification_0063.png,специфікація,RVL-CDIP,,772,1000,190217
specification/specification_0064.png,специфікація,RVL-CDIP,,777,1000,196340
specification/specification_0065.png,специфікація,RVL-CDIP,,777,1000,204867
specification/specification_0066.png,специфікація,RVL-CDIP,,754,1000,145811
specification/specification_0067.png,специфікація,RVL-CDIP,,780,1000,111439
specification/specification_0068.png,специфікація,RVL-CDIP,,777,1000,195936
specification/specification_0069.png,специфікація,RVL-CDIP,,762,1000,195856
specification/specification_0070.png,специфікація,RVL-CDIP,,762,1000,210914
specification/specification_0071.png,специфікація,RVL-CDIP,,754,1000,146484
specification/specification_0072.png,специфікація,RVL-CDIP,,754,1000,122960
specification/specification_0073.png,специфікація,RVL-CDIP,,774,1000,182141
specification/specification_0074.png,специфікація,RVL-CDIP,,754,1000,136769
specification/specification_0075.png,специфікація,RVL-CDIP,,869,1000,357102
specification/specification_0076.png,специфікація,RVL-CDIP,,783,1000,211910
specification/specification_0077.png,специфікація,RVL-CDIP,,771,1000,216787
specification/specification_0078.png,специфікація,RVL-CDIP,,754,1000,113626
specification/specification_0079.png,специфікація,RVL-CDIP,,754,1000,152386
specification/specification_0080.png,специфікація,RVL-CDIP,,785,1000,149845
specification/specification_0081.png,специфікація,RVL-CDIP,,754,1000,381930
specification/specification_0082.png,специфікація,RVL-CDIP,,754,1000,116579
specification/specification_0083.png,специфікація,RVL-CDIP,,776,1000,362921
specification/specification_0084.png,специфікація,RVL-CDIP,,754,1000,108010
specification/specification_0085.png,специфікація,RVL-CDIP,,754,1000,154230
specification/specification_0086.png,специфікація,RVL-CDIP,,784,1000,135889
specification/specification_0087.png,специфікація,RVL-CDIP,,788,1000,132954
specification/specification_0088.png,специфікація,RVL-CDIP,,777,1000,802053
specification/specification_0089.png,специфікація,RVL-CDIP,,777,1000,187262
specification/specification_0090.png,специфікація,RVL-CDIP,,754,1000,139139
specification/specification_0091.png,специфікація,RVL-CDIP,,754,1000,104386
specification/specification_0092.png,специфікація,RVL-CDIP,,771,1000,358684
specification/specification_0093.png,специфікація,RVL-CDIP,,781,1000,218109
specification/specification_0094.png,специфікація,RVL-CDIP,,762,1000,307024
specification/specification_0095.png,специфікація,RVL-CDIP,,754,1000,134832
specification/specification_0096.png,специфікація,RVL-CDIP,,754,1000,114638
specification/specification_0097.png,специфікація,RVL-CDIP,,778,1000,181447
specification/specification_0098.png,специфікація,RVL-CDIP,,777,1000,189052
specification/specification_0099.png,специфікація,RVL-CDIP,,762,1000,217939
specification/specification_0100.png,специфікація,RVL-CDIP,,754,1000,141134
specification/specification_0101.png,специфікація,RVL-CDIP,,754,1000,111181
specification/specification_0102.png,специфікація,RVL-CDIP,,789,1000,342347
specification/specification_0103.png,специфікація,RVL-CDIP,,754,1000,240325
specification/specification_0104.png,специфікація,RVL-CDIP,,796,1000,163155
specification/specification_0105.png,специфікація,RVL-CDIP,,754,1000,151054
specification/specification_0106.png,специфікація,RVL-CDIP,,782,1000,165116
specification/specification_0107.png,специфікація,RVL-CDIP,,754,1000,156837
specification/specification_0108.png,специфікація,RVL-CDIP,,754,1000,140522
specification/specification_0109.png,специфікація,RVL-CDIP,,769,1000,178096
specification/specification_0110.png,специфікація,RVL-CDIP,,785,1000,481231
specification/specification_0111.png,специфікація,RVL-CDIP,,778,1000,370660
specification/specification_0112.png,специфікація,RVL-CDIP,,754,1000,144459
specification/specification_0113.png,специфікація,RVL-CDIP,,795,1000,366673
specification/specification_0114.png,специфікація,RVL-CDIP,,778,1000,192200
specification/specification_0115.png,специфікація,RVL-CDIP,,788,1000,127560
specification/specification_0116.png,специфікація,RVL-CDIP,,777,1000,205421
specification/specification_0117.png,специфікація,RVL-CDIP,,793,1000,389470
specification/specification_0118.png,специфікація,RVL-CDIP,,787,1000,217451
specification/specification_0119.png,специфікація,RVL-CDIP,,754,1000,170486
specification/specification_0120.png,специфікація,RVL-CDIP,,779,1000,189536
specification/specification_0121.png,специфікація,RVL-CDIP,,843,1000,449215
specification/specification_0122.png,специфікація,RVL-CDIP,,754,1000,110852
specification/specification_0123.png,специфікація,RVL-CDIP,,754,1000,179251
specification/specification_0124.png,специфікація,RVL-CDIP,,775,1000,130822
specification/specification_0125.png,специфікація,RVL-CDIP,,754,1000,119758
specification/specification_0126.png,специфікація,RVL-CDIP,,774,1000,380237
specification/specification_0127.png,специфікація,RVL-CDIP,,838,1000,300469
specification/specification_0128.png,специфікація,RVL-CDIP,,754,1000,158238
specification/specification_0129.png,специфікація,RVL-CDIP,,754,1000,142954
specification/specification_0130.png,специфікація,RVL-CDIP,,754,1000,164443
specification/specification_0131.png,специфікація,RVL-CDIP,,778,1000,159453
specification/specification_0132.png,специфікація,RVL-CDIP,,754,1000,154479
specification/specification_0133.png,специфікація,RVL-CDIP,,754,1000,164464
specification/specification_0134.png,специфікація,RVL-CDIP,,754,1000,422890
specification/specification_0135.png,специфікація,RVL-CDIP,,794,1000,350070
specification/specification_0136.png,специфікація,RVL-CDIP,,837,1000,226512
specification/specification_0137.png,специфікація,RVL-CDIP,,777,1000,213821
specification/specification_0138.png,специфікація,RVL-CDIP,,754,1000,112241
specification/specification_0139.png,специфікація,RVL-CDIP,,777,1000,254504
specification/specification_0140.png,специфікація,RVL-CDIP,,754,1000,143379
specification/specification_0141.png,специфікація,RVL-CDIP,,782,1000,216325
specification/specification_0142.png,специфікація,RVL-CDIP,,754,1000,161656
specification/specification_0143.png,специфікація,RVL-CDIP,,754,1000,41437
specification/specification_0144.png,специфікація,RVL-CDIP,,788,1000,288112
specification/specification_0145.png,специфікація,RVL-CDIP,,754,1000,144262
specification/specification_0146.png,специфікація,RVL-CDIP,,778,1000,204151
specification/specification_0147.png,специфікація,RVL-CDIP,,780,1000,138283
specification/specification_0148.png,специфікація,RVL-CDIP,,762,1000,70019
specification/specification_0149.png,специфікація,RVL-CDIP,,781,1000,477966
specification/specification_0150.png,специфікація,RVL-CDIP,,754,1000,142757
specification/specification_0151.png,специфікація,RVL-CDIP,,778,1000,162520
specification/specification_0152.png,специфікація,RVL-CDIP,,788,1000,386413
specification/specification_0153.png,специфікація,RVL-CDIP,,786,1000,285971
specification/specification_0154.png,специфікація,RVL-CDIP,,784,1000,325874
specification/specification_0155.png,специфікація,RVL-CDIP,,797,1000,379520
specification/specification_0156.png,специфікація,RVL-CDIP,,754,1000,210258
specification/specification_0157.png,специфікація,RVL-CDIP,,778,1000,169706
specification/specification_0158.png,специфікація,RVL-CDIP,,754,1000,168287
specification/specification_0159.png,специфікація,RVL-CDIP,,788,1000,349767
specification/specification_0160.png,специфікація,RVL-CDIP,,776,1000,78441
specification/specification_0161.png,специфікація,RVL-CDIP,,778,1000,252988
specification/specification_0162.png,специфікація,RVL-CDIP,,777,1000,262821
specification/specification_0163.png,специфікація,RVL-CDIP,,794,1000,383799
specification/specification_0164.png,специфікація,RVL-CDIP,,778,1000,208431
specification/specification_0165.png,специфікація,RVL-CDIP,,754,1000,119452
specification/specification_0166.png,специфікація,RVL-CDIP,,754,1000,115807
specification/specification_0167.png,специфікація,RVL-CDIP,,754,1000,379771
specification/specification_0168.png,специфікація,RVL-CDIP,,781,1000,136111
specification/specification_0169.png,специфікація,RVL-CDIP,,775,1000,215547
specification/specification_0170.png,специфікація,RVL-CDIP,,776,1000,196163
specification/specification_0171.png,специфікація,RVL-CDIP,,762,1000,290147
specification/specification_0172.png,специфікація,RVL-CDIP,,786,1000,181562
specification/specification_0173.png,специфікація,RVL-CDIP,,783,1000,249234
specification/specification_0174.png,специфікація,RVL-CDIP,,781,1000,241067
specification/specification_0175.png,специфікація,RVL-CDIP,,775,1000,234036
specification/specification_0176.png,специфікація,RVL-CDIP,,754,1000,105460
specification/specification_0177.png,специфікація,RVL-CDIP,,776,1000,134817
specification/specification_0178.png,специфікація,RVL-CDIP,,778,1000,290165
specification/specification_0179.png,специфікація,RVL-CDIP,,754,1000,138067
specification/specification_0180.png,специфікація,RVL-CDIP,,787,1000,353831
specification/specification_0181.png,специфікація,RVL-CDIP,,769,1000,181280
specification/specification_0182.png,специфікація,RVL-CDIP,,783,1000,181080
specification/specification_0183.png,специфікація,RVL-CDIP,,778,1000,159066
specification/specification_0184.png,специфікація,RVL-CDIP,,777,1000,226561
specification/specification_0185.png,специфікація,RVL-CDIP,,754,1000,173957
specification/specification_0186.png,специфікація,RVL-CDIP,,776,1000,178812
specification/specification_0187.png,специфікація,RVL-CDIP,,754,1000,139599
specification/specification_0188.png,специфікація,RVL-CDIP,,838,1000,249155
specification/specification_0189.png,специфікація,RVL-CDIP,,754,1000,118388
file_folder/file_folder_0000.png,файлова папка,RVL-CDIP,,840,1000,38977
file_folder/file_folder_0001.png,файлова папка,RVL-CDIP,,778,1000,1057742
file_folder/file_folder_0002.png,файлова папка,RVL-CDIP,,754,1000,40839
file_folder/file_folder_0003.png,файлова папка,RVL-CDIP,,777,1000,137997
file_folder/file_folder_0004.png,файлова папка,RVL-CDIP,,762,1000,25823
file_folder/file_folder_0005.png,файлова папка,RVL-CDIP,,754,1000,185103
file_folder/file_folder_0006.png,файлова папка,RVL-CDIP,,754,1000,40537
file_folder/file_folder_0007.png,файлова папка,RVL-CDIP,,754,1000,1031775
file_folder/file_folder_0008.png,файлова папка,RVL-CDIP,,798,1000,622089
file_folder/file_folder_0009.png,файлова папка,RVL-CDIP,,754,1000,16667
file_folder/file_folder_0010.png,файлова папка,RVL-CDIP,,777,1000,1004707
file_folder/file_folder_0011.png,файлова папка,RVL-CDIP,,767,1000,41290
file_folder/file_folder_0012.png,файлова папка,RVL-CDIP,,789,1000,128768
file_folder/file_folder_0013.png,файлова папка,RVL-CDIP,,780,1000,23813
file_folder/file_folder_0014.png,файлова папка,RVL-CDIP,,703,1000,15761
file_folder/file_folder_0015.png,файлова папка,RVL-CDIP,,762,1000,23420
file_folder/file_folder_0016.png,файлова папка,RVL-CDIP,,777,1000,85803
file_folder/file_folder_0017.png,файлова папка,RVL-CDIP,,739,1000,155324
file_folder/file_folder_0018.png,файлова папка,RVL-CDIP,,762,1000,32417
file_folder/file_folder_0019.png,файлова папка,RVL-CDIP,,777,1000,18892
file_folder/file_folder_0020.png,файлова папка,RVL-CDIP,,754,1000,25907
file_folder/file_folder_0021.png,файлова папка,RVL-CDIP,,754,1000,34351
file_folder/file_folder_0022.png,файлова папка,RVL-CDIP,,867,1000,24277
file_folder/file_folder_0023.png,файлова папка,RVL-CDIP,,777,1000,42080
file_folder/file_folder_0024.png,файлова папка,RVL-CDIP,,741,1000,462038
file_folder/file_folder_0025.png,файлова папка,RVL-CDIP,,754,1000,1154625
file_folder/file_folder_0026.png,файлова папка,RVL-CDIP,,777,1000,284988
file_folder/file_folder_0027.png,файлова папка,RVL-CDIP,,777,1000,32369
file_folder/file_folder_0028.png,файлова папка,RVL-CDIP,,777,1000,76449
file_folder/file_folder_0029.png,файлова папка,RVL-CDIP,,777,1000,546026
file_folder/file_folder_0030.png,файлова папка,RVL-CDIP,,777,1000,27697
file_folder/file_folder_0031.png,файлова папка,RVL-CDIP,,762,1000,764296
file_folder/file_folder_0032.png,файлова папка,RVL-CDIP,,754,1000,25940
file_folder/file_folder_0033.png,файлова папка,RVL-CDIP,,777,1000,38374
file_folder/file_folder_0034.png,файлова папка,RVL-CDIP,,754,1000,150492
file_folder/file_folder_0035.png,файлова папка,RVL-CDIP,,764,1000,37347
file_folder/file_folder_0036.png,файлова папка,RVL-CDIP,,762,1000,580072
file_folder/file_folder_0037.png,файлова папка,RVL-CDIP,,762,1000,1257728
file_folder/file_folder_0038.png,файлова папка,RVL-CDIP,,754,1000,22742
file_folder/file_folder_0039.png,файлова папка,RVL-CDIP,,776,1000,129571
file_folder/file_folder_0040.png,файлова папка,RVL-CDIP,,772,1000,141952
file_folder/file_folder_0041.png,файлова папка,RVL-CDIP,,795,1000,61983
file_folder/file_folder_0042.png,файлова папка,RVL-CDIP,,777,1000,18037
file_folder/file_folder_0043.png,файлова папка,RVL-CDIP,,777,1000,294531
file_folder/file_folder_0044.png,файлова папка,RVL-CDIP,,754,1000,90457
file_folder/file_folder_0045.png,файлова папка,RVL-CDIP,,777,1000,49740
file_folder/file_folder_0046.png,файлова папка,RVL-CDIP,,799,1000,122140
file_folder/file_folder_0047.png,файлова папка,RVL-CDIP,,754,1000,24827
file_folder/file_folder_0048.png,файлова папка,RVL-CDIP,,777,1000,36917
file_folder/file_folder_0049.png,файлова папка,RVL-CDIP,,754,1000,53310
file_folder/file_folder_0050.png,файлова папка,RVL-CDIP,,762,1000,19532
file_folder/file_folder_0051.png,файлова папка,RVL-CDIP,,777,1000,26009
file_folder/file_folder_0052.png,файлова папка,RVL-CDIP,,713,1000,30091
file_folder/file_folder_0053.png,файлова папка,RVL-CDIP,,762,1000,21615
file_folder/file_folder_0054.png,файлова папка,RVL-CDIP,,757,1000,27501
file_folder/file_folder_0055.png,файлова папка,RVL-CDIP,,762,1000,71067
file_folder/file_folder_0056.png,файлова папка,RVL-CDIP,,779,1000,34314
file_folder/file_folder_0057.png,файлова папка,RVL-CDIP,,754,1000,31182
file_folder/file_folder_0058.png,файлова папка,RVL-CDIP,,762,1000,41976
file_folder/file_folder_0059.png,файлова папка,RVL-CDIP,,754,1000,23212
file_folder/file_folder_0060.png,файлова папка,RVL-CDIP,,762,1000,42176
file_folder/file_folder_0061.png,файлова папка,RVL-CDIP,,762,1000,441627
file_folder/file_folder_0062.png,файлова папка,RVL-CDIP,,790,1000,36058
file_folder/file_folder_0063.png,файлова папка,RVL-CDIP,,754,1000,28956
file_folder/file_folder_0064.png,файлова папка,RVL-CDIP,,754,1000,30811
file_folder/file_folder_0065.png,файлова папка,RVL-CDIP,,754,1000,44098
file_folder/file_folder_0066.png,файлова папка,RVL-CDIP,,754,1000,24058
file_folder/file_folder_0067.png,файлова папка,RVL-CDIP,,773,1000,45371
file_folder/file_folder_0068.png,файлова папка,RVL-CDIP,,754,1000,16997
file_folder/file_folder_0069.png,файлова папка,RVL-CDIP,,762,1000,524964
file_folder/file_folder_0070.png,файлова папка,RVL-CDIP,,795,1000,444687
file_folder/file_folder_0071.png,файлова папка,RVL-CDIP,,772,1000,62495
file_folder/file_folder_0072.png,файлова папка,RVL-CDIP,,720,1000,458775
file_folder/file_folder_0073.png,файлова папка,RVL-CDIP,,774,1000,1132021
file_folder/file_folder_0074.png,файлова папка,RVL-CDIP,,813,1000,47088
file_folder/file_folder_0075.png,файлова папка,RVL-CDIP,,762,1000,19189
file_folder/file_folder_0076.png,файлова папка,RVL-CDIP,,754,1000,25372
file_folder/file_folder_0077.png,файлова папка,RVL-CDIP,,785,1000,77866
file_folder/file_folder_0078.png,файлова папка,RVL-CDIP,,775,1000,26329
file_folder/file_folder_0079.png,файлова папка,RVL-CDIP,,803,1000,42537
file_folder/file_folder_0080.png,файлова папка,RVL-CDIP,,754,1000,80064
file_folder/file_folder_0081.png,файлова папка,RVL-CDIP,,730,1000,42934
file_folder/file_folder_0082.png,файлова папка,RVL-CDIP,,762,1000,64582
file_folder/file_folder_0083.png,файлова папка,RVL-CDIP,,754,1000,26273
file_folder/file_folder_0084.png,файлова папка,RVL-CDIP,,764,1000,35851
file_folder/file_folder_0085.png,файлова папка,RVL-CDIP,,802,1000,52341
file_folder/file_folder_0086.png,файлова папка,RVL-CDIP,,762,1000,785705
file_folder/file_folder_0087.png,файлова папка,RVL-CDIP,,754,1000,58458
file_folder/file_folder_0088.png,файлова папка,RVL-CDIP,,864,1000,1467652
file_folder/file_folder_0089.png,файлова папка,RVL-CDIP,,754,1000,32638
file_folder/file_folder_0090.png,файлова папка,RVL-CDIP,,754,1000,10214
file_folder/file_folder_0091.png,файлова папка,RVL-CDIP,,754,1000,32071
file_folder/file_folder_0092.png,файлова папка,RVL-CDIP,,784,1000,25970
file_folder/file_folder_0093.png,файлова папка,RVL-CDIP,,762,1000,206544
file_folder/file_folder_0094.png,файлова папка,RVL-CDIP,,770,1000,45422
file_folder/file_folder_0095.png,файлова папка,RVL-CDIP,,731,1000,112716
file_folder/file_folder_0096.png,файлова папка,RVL-CDIP,,781,1000,20788
file_folder/file_folder_0097.png,файлова папка,RVL-CDIP,,754,1000,33792
file_folder/file_folder_0098.png,файлова папка,RVL-CDIP,,847,1000,543751
file_folder/file_folder_0099.png,файлова папка,RVL-CDIP,,782,1000,243815
file_folder/file_folder_0100.png,файлова папка,RVL-CDIP,,754,1000,34270
file_folder/file_folder_0101.png,файлова папка,RVL-CDIP,,778,1000,758372
file_folder/file_folder_0102.png,файлова папка,RVL-CDIP,,762,1000,74934
file_folder/file_folder_0103.png,файлова папка,RVL-CDIP,,772,1000,36197
file_folder/file_folder_0104.png,файлова папка,RVL-CDIP,,754,1000,49405
file_folder/file_folder_0105.png,файлова папка,RVL-CDIP,,754,1000,24880
file_folder/file_folder_0106.png,файлова папка,RVL-CDIP,,786,1000,248430
file_folder/file_folder_0107.png,файлова папка,RVL-CDIP,,754,1000,180827
file_folder/file_folder_0108.png,файлова папка,RVL-CDIP,,787,1000,15508
file_folder/file_folder_0109.png,файлова папка,RVL-CDIP,,777,1000,88935
file_folder/file_folder_0110.png,файлова папка,RVL-CDIP,,754,1000,1277085
file_folder/file_folder_0111.png,файлова папка,RVL-CDIP,,777,1000,24881
file_folder/file_folder_0112.png,файлова папка,RVL-CDIP,,777,1000,21604
file_folder/file_folder_0113.png,файлова папка,RVL-CDIP,,754,1000,20080
file_folder/file_folder_0114.png,файлова папка,RVL-CDIP,,754,1000,21621
file_folder/file_folder_0115.png,файлова папка,RVL-CDIP,,772,1000,22456
file_folder/file_folder_0116.png,файлова папка,RVL-CDIP,,728,1000,16150
file_folder/file_folder_0117.png,файлова папка,RVL-CDIP,,771,1000,60683
file_folder/file_folder_0118.png,файлова папка,RVL-CDIP,,777,1000,33042
file_folder/file_folder_0119.png,файлова папка,RVL-CDIP,,754,1000,238241
file_folder/file_folder_0120.png,файлова папка,RVL-CDIP,,754,1000,52439
file_folder/file_folder_0121.png,файлова папка,RVL-CDIP,,782,1000,115287
file_folder/file_folder_0122.png,файлова папка,RVL-CDIP,,754,1000,45949
file_folder/file_folder_0123.png,файлова папка,RVL-CDIP,,777,1000,296525
file_folder/file_folder_0124.png,файлова папка,RVL-CDIP,,787,1000,54186
file_folder/file_folder_0125.png,файлова папка,RVL-CDIP,,754,1000,34364
file_folder/file_folder_0126.png,файлова папка,RVL-CDIP,,779,1000,16810
file_folder/file_folder_0127.png,файлова папка,RVL-CDIP,,754,1000,20815
file_folder/file_folder_0128.png,файлова папка,RVL-CDIP,,754,1000,23286
file_folder/file_folder_0129.png,файлова папка,RVL-CDIP,,777,1000,39124
file_folder/file_folder_0130.png,файлова папка,RVL-CDIP,,754,1000,67102
file_folder/file_folder_0131.png,файлова папка,RVL-CDIP,,797,1000,48054
file_folder/file_folder_0132.png,файлова папка,RVL-CDIP,,754,1000,114802
file_folder/file_folder_0133.png,файлова папка,RVL-CDIP,,754,1000,25474
file_folder/file_folder_0134.png,файлова папка,RVL-CDIP,,762,1000,583866
file_folder/file_folder_0135.png,файлова папка,RVL-CDIP,,779,1000,161640
file_folder/file_folder_0136.png,файлова папка,RVL-CDIP,,773,1000,16128
file_folder/file_folder_0137.png,файлова папка,RVL-CDIP,,754,1000,49814
file_folder/file_folder_0138.png,файлова папка,RVL-CDIP,,754,1000,35664
file_folder/file_folder_0139.png,файлова папка,RVL-CDIP,,612,1000,31252
file_folder/file_folder_0140.png,файлова папка,RVL-CDIP,,762,1000,20642
file_folder/file_folder_0141.png,файлова папка,RVL-CDIP,,762,1000,1007295
file_folder/file_folder_0142.png,файлова папка,RVL-CDIP,,772,1000,46092
file_folder/file_folder_0143.png,файлова папка,RVL-CDIP,,768,1000,33116
file_folder/file_folder_0144.png,файлова папка,RVL-CDIP,,729,1000,48581
file_folder/file_folder_0145.png,файлова папка,RVL-CDIP,,796,1000,124291
file_folder/file_folder_0146.png,файлова папка,RVL-CDIP,,786,1000,66329
file_folder/file_folder_0147.png,файлова папка,RVL-CDIP,,777,1000,90884
file_folder/file_folder_0148.png,файлова папка,RVL-CDIP,,777,1000,71460
file_folder/file_folder_0149.png,файлова папка,RVL-CDIP,,754,1000,19896
file_folder/file_folder_0150.png,файлова папка,RVL-CDIP,,777,1000,29641
file_folder/file_folder_0151.png,файлова папка,RVL-CDIP,,779,1000,128193
file_folder/file_folder_0152.png,файлова папка,RVL-CDIP,,762,1000,179022
file_folder/file_folder_0153.png,файлова папка,RVL-CDIP,,778,1000,35813
file_folder/file_folder_0154.png,файлова папка,RVL-CDIP,,762,1000,389559
file_folder/file_folder_0155.png,файлова папка,RVL-CDIP,,762,1000,77403
file_folder/file_folder_0156.png,файлова папка,RVL-CDIP,,754,1000,643274
file_folder/file_folder_0157.png,файлова папка,RVL-CDIP,,754,1000,31338
file_folder/file_folder_0158.png,файлова папка,RVL-CDIP,,762,1000,891112
file_folder/file_folder_0159.png,файлова папка,RVL-CDIP,,762,1000,45248
file_folder/file_folder_0160.png,файлова папка,RVL-CDIP,,762,1000,12555
file_folder/file_folder_0161.png,файлова папка,RVL-CDIP,,754,1000,27758
file_folder/file_folder_0162.png,файлова папка,RVL-CDIP,,754,1000,49379
file_folder/file_folder_0163.png,файлова папка,RVL-CDIP,,777,1000,29675
file_folder/file_folder_0164.png,файлова папка,RVL-CDIP,,754,1000,59601
file_folder/file_folder_0165.png,файлова папка,RVL-CDIP,,754,1000,24870
file_folder/file_folder_0166.png,файлова папка,RVL-CDIP,,765,1000,37644
file_folder/file_folder_0167.png,файлова папка,RVL-CDIP,,778,1000,37858
file_folder/file_folder_0168.png,файлова папка,RVL-CDIP,,784,1000,37319
file_folder/file_folder_0169.png,файлова папка,RVL-CDIP,,772,1000,19194
file_folder/file_folder_0170.png,файлова папка,RVL-CDIP,,754,1000,26317
file_folder/file_folder_0171.png,файлова папка,RVL-CDIP,,754,1000,17096
file_folder/file_folder_0172.png,файлова папка,RVL-CDIP,,800,1000,203332
file_folder/file_folder_0173.png,файлова папка,RVL-CDIP,,781,1000,56551
file_folder/file_folder_0174.png,файлова папка,RVL-CDIP,,798,1000,24786
file_folder/file_folder_0175.png,файлова папка,RVL-CDIP,,762,1000,118903
file_folder/file_folder_0176.png,файлова папка,RVL-CDIP,,754,1000,43123
file_folder/file_folder_0177.png,файлова папка,RVL-CDIP,,777,1000,627350
file_folder/file_folder_0178.png,файлова папка,RVL-CDIP,,754,1000,41919
file_folder/file_folder_0179.png,файлова папка,RVL-CDIP,,772,1000,56478
file_folder/file_folder_0180.png,файлова папка,RVL-CDIP,,762,1000,595921
file_folder/file_folder_0181.png,файлова папка,RVL-CDIP,,786,1000,119159
file_folder/file_folder_0182.png,файлова папка,RVL-CDIP,,762,1000,15654
file_folder/file_folder_0183.png,файлова папка,RVL-CDIP,,754,1000,1095557
file_folder/file_folder_0184.png,файлова папка,RVL-CDIP,,762,1000,26432
file_folder/file_folder_0185.png,файлова папка,RVL-CDIP,,777,1000,38347
file_folder/file_folder_0186.png,файлова папка,RVL-CDIP,,754,1000,59240
file_folder/file_folder_0187.png,файлова папка,RVL-CDIP,,754,1000,41930
file_folder/file_folder_0188.png,файлова папка,RVL-CDIP,,802,1000,41793
file_folder/file_folder_0189.png,файлова папка,RVL-CDIP,,762,1000,21361
news_article/news_article_0000.png,новинна стаття,RVL-CDIP,,754,1000,167811
news_article/news_article_0001.png,новинна стаття,RVL-CDIP,,754,1000,468628
news_article/news_article_0002.png,новинна стаття,RVL-CDIP,,777,1000,903610
news_article/news_article_0003.png,новинна стаття,RVL-CDIP,,754,1000,324050
news_article/news_article_0004.png,новинна стаття,RVL-CDIP,,754,1000,520018
news_article/news_article_0005.png,новинна стаття,RVL-CDIP,,786,1000,148915
news_article/news_article_0006.png,новинна стаття,RVL-CDIP,,754,1000,70924
news_article/news_article_0007.png,новинна стаття,RVL-CDIP,,777,1000,384963
news_article/news_article_0008.png,новинна стаття,RVL-CDIP,,754,1000,380588
news_article/news_article_0009.png,новинна стаття,RVL-CDIP,,777,1000,313512
news_article/news_article_0010.png,новинна стаття,RVL-CDIP,,754,1000,620099
news_article/news_article_0011.png,новинна стаття,RVL-CDIP,,786,1000,281873
news_article/news_article_0012.png,новинна стаття,RVL-CDIP,,780,1000,519484
news_article/news_article_0013.png,новинна стаття,RVL-CDIP,,781,1000,383662
news_article/news_article_0014.png,новинна стаття,RVL-CDIP,,754,1000,260755
news_article/news_article_0015.png,новинна стаття,RVL-CDIP,,754,1000,203596
news_article/news_article_0016.png,новинна стаття,RVL-CDIP,,754,1000,213703
news_article/news_article_0017.png,новинна стаття,RVL-CDIP,,773,1000,270760
news_article/news_article_0018.png,новинна стаття,RVL-CDIP,,754,1000,206424
news_article/news_article_0019.png,новинна стаття,RVL-CDIP,,754,1000,202398
news_article/news_article_0020.png,новинна стаття,RVL-CDIP,,787,1000,417700
news_article/news_article_0021.png,новинна стаття,RVL-CDIP,,778,1000,222139
news_article/news_article_0022.png,новинна стаття,RVL-CDIP,,754,1000,183805
news_article/news_article_0023.png,новинна стаття,RVL-CDIP,,611,1000,286449
news_article/news_article_0024.png,новинна стаття,RVL-CDIP,,754,1000,468508
news_article/news_article_0025.png,новинна стаття,RVL-CDIP,,777,1000,401178
news_article/news_article_0026.png,новинна стаття,RVL-CDIP,,754,1000,261563
news_article/news_article_0027.png,новинна стаття,RVL-CDIP,,754,1000,296786
news_article/news_article_0028.png,новинна стаття,RVL-CDIP,,754,1000,205738
news_article/news_article_0029.png,новинна стаття,RVL-CDIP,,754,1000,282933
news_article/news_article_0030.png,новинна стаття,RVL-CDIP,,754,1000,687823
news_article/news_article_0031.png,новинна стаття,RVL-CDIP,,754,1000,267730
news_article/news_article_0032.png,новинна стаття,RVL-CDIP,,796,1000,273970
news_article/news_article_0033.png,новинна стаття,RVL-CDIP,,777,1000,332143
news_article/news_article_0034.png,новинна стаття,RVL-CDIP,,754,1000,462760
news_article/news_article_0035.png,новинна стаття,RVL-CDIP,,783,1000,355831
news_article/news_article_0036.png,новинна стаття,RVL-CDIP,,782,1000,255684
news_article/news_article_0037.png,новинна стаття,RVL-CDIP,,787,1000,429053
news_article/news_article_0038.png,новинна стаття,RVL-CDIP,,754,1000,536855
news_article/news_article_0039.png,новинна стаття,RVL-CDIP,,763,1000,365299
news_article/news_article_0040.png,новинна стаття,RVL-CDIP,,776,1000,468517
news_article/news_article_0041.png,новинна стаття,RVL-CDIP,,754,1000,917582
news_article/news_article_0042.png,новинна стаття,RVL-CDIP,,754,1000,249249
news_article/news_article_0043.png,новинна стаття,RVL-CDIP,,754,1000,371076
news_article/news_article_0044.png,новинна стаття,RVL-CDIP,,754,1000,377194
news_article/news_article_0045.png,новинна стаття,RVL-CDIP,,777,1000,313652
news_article/news_article_0046.png,новинна стаття,RVL-CDIP,,777,1000,448854
news_article/news_article_0047.png,новинна стаття,RVL-CDIP,,754,1000,262681
news_article/news_article_0048.png,новинна стаття,RVL-CDIP,,777,1000,145649
news_article/news_article_0049.png,новинна стаття,RVL-CDIP,,777,1000,331038
news_article/news_article_0050.png,новинна стаття,RVL-CDIP,,754,1000,379197
news_article/news_article_0051.png,новинна стаття,RVL-CDIP,,741,1000,366021
news_article/news_article_0052.png,новинна стаття,RVL-CDIP,,754,1000,94809
news_article/news_article_0053.png,новинна стаття,RVL-CDIP,,777,1000,533849
news_article/news_article_0054.png,новинна стаття,RVL-CDIP,,777,1000,115170
news_article/news_article_0055.png,новинна стаття,RVL-CDIP,,802,1000,51249
news_article/news_article_0056.png,новинна стаття,RVL-CDIP,,784,1000,280258
news_article/news_article_0057.png,новинна стаття,RVL-CDIP,,782,1000,726142
news_article/news_article_0058.png,новинна стаття,RVL-CDIP,,754,1000,697628
news_article/news_article_0059.png,новинна стаття,RVL-CDIP,,802,1000,254348
news_article/news_article_0060.png,новинна стаття,RVL-CDIP,,868,1000,552758
news_article/news_article_0061.png,новинна стаття,RVL-CDIP,,754,1000,674343
news_article/news_article_0062.png,новинна стаття,RVL-CDIP,,754,1000,173531
news_article/news_article_0063.png,новинна стаття,RVL-CDIP,,754,1000,295655
news_article/news_article_0064.png,новинна стаття,RVL-CDIP,,777,1000,151702
news_article/news_article_0065.png,новинна стаття,RVL-CDIP,,754,1000,442178
news_article/news_article_0066.png,новинна стаття,RVL-CDIP,,783,1000,419700
news_article/news_article_0067.png,новинна стаття,RVL-CDIP,,754,1000,249953
news_article/news_article_0068.png,новинна стаття,RVL-CDIP,,777,1000,160707
news_article/news_article_0069.png,новинна стаття,RVL-CDIP,,754,1000,275745
news_article/news_article_0070.png,новинна стаття,RVL-CDIP,,777,1000,916061
news_article/news_article_0071.png,новинна стаття,RVL-CDIP,,777,1000,347391
news_article/news_article_0072.png,новинна стаття,RVL-CDIP,,764,1000,220301
news_article/news_article_0073.png,новинна стаття,RVL-CDIP,,754,1000,490243
news_article/news_article_0074.png,новинна стаття,RVL-CDIP,,754,1000,134248
news_article/news_article_0075.png,новинна стаття,RVL-CDIP,,754,1000,254631
news_article/news_article_0076.png,новинна стаття,RVL-CDIP,,754,1000,266892
news_article/news_article_0077.png,новинна стаття,RVL-CDIP,,776,1000,564486
news_article/news_article_0078.png,новинна стаття,RVL-CDIP,,794,1000,617459
news_article/news_article_0079.png,новинна стаття,RVL-CDIP,,777,1000,137558
news_article/news_article_0080.png,новинна стаття,RVL-CDIP,,754,1000,345944
news_article/news_article_0081.png,новинна стаття,RVL-CDIP,,777,1000,291520
news_article/news_article_0082.png,новинна стаття,RVL-CDIP,,754,1000,358397
news_article/news_article_0083.png,новинна стаття,RVL-CDIP,,754,1000,21357
news_article/news_article_0084.png,новинна стаття,RVL-CDIP,,782,1000,433814
news_article/news_article_0085.png,новинна стаття,RVL-CDIP,,754,1000,416913
news_article/news_article_0086.png,новинна стаття,RVL-CDIP,,777,1000,545653
news_article/news_article_0087.png,новинна стаття,RVL-CDIP,,777,1000,235842
news_article/news_article_0088.png,новинна стаття,RVL-CDIP,,806,1000,519184
news_article/news_article_0089.png,новинна стаття,RVL-CDIP,,777,1000,203035
news_article/news_article_0090.png,новинна стаття,RVL-CDIP,,754,1000,416003
news_article/news_article_0091.png,новинна стаття,RVL-CDIP,,754,1000,356065
news_article/news_article_0092.png,новинна стаття,RVL-CDIP,,754,1000,634417
news_article/news_article_0093.png,новинна стаття,RVL-CDIP,,754,1000,338976
news_article/news_article_0094.png,новинна стаття,RVL-CDIP,,777,1000,586354
news_article/news_article_0095.png,новинна стаття,RVL-CDIP,,784,1000,371699
news_article/news_article_0096.png,новинна стаття,RVL-CDIP,,803,1000,566957
news_article/news_article_0097.png,новинна стаття,RVL-CDIP,,754,1000,339501
news_article/news_article_0098.png,новинна стаття,RVL-CDIP,,777,1000,511173
news_article/news_article_0099.png,новинна стаття,RVL-CDIP,,754,1000,266514
news_article/news_article_0100.png,новинна стаття,RVL-CDIP,,754,1000,356651
news_article/news_article_0101.png,новинна стаття,RVL-CDIP,,754,1000,528599
news_article/news_article_0102.png,новинна стаття,RVL-CDIP,,777,1000,664460
news_article/news_article_0103.png,новинна стаття,RVL-CDIP,,754,1000,135351
news_article/news_article_0104.png,новинна стаття,RVL-CDIP,,775,1000,518129
news_article/news_article_0105.png,новинна стаття,RVL-CDIP,,777,1000,691961
news_article/news_article_0106.png,новинна стаття,RVL-CDIP,,754,1000,385188
news_article/news_article_0107.png,новинна стаття,RVL-CDIP,,716,1000,281587
news_article/news_article_0108.png,новинна стаття,RVL-CDIP,,786,1000,229257
news_article/news_article_0109.png,новинна стаття,RVL-CDIP,,777,1000,287152
news_article/news_article_0110.png,новинна стаття,RVL-CDIP,,754,1000,460715
news_article/news_article_0111.png,новинна стаття,RVL-CDIP,,789,1000,257091
news_article/news_article_0112.png,новинна стаття,RVL-CDIP,,781,1000,175147
news_article/news_article_0113.png,новинна стаття,RVL-CDIP,,808,1000,536957
news_article/news_article_0114.png,новинна стаття,RVL-CDIP,,754,1000,251588
news_article/news_article_0115.png,новинна стаття,RVL-CDIP,,767,1000,76326
news_article/news_article_0116.png,новинна стаття,RVL-CDIP,,785,1000,623617
news_article/news_article_0117.png,новинна стаття,RVL-CDIP,,754,1000,180466
news_article/news_article_0118.png,новинна стаття,RVL-CDIP,,754,1000,134068
news_article/news_article_0119.png,новинна стаття,RVL-CDIP,,762,1000,449160
news_article/news_article_0120.png,новинна стаття,RVL-CDIP,,754,1000,315546
news_article/news_article_0121.png,новинна стаття,RVL-CDIP,,726,1000,269273
news_article/news_article_0122.png,новинна стаття,RVL-CDIP,,754,1000,547038
news_article/news_article_0123.png,новинна стаття,RVL-CDIP,,765,1000,290114
news_article/news_article_0124.png,новинна стаття,RVL-CDIP,,754,1000,223331
news_article/news_article_0125.png,новинна стаття,RVL-CDIP,,777,1000,518497
news_article/news_article_0126.png,новинна стаття,RVL-CDIP,,754,1000,340725
news_article/news_article_0127.png,новинна стаття,RVL-CDIP,,754,1000,245419
news_article/news_article_0128.png,новинна стаття,RVL-CDIP,,754,1000,204125
news_article/news_article_0129.png,новинна стаття,RVL-CDIP,,780,1000,554448
news_article/news_article_0130.png,новинна стаття,RVL-CDIP,,785,1000,214583
news_article/news_article_0131.png,новинна стаття,RVL-CDIP,,802,1000,63796
news_article/news_article_0132.png,новинна стаття,RVL-CDIP,,780,1000,267845
news_article/news_article_0133.png,новинна стаття,RVL-CDIP,,754,1000,528845
news_article/news_article_0134.png,новинна стаття,RVL-CDIP,,754,1000,373378
news_article/news_article_0135.png,новинна стаття,RVL-CDIP,,794,1000,349991
news_article/news_article_0136.png,новинна стаття,RVL-CDIP,,754,1000,225601
news_article/news_article_0137.png,новинна стаття,RVL-CDIP,,777,1000,119377
news_article/news_article_0138.png,новинна стаття,RVL-CDIP,,790,1000,247493
news_article/news_article_0139.png,новинна стаття,RVL-CDIP,,777,1000,311037
news_article/news_article_0140.png,новинна стаття,RVL-CDIP,,754,1000,70469
news_article/news_article_0141.png,новинна стаття,RVL-CDIP,,774,1000,254136
news_article/news_article_0142.png,новинна стаття,RVL-CDIP,,779,1000,378554
news_article/news_article_0143.png,новинна стаття,RVL-CDIP,,754,1000,511867
news_article/news_article_0144.png,новинна стаття,RVL-CDIP,,777,1000,247164
news_article/news_article_0145.png,новинна стаття,RVL-CDIP,,761,1000,525029
news_article/news_article_0146.png,новинна стаття,RVL-CDIP,,754,1000,292430
news_article/news_article_0147.png,новинна стаття,RVL-CDIP,,754,1000,343863
news_article/news_article_0148.png,новинна стаття,RVL-CDIP,,777,1000,430172
news_article/news_article_0149.png,новинна стаття,RVL-CDIP,,858,1000,244512
news_article/news_article_0150.png,новинна стаття,RVL-CDIP,,754,1000,330594
news_article/news_article_0151.png,новинна стаття,RVL-CDIP,,703,1000,355988
news_article/news_article_0152.png,новинна стаття,RVL-CDIP,,754,1000,433046
news_article/news_article_0153.png,новинна стаття,RVL-CDIP,,779,1000,559967
news_article/news_article_0154.png,новинна стаття,RVL-CDIP,,754,1000,136268
news_article/news_article_0155.png,новинна стаття,RVL-CDIP,,788,1000,104398
news_article/news_article_0156.png,новинна стаття,RVL-CDIP,,802,1000,377314
news_article/news_article_0157.png,новинна стаття,RVL-CDIP,,762,1000,145972
news_article/news_article_0158.png,новинна стаття,RVL-CDIP,,762,1000,453727
news_article/news_article_0159.png,новинна стаття,RVL-CDIP,,777,1000,613580
news_article/news_article_0160.png,новинна стаття,RVL-CDIP,,754,1000,332497
news_article/news_article_0161.png,новинна стаття,RVL-CDIP,,776,1000,308152
news_article/news_article_0162.png,новинна стаття,RVL-CDIP,,777,1000,75575
news_article/news_article_0163.png,новинна стаття,RVL-CDIP,,754,1000,621697
news_article/news_article_0164.png,новинна стаття,RVL-CDIP,,791,1000,429375
news_article/news_article_0165.png,новинна стаття,RVL-CDIP,,763,1000,272473
news_article/news_article_0166.png,новинна стаття,RVL-CDIP,,754,1000,326098
news_article/news_article_0167.png,новинна стаття,RVL-CDIP,,788,1000,345542
news_article/news_article_0168.png,новинна стаття,RVL-CDIP,,754,1000,301997
news_article/news_article_0169.png,новинна стаття,RVL-CDIP,,754,1000,333618
news_article/news_article_0170.png,новинна стаття,RVL-CDIP,,754,1000,350612
news_article/news_article_0171.png,новинна стаття,RVL-CDIP,,789,1000,293908
news_article/news_article_0172.png,новинна стаття,RVL-CDIP,,777,1000,476203
news_article/news_article_0173.png,новинна стаття,RVL-CDIP,,754,1000,576229
news_article/news_article_0174.png,новинна стаття,RVL-CDIP,,843,1000,61042
news_article/news_article_0175.png,новинна стаття,RVL-CDIP,,777,1000,376864
news_article/news_article_0176.png,новинна стаття,RVL-CDIP,,754,1000,238090
news_article/news_article_0177.png,новинна стаття,RVL-CDIP,,777,1000,415047
news_article/news_article_0178.png,новинна стаття,RVL-CDIP,,778,1000,385698
news_article/news_article_0179.png,новинна стаття,RVL-CDIP,,813,1000,374527
news_article/news_article_0180.png,новинна стаття,RVL-CDIP,,762,1000,582869
news_article/news_article_0181.png,новинна стаття,RVL-CDIP,,754,1000,367566
news_article/news_article_0182.png,новинна стаття,RVL-CDIP,,777,1000,513665
news_article/news_article_0183.png,новинна стаття,RVL-CDIP,,754,1000,386860
news_article/news_article_0184.png,новинна стаття,RVL-CDIP,,779,1000,255920
news_article/news_article_0185.png,новинна стаття,RVL-CDIP,,754,1000,218403
news_article/news_article_0186.png,новинна стаття,RVL-CDIP,,754,1000,40053
news_article/news_article_0187.png,новинна стаття,RVL-CDIP,,777,1000,620353
news_article/news_article_0188.png,новинна стаття,RVL-CDIP,,754,1000,420246
news_article/news_article_0189.png,новинна стаття,RVL-CDIP,,783,1000,104490
budget/budget_0000.png,бюджет,RVL-CDIP,,772,1000,196777
budget/budget_0001.png,бюджет,RVL-CDIP,,772,1000,250604
budget/budget_0002.png,бюджет,RVL-CDIP,,754,1000,454958
budget/budget_0003.png,бюджет,RVL-CDIP,,754,1000,46354
budget/budget_0004.png,бюджет,RVL-CDIP,,754,1000,50833
budget/budget_0005.png,бюджет,RVL-CDIP,,844,1000,87153
budget/budget_0006.png,бюджет,RVL-CDIP,,754,1000,130054
budget/budget_0007.png,бюджет,RVL-CDIP,,845,1000,72384
budget/budget_0008.png,бюджет,RVL-CDIP,,777,1000,249136
budget/budget_0009.png,бюджет,RVL-CDIP,,779,1000,107545
budget/budget_0010.png,бюджет,RVL-CDIP,,775,1000,220341
budget/budget_0011.png,бюджет,RVL-CDIP,,780,1000,124523
budget/budget_0012.png,бюджет,RVL-CDIP,,754,1000,139953
budget/budget_0013.png,бюджет,RVL-CDIP,,754,1000,60964
budget/budget_0014.png,бюджет,RVL-CDIP,,754,1000,92880
budget/budget_0015.png,бюджет,RVL-CDIP,,754,1000,110721
budget/budget_0016.png,бюджет,RVL-CDIP,,752,1000,136235
budget/budget_0017.png,бюджет,RVL-CDIP,,794,1000,120794
budget/budget_0018.png,бюджет,RVL-CDIP,,762,1000,137045
budget/budget_0019.png,бюджет,RVL-CDIP,,802,1000,17692
budget/budget_0020.png,бюджет,RVL-CDIP,,754,1000,33012
budget/budget_0021.png,бюджет,RVL-CDIP,,754,1000,233668
budget/budget_0022.png,бюджет,RVL-CDIP,,754,1000,160433
budget/budget_0023.png,бюджет,RVL-CDIP,,754,1000,62542
budget/budget_0024.png,бюджет,RVL-CDIP,,754,1000,335096
budget/budget_0025.png,бюджет,RVL-CDIP,,762,1000,139788
budget/budget_0026.png,бюджет,RVL-CDIP,,777,1000,86792
budget/budget_0027.png,бюджет,RVL-CDIP,,768,1000,999342
budget/budget_0028.png,бюджет,RVL-CDIP,,768,1000,406102
budget/budget_0029.png,бюджет,RVL-CDIP,,777,1000,257629
budget/budget_0030.png,бюджет,RVL-CDIP,,754,1000,231236
budget/budget_0031.png,бюджет,RVL-CDIP,,767,1000,131274
budget/budget_0032.png,бюджет,RVL-CDIP,,754,1000,101940
budget/budget_0033.png,бюджет,RVL-CDIP,,754,1000,200336
budget/budget_0034.png,бюджет,RVL-CDIP,,779,1000,267601
budget/budget_0035.png,бюджет,RVL-CDIP,,762,1000,43022
budget/budget_0036.png,бюджет,RVL-CDIP,,777,1000,180280
budget/budget_0037.png,бюджет,RVL-CDIP,,845,1000,146734
budget/budget_0038.png,бюджет,RVL-CDIP,,754,1000,239496
budget/budget_0039.png,бюджет,RVL-CDIP,,765,1000,166158
budget/budget_0040.png,бюджет,RVL-CDIP,,785,1000,123947
budget/budget_0041.png,бюджет,RVL-CDIP,,771,1000,98820
budget/budget_0042.png,бюджет,RVL-CDIP,,777,1000,126534
budget/budget_0043.png,бюджет,RVL-CDIP,,798,1000,198525
budget/budget_0044.png,бюджет,RVL-CDIP,,754,1000,174641
budget/budget_0045.png,бюджет,RVL-CDIP,,773,1000,35440
budget/budget_0046.png,бюджет,RVL-CDIP,,777,1000,931747
budget/budget_0047.png,бюджет,RVL-CDIP,,776,1000,142836
budget/budget_0048.png,бюджет,RVL-CDIP,,754,1000,174610
budget/budget_0049.png,бюджет,RVL-CDIP,,777,1000,92342
budget/budget_0050.png,бюджет,RVL-CDIP,,724,1000,228608
budget/budget_0051.png,бюджет,RVL-CDIP,,786,1000,188796
budget/budget_0052.png,бюджет,RVL-CDIP,,779,1000,45276
budget/budget_0053.png,бюджет,RVL-CDIP,,754,1000,240943
budget/budget_0054.png,бюджет,RVL-CDIP,,848,1000,150776
budget/budget_0055.png,бюджет,RVL-CDIP,,754,1000,91964
budget/budget_0056.png,бюджет,RVL-CDIP,,754,1000,115505
budget/budget_0057.png,бюджет,RVL-CDIP,,765,1000,52762
budget/budget_0058.png,бюджет,RVL-CDIP,,789,1000,170620
budget/budget_0059.png,бюджет,RVL-CDIP,,779,1000,221606
budget/budget_0060.png,бюджет,RVL-CDIP,,777,1000,41760
budget/budget_0061.png,бюджет,RVL-CDIP,,754,1000,92757
budget/budget_0062.png,бюджет,RVL-CDIP,,811,1000,78265
budget/budget_0063.png,бюджет,RVL-CDIP,,754,1000,110354
budget/budget_0064.png,бюджет,RVL-CDIP,,754,1000,116310
budget/budget_0065.png,бюджет,RVL-CDIP,,786,1000,342371
budget/budget_0066.png,бюджет,RVL-CDIP,,769,1000,303890
budget/budget_0067.png,бюджет,RVL-CDIP,,754,1000,123291
budget/budget_0068.png,бюджет,RVL-CDIP,,802,1000,114833
budget/budget_0069.png,бюджет,RVL-CDIP,,788,1000,166308
budget/budget_0070.png,бюджет,RVL-CDIP,,777,1000,188918
budget/budget_0071.png,бюджет,RVL-CDIP,,807,1000,99857
budget/budget_0072.png,бюджет,RVL-CDIP,,849,1000,77330
budget/budget_0073.png,бюджет,RVL-CDIP,,753,1000,81404
budget/budget_0074.png,бюджет,RVL-CDIP,,754,1000,118734
budget/budget_0075.png,бюджет,RVL-CDIP,,802,1000,152234
budget/budget_0076.png,бюджет,RVL-CDIP,,754,1000,252189
budget/budget_0077.png,бюджет,RVL-CDIP,,754,1000,142656
budget/budget_0078.png,бюджет,RVL-CDIP,,783,1000,211864
budget/budget_0079.png,бюджет,RVL-CDIP,,754,1000,136170
budget/budget_0080.png,бюджет,RVL-CDIP,,762,1000,57122
budget/budget_0081.png,бюджет,RVL-CDIP,,802,1000,494730
budget/budget_0082.png,бюджет,RVL-CDIP,,754,1000,57601
budget/budget_0083.png,бюджет,RVL-CDIP,,802,1000,202873
budget/budget_0084.png,бюджет,RVL-CDIP,,777,1000,85434
budget/budget_0085.png,бюджет,RVL-CDIP,,762,1000,318952
budget/budget_0086.png,бюджет,RVL-CDIP,,786,1000,119503
budget/budget_0087.png,бюджет,RVL-CDIP,,802,1000,179479
budget/budget_0088.png,бюджет,RVL-CDIP,,754,1000,113801
budget/budget_0089.png,бюджет,RVL-CDIP,,795,1000,170274
budget/budget_0090.png,бюджет,RVL-CDIP,,754,1000,151807
budget/budget_0091.png,бюджет,RVL-CDIP,,754,1000,308466
budget/budget_0092.png,бюджет,RVL-CDIP,,754,1000,218817
budget/budget_0093.png,бюджет,RVL-CDIP,,761,1000,294838
budget/budget_0094.png,бюджет,RVL-CDIP,,784,1000,97488
budget/budget_0095.png,бюджет,RVL-CDIP,,774,1000,211840
budget/budget_0096.png,бюджет,RVL-CDIP,,764,1000,162094
budget/budget_0097.png,бюджет,RVL-CDIP,,777,1000,997870
budget/budget_0098.png,бюджет,RVL-CDIP,,809,1000,145221
budget/budget_0099.png,бюджет,RVL-CDIP,,762,1000,106178
budget/budget_0100.png,бюджет,RVL-CDIP,,784,1000,110110
budget/budget_0101.png,бюджет,RVL-CDIP,,802,1000,123898
budget/budget_0102.png,бюджет,RVL-CDIP,,777,1000,77265
budget/budget_0103.png,бюджет,RVL-CDIP,,786,1000,119775
budget/budget_0104.png,бюджет,RVL-CDIP,,778,1000,51854
budget/budget_0105.png,бюджет,RVL-CDIP,,777,1000,345772
budget/budget_0106.png,бюджет,RVL-CDIP,,777,1000,117066
budget/budget_0107.png,бюджет,RVL-CDIP,,803,1000,107549
budget/budget_0108.png,бюджет,RVL-CDIP,,776,1000,388715
budget/budget_0109.png,бюджет,RVL-CDIP,,781,1000,279334
budget/budget_0110.png,бюджет,RVL-CDIP,,754,1000,306827
budget/budget_0111.png,бюджет,RVL-CDIP,,754,1000,108307
budget/budget_0112.png,бюджет,RVL-CDIP,,754,1000,161180
budget/budget_0113.png,бюджет,RVL-CDIP,,754,1000,94857
budget/budget_0114.png,бюджет,RVL-CDIP,,814,1000,176899
budget/budget_0115.png,бюджет,RVL-CDIP,,754,1000,68353
budget/budget_0116.png,бюджет,RVL-CDIP,,827,1000,289740
budget/budget_0117.png,бюджет,RVL-CDIP,,754,1000,114114
budget/budget_0118.png,бюджет,RVL-CDIP,,776,1000,231451
budget/budget_0119.png,бюджет,RVL-CDIP,,754,1000,138709
budget/budget_0120.png,бюджет,RVL-CDIP,,847,1000,134945
budget/budget_0121.png,бюджет,RVL-CDIP,,847,1000,263065
budget/budget_0122.png,бюджет,RVL-CDIP,,771,1000,85834
budget/budget_0123.png,бюджет,RVL-CDIP,,754,1000,296786
budget/budget_0124.png,бюджет,RVL-CDIP,,800,1000,104831
budget/budget_0125.png,бюджет,RVL-CDIP,,754,1000,113168
budget/budget_0126.png,бюджет,RVL-CDIP,,754,1000,195223
budget/budget_0127.png,бюджет,RVL-CDIP,,776,1000,106398
budget/budget_0128.png,бюджет,RVL-CDIP,,775,1000,99635
budget/budget_0129.png,бюджет,RVL-CDIP,,754,1000,88615
budget/budget_0130.png,бюджет,RVL-CDIP,,754,1000,56453
budget/budget_0131.png,бюджет,RVL-CDIP,,768,1000,163415
budget/budget_0132.png,бюджет,RVL-CDIP,,754,1000,339749
budget/budget_0133.png,бюджет,RVL-CDIP,,754,1000,254095
budget/budget_0134.png,бюджет,RVL-CDIP,,754,1000,166037
budget/budget_0135.png,бюджет,RVL-CDIP,,777,1000,160244
budget/budget_0136.png,бюджет,RVL-CDIP,,783,1000,117766
budget/budget_0137.png,бюджет,RVL-CDIP,,779,1000,138022
budget/budget_0138.png,бюджет,RVL-CDIP,,754,1000,352912
budget/budget_0139.png,бюджет,RVL-CDIP,,777,1000,81157
budget/budget_0140.png,бюджет,RVL-CDIP,,797,1000,183675
budget/budget_0141.png,бюджет,RVL-CDIP,,810,1000,135454
budget/budget_0142.png,бюджет,RVL-CDIP,,754,1000,131752
budget/budget_0143.png,бюджет,RVL-CDIP,,754,1000,209101
budget/budget_0144.png,бюджет,RVL-CDIP,,754,1000,287662
budget/budget_0145.png,бюджет,RVL-CDIP,,754,1000,124003
budget/budget_0146.png,бюджет,RVL-CDIP,,754,1000,124172
budget/budget_0147.png,бюджет,RVL-CDIP,,777,1000,186131
budget/budget_0148.png,бюджет,RVL-CDIP,,785,1000,133305
budget/budget_0149.png,бюджет,RVL-CDIP,,771,1000,303415
budget/budget_0150.png,бюджет,RVL-CDIP,,799,1000,202039
budget/budget_0151.png,бюджет,RVL-CDIP,,781,1000,228189
budget/budget_0152.png,бюджет,RVL-CDIP,,787,1000,126825
budget/budget_0153.png,бюджет,RVL-CDIP,,762,1000,78866
budget/budget_0154.png,бюджет,RVL-CDIP,,772,1000,220750
budget/budget_0155.png,бюджет,RVL-CDIP,,754,1000,309918
budget/budget_0156.png,бюджет,RVL-CDIP,,775,1000,375063
budget/budget_0157.png,бюджет,RVL-CDIP,,802,1000,550100
budget/budget_0158.png,бюджет,RVL-CDIP,,754,1000,142745
budget/budget_0159.png,бюджет,RVL-CDIP,,754,1000,82753
budget/budget_0160.png,бюджет,RVL-CDIP,,754,1000,433312
budget/budget_0161.png,бюджет,RVL-CDIP,,777,1000,127488
budget/budget_0162.png,бюджет,RVL-CDIP,,794,1000,151527
budget/budget_0163.png,бюджет,RVL-CDIP,,787,1000,353370
budget/budget_0164.png,бюджет,RVL-CDIP,,754,1000,166820
budget/budget_0165.png,бюджет,RVL-CDIP,,754,1000,358174
budget/budget_0166.png,бюджет,RVL-CDIP,,754,1000,209443
budget/budget_0167.png,бюджет,RVL-CDIP,,802,1000,176262
budget/budget_0168.png,бюджет,RVL-CDIP,,762,1000,89246
budget/budget_0169.png,бюджет,RVL-CDIP,,754,1000,373793
budget/budget_0170.png,бюджет,RVL-CDIP,,773,1000,131948
budget/budget_0171.png,бюджет,RVL-CDIP,,754,1000,168617
budget/budget_0172.png,бюджет,RVL-CDIP,,762,1000,89299
budget/budget_0173.png,бюджет,RVL-CDIP,,754,1000,96433
budget/budget_0174.png,бюджет,RVL-CDIP,,783,1000,78935
budget/budget_0175.png,бюджет,RVL-CDIP,,776,1000,128797
budget/budget_0176.png,бюджет,RVL-CDIP,,762,1000,232058
budget/budget_0177.png,бюджет,RVL-CDIP,,754,1000,475286
budget/budget_0178.png,бюджет,RVL-CDIP,,754,1000,137175
budget/budget_0179.png,бюджет,RVL-CDIP,,782,1000,102688
budget/budget_0180.png,бюджет,RVL-CDIP,,843,1000,163639
budget/budget_0181.png,бюджет,RVL-CDIP,,776,1000,128928
budget/budget_0182.png,бюджет,RVL-CDIP,,754,1000,97120
budget/budget_0183.png,бюджет,RVL-CDIP,,754,1000,209227
budget/budget_0184.png,бюджет,RVL-CDIP,,843,1000,307011
budget/budget_0185.png,бюджет,RVL-CDIP,,861,1000,199805
budget/budget_0186.png,бюджет,RVL-CDIP,,826,1000,734816
budget/budget_0187.png,бюджет,RVL-CDIP,,765,1000,37384
budget/budget_0188.png,бюджет,RVL-CDIP,,754,1000,294835
budget/budget_0189.png,бюджет,RVL-CDIP,,802,1000,602278
presentation/presentation_0000.png,презентація,RVL-CDIP,,789,1000,180510
presentation/presentation_0001.png,презентація,RVL-CDIP,,777,1000,218514
presentation/presentation_0002.png,презентація,RVL-CDIP,,754,1000,209475
presentation/presentation_0003.png,презентація,RVL-CDIP,,777,1000,81695
presentation/presentation_0004.png,презентація,RVL-CDIP,,754,1000,217137
presentation/presentation_0005.png,презентація,RVL-CDIP,,777,1000,99822
presentation/presentation_0006.png,презентація,RVL-CDIP,,754,1000,269788
presentation/presentation_0007.png,презентація,RVL-CDIP,,771,1000,203486
presentation/presentation_0008.png,презентація,RVL-CDIP,,754,1000,266891
presentation/presentation_0009.png,презентація,RVL-CDIP,,841,1000,207947
presentation/presentation_0010.png,презентація,RVL-CDIP,,762,1000,214283
presentation/presentation_0011.png,презентація,RVL-CDIP,,754,1000,293300
presentation/presentation_0012.png,презентація,RVL-CDIP,,754,1000,283217
presentation/presentation_0013.png,презентація,RVL-CDIP,,754,1000,174943
presentation/presentation_0014.png,презентація,RVL-CDIP,,785,1000,177958
presentation/presentation_0015.png,презентація,RVL-CDIP,,777,1000,91918
presentation/presentation_0016.png,презентація,RVL-CDIP,,777,1000,34085
presentation/presentation_0017.png,презентація,RVL-CDIP,,754,1000,202536
presentation/presentation_0018.png,презентація,RVL-CDIP,,754,1000,26218
presentation/presentation_0019.png,презентація,RVL-CDIP,,754,1000,253886
presentation/presentation_0020.png,презентація,RVL-CDIP,,777,1000,186477
presentation/presentation_0021.png,презентація,RVL-CDIP,,781,1000,323565
presentation/presentation_0022.png,презентація,RVL-CDIP,,762,1000,149045
presentation/presentation_0023.png,презентація,RVL-CDIP,,768,1000,62083
presentation/presentation_0024.png,презентація,RVL-CDIP,,754,1000,236517
presentation/presentation_0025.png,презентація,RVL-CDIP,,754,1000,139414
presentation/presentation_0026.png,презентація,RVL-CDIP,,762,1000,126531
presentation/presentation_0027.png,презентація,RVL-CDIP,,814,1000,264054
presentation/presentation_0028.png,презентація,RVL-CDIP,,802,1000,40321
presentation/presentation_0029.png,презентація,RVL-CDIP,,776,1000,15965
presentation/presentation_0030.png,презентація,RVL-CDIP,,762,1000,52607
presentation/presentation_0031.png,презентація,RVL-CDIP,,786,1000,342705
presentation/presentation_0032.png,презентація,RVL-CDIP,,754,1000,153810
presentation/presentation_0033.png,презентація,RVL-CDIP,,754,1000,78749
presentation/presentation_0034.png,презентація,RVL-CDIP,,762,1000,29302
presentation/presentation_0035.png,презентація,RVL-CDIP,,762,1000,225740
presentation/presentation_0036.png,презентація,RVL-CDIP,,804,1000,416123
presentation/presentation_0037.png,презентація,RVL-CDIP,,762,1000,317226
presentation/presentation_0038.png,презентація,RVL-CDIP,,750,1000,71150
presentation/presentation_0039.png,презентація,RVL-CDIP,,754,1000,189821
presentation/presentation_0040.png,презентація,RVL-CDIP,,754,1000,121423
presentation/presentation_0041.png,презентація,RVL-CDIP,,754,1000,328622
presentation/presentation_0042.png,презентація,RVL-CDIP,,802,1000,177499
presentation/presentation_0043.png,презентація,RVL-CDIP,,828,1000,185214
presentation/presentation_0044.png,презентація,RVL-CDIP,,771,1000,50841
presentation/presentation_0045.png,презентація,RVL-CDIP,,754,1000,860947
presentation/presentation_0046.png,презентація,RVL-CDIP,,777,1000,39343
presentation/presentation_0047.png,презентація,RVL-CDIP,,777,1000,43588
presentation/presentation_0048.png,презентація,RVL-CDIP,,803,1000,225182
presentation/presentation_0049.png,презентація,RVL-CDIP,,754,1000,314284
presentation/presentation_0050.png,презентація,RVL-CDIP,,754,1000,150583
presentation/presentation_0051.png,презентація,RVL-CDIP,,774,1000,231708
presentation/presentation_0052.png,презентація,RVL-CDIP,,762,1000,83844
presentation/presentation_0053.png,презентація,RVL-CDIP,,754,1000,21857
presentation/presentation_0054.png,презентація,RVL-CDIP,,754,1000,710508
presentation/presentation_0055.png,презентація,RVL-CDIP,,754,1000,259844
presentation/presentation_0056.png,презентація,RVL-CDIP,,802,1000,62009
presentation/presentation_0057.png,презентація,RVL-CDIP,,762,1000,29858
presentation/presentation_0058.png,презентація,RVL-CDIP,,777,1000,228017
presentation/presentation_0059.png,презентація,RVL-CDIP,,771,1000,153457
presentation/presentation_0060.png,презентація,RVL-CDIP,,771,1000,215671
presentation/presentation_0061.png,презентація,RVL-CDIP,,754,1000,38065
presentation/presentation_0062.png,презентація,RVL-CDIP,,785,1000,49724
presentation/presentation_0063.png,презентація,RVL-CDIP,,777,1000,80083
presentation/presentation_0064.png,презентація,RVL-CDIP,,777,1000,225839
presentation/presentation_0065.png,презентація,RVL-CDIP,,754,1000,21175
presentation/presentation_0066.png,презентація,RVL-CDIP,,754,1000,44165
presentation/presentation_0067.png,презентація,RVL-CDIP,,777,1000,246664
presentation/presentation_0068.png,презентація,RVL-CDIP,,777,1000,58365
presentation/presentation_0069.png,презентація,RVL-CDIP,,842,1000,1014152
presentation/presentation_0070.png,презентація,RVL-CDIP,,777,1000,324999
presentation/presentation_0071.png,презентація,RVL-CDIP,,754,1000,195236
presentation/presentation_0072.png,презентація,RVL-CDIP,,809,1000,230711
presentation/presentation_0073.png,презентація,RVL-CDIP,,754,1000,136481
presentation/presentation_0074.png,презентація,RVL-CDIP,,777,1000,119389
presentation/presentation_0075.png,презентація,RVL-CDIP,,754,1000,142135
presentation/presentation_0076.png,презентація,RVL-CDIP,,754,1000,23531
presentation/presentation_0077.png,презентація,RVL-CDIP,,754,1000,143079
presentation/presentation_0078.png,презентація,RVL-CDIP,,754,1000,235966
presentation/presentation_0079.png,презентація,RVL-CDIP,,843,1000,207737
presentation/presentation_0080.png,презентація,RVL-CDIP,,762,1000,298900
presentation/presentation_0081.png,презентація,RVL-CDIP,,754,1000,55719
presentation/presentation_0082.png,презентація,RVL-CDIP,,754,1000,112431
presentation/presentation_0083.png,презентація,RVL-CDIP,,719,1000,217720
presentation/presentation_0084.png,презентація,RVL-CDIP,,754,1000,168897
presentation/presentation_0085.png,презентація,RVL-CDIP,,777,1000,122709
presentation/presentation_0086.png,презентація,RVL-CDIP,,754,1000,158931
presentation/presentation_0087.png,презентація,RVL-CDIP,,754,1000,111126
presentation/presentation_0088.png,презентація,RVL-CDIP,,754,1000,74706
presentation/presentation_0089.png,презентація,RVL-CDIP,,783,1000,169311
presentation/presentation_0090.png,презентація,RVL-CDIP,,754,1000,1120422
presentation/presentation_0091.png,презентація,RVL-CDIP,,774,1000,214219
presentation/presentation_0092.png,презентація,RVL-CDIP,,772,1000,200741
presentation/presentation_0093.png,презентація,RVL-CDIP,,777,1000,92068
presentation/presentation_0094.png,презентація,RVL-CDIP,,777,1000,256082
presentation/presentation_0095.png,презентація,RVL-CDIP,,754,1000,188660
presentation/presentation_0096.png,презентація,RVL-CDIP,,754,1000,217057
presentation/presentation_0097.png,презентація,RVL-CDIP,,777,1000,20331
presentation/presentation_0098.png,презентація,RVL-CDIP,,762,1000,866943
presentation/presentation_0099.png,презентація,RVL-CDIP,,754,1000,64600
presentation/presentation_0100.png,презентація,RVL-CDIP,,754,1000,151718
presentation/presentation_0101.png,презентація,RVL-CDIP,,777,1000,69669
presentation/presentation_0102.png,презентація,RVL-CDIP,,807,1000,293806
presentation/presentation_0103.png,презентація,RVL-CDIP,,754,1000,201586
presentation/presentation_0104.png,презентація,RVL-CDIP,,754,1000,146029
presentation/presentation_0105.png,презентація,RVL-CDIP,,776,1000,234880
presentation/presentation_0106.png,презентація,RVL-CDIP,,777,1000,234724
presentation/presentation_0107.png,презентація,RVL-CDIP,,762,1000,65944
presentation/presentation_0108.png,презентація,RVL-CDIP,,754,1000,203351
presentation/presentation_0109.png,презентація,RVL-CDIP,,754,1000,322086
presentation/presentation_0110.png,презентація,RVL-CDIP,,779,1000,155307
presentation/presentation_0111.png,презентація,RVL-CDIP,,754,1000,75330
presentation/presentation_0112.png,презентація,RVL-CDIP,,754,1000,106912
presentation/presentation_0113.png,презентація,RVL-CDIP,,754,1000,150999
presentation/presentation_0114.png,презентація,RVL-CDIP,,777,1000,53974
presentation/presentation_0115.png,презентація,RVL-CDIP,,762,1000,172334
presentation/presentation_0116.png,презентація,RVL-CDIP,,777,1000,231540
presentation/presentation_0117.png,презентація,RVL-CDIP,,777,1000,245375
presentation/presentation_0118.png,презентація,RVL-CDIP,,777,1000,328327
presentation/presentation_0119.png,презентація,RVL-CDIP,,754,1000,524648
presentation/presentation_0120.png,презентація,RVL-CDIP,,802,1000,28341
presentation/presentation_0121.png,презентація,RVL-CDIP,,766,1000,48310
presentation/presentation_0122.png,презентація,RVL-CDIP,,788,1000,289472
presentation/presentation_0123.png,презентація,RVL-CDIP,,754,1000,197063
presentation/presentation_0124.png,презентація,RVL-CDIP,,782,1000,102519
presentation/presentation_0125.png,презентація,RVL-CDIP,,847,1000,152867
presentation/presentation_0126.png,презентація,RVL-CDIP,,754,1000,159432
presentation/presentation_0127.png,презентація,RVL-CDIP,,764,1000,62951
presentation/presentation_0128.png,презентація,RVL-CDIP,,754,1000,325328
presentation/presentation_0129.png,презентація,RVL-CDIP,,792,1000,203879
presentation/presentation_0130.png,презентація,RVL-CDIP,,773,1000,229055
presentation/presentation_0131.png,презентація,RVL-CDIP,,754,1000,262206
presentation/presentation_0132.png,презентація,RVL-CDIP,,754,1000,205070
presentation/presentation_0133.png,презентація,RVL-CDIP,,754,1000,218811
presentation/presentation_0134.png,презентація,RVL-CDIP,,777,1000,269645
presentation/presentation_0135.png,презентація,RVL-CDIP,,754,1000,156306
presentation/presentation_0136.png,презентація,RVL-CDIP,,777,1000,538324
presentation/presentation_0137.png,презентація,RVL-CDIP,,802,1000,131949
presentation/presentation_0138.png,презентація,RVL-CDIP,,754,1000,316607
presentation/presentation_0139.png,презентація,RVL-CDIP,,754,1000,178792
presentation/presentation_0140.png,презентація,RVL-CDIP,,754,1000,50536
presentation/presentation_0141.png,презентація,RVL-CDIP,,762,1000,194579
presentation/presentation_0142.png,презентація,RVL-CDIP,,762,1000,296295
presentation/presentation_0143.png,презентація,RVL-CDIP,,762,1000,187586
presentation/presentation_0144.png,презентація,RVL-CDIP,,754,1000,79213
presentation/presentation_0145.png,презентація,RVL-CDIP,,777,1000,248444
presentation/presentation_0146.png,презентація,RVL-CDIP,,762,1000,41008
presentation/presentation_0147.png,презентація,RVL-CDIP,,754,1000,110839
presentation/presentation_0148.png,презентація,RVL-CDIP,,754,1000,164855
presentation/presentation_0149.png,презентація,RVL-CDIP,,762,1000,145671
presentation/presentation_0150.png,презентація,RVL-CDIP,,802,1000,94501
presentation/presentation_0151.png,презентація,RVL-CDIP,,754,1000,180026
presentation/presentation_0152.png,презентація,RVL-CDIP,,792,1000,52932
presentation/presentation_0153.png,презентація,RVL-CDIP,,754,1000,322105
presentation/presentation_0154.png,презентація,RVL-CDIP,,778,1000,216357
presentation/presentation_0155.png,презентація,RVL-CDIP,,775,1000,353274
presentation/presentation_0156.png,презентація,RVL-CDIP,,782,1000,132760
presentation/presentation_0157.png,презентація,RVL-CDIP,,762,1000,36299
presentation/presentation_0158.png,презентація,RVL-CDIP,,754,1000,995774
presentation/presentation_0159.png,презентація,RVL-CDIP,,785,1000,66961
presentation/presentation_0160.png,презентація,RVL-CDIP,,678,1000,411092
presentation/presentation_0161.png,презентація,RVL-CDIP,,796,1000,1047226
presentation/presentation_0162.png,презентація,RVL-CDIP,,754,1000,96649
presentation/presentation_0163.png,презентація,RVL-CDIP,,768,1000,201863
presentation/presentation_0164.png,презентація,RVL-CDIP,,777,1000,170232
presentation/presentation_0165.png,презентація,RVL-CDIP,,802,1000,154353
presentation/presentation_0166.png,презентація,RVL-CDIP,,777,1000,224410
presentation/presentation_0167.png,презентація,RVL-CDIP,,802,1000,28385
presentation/presentation_0168.png,презентація,RVL-CDIP,,754,1000,189770
presentation/presentation_0169.png,презентація,RVL-CDIP,,754,1000,172287
presentation/presentation_0170.png,презентація,RVL-CDIP,,762,1000,130535
presentation/presentation_0171.png,презентація,RVL-CDIP,,777,1000,105494
presentation/presentation_0172.png,презентація,RVL-CDIP,,767,1000,186144
presentation/presentation_0173.png,презентація,RVL-CDIP,,768,1000,322654
presentation/presentation_0174.png,презентація,RVL-CDIP,,754,1000,240098
presentation/presentation_0175.png,презентація,RVL-CDIP,,809,1000,275438
presentation/presentation_0176.png,презентація,RVL-CDIP,,754,1000,105550
presentation/presentation_0177.png,презентація,RVL-CDIP,,796,1000,303124
presentation/presentation_0178.png,презентація,RVL-CDIP,,754,1000,169686
presentation/presentation_0179.png,презентація,RVL-CDIP,,754,1000,126152
presentation/presentation_0180.png,презентація,RVL-CDIP,,796,1000,68868
presentation/presentation_0181.png,презентація,RVL-CDIP,,762,1000,186867
presentation/presentation_0182.png,презентація,RVL-CDIP,,754,1000,274934
presentation/presentation_0183.png,презентація,RVL-CDIP,,754,1000,335120
presentation/presentation_0184.png,презентація,RVL-CDIP,,754,1000,87535
presentation/presentation_0185.png,презентація,RVL-CDIP,,762,1000,517817
presentation/presentation_0186.png,презентація,RVL-CDIP,,754,1000,282184
presentation/presentation_0187.png,презентація,RVL-CDIP,,762,1000,50469
presentation/presentation_0188.png,презентація,RVL-CDIP,,795,1000,62067
presentation/presentation_0189.png,презентація,RVL-CDIP,,762,1000,29729
questionnaire/questionnaire_0000.png,анкета,RVL-CDIP,,754,1000,111919
questionnaire/questionnaire_0001.png,анкета,RVL-CDIP,,831,1000,207063
questionnaire/questionnaire_0002.png,анкета,RVL-CDIP,,777,1000,299943
questionnaire/questionnaire_0003.png,анкета,RVL-CDIP,,754,1000,161125
questionnaire/questionnaire_0004.png,анкета,RVL-CDIP,,784,1000,154505
questionnaire/questionnaire_0005.png,анкета,RVL-CDIP,,808,1000,249092
questionnaire/questionnaire_0006.png,анкета,RVL-CDIP,,762,1000,189964
questionnaire/questionnaire_0007.png,анкета,RVL-CDIP,,762,1000,287430
questionnaire/questionnaire_0008.png,анкета,RVL-CDIP,,754,1000,461148
questionnaire/questionnaire_0009.png,анкета,RVL-CDIP,,762,1000,202832
questionnaire/questionnaire_0010.png,анкета,RVL-CDIP,,754,1000,199802
questionnaire/questionnaire_0011.png,анкета,RVL-CDIP,,754,1000,167313
questionnaire/questionnaire_0012.png,анкета,RVL-CDIP,,779,1000,177233
questionnaire/questionnaire_0013.png,анкета,RVL-CDIP,,777,1000,110928
questionnaire/questionnaire_0014.png,анкета,RVL-CDIP,,764,1000,238104
questionnaire/questionnaire_0015.png,анкета,RVL-CDIP,,764,1000,301524
questionnaire/questionnaire_0016.png,анкета,RVL-CDIP,,808,1000,290169
questionnaire/questionnaire_0017.png,анкета,RVL-CDIP,,754,1000,240798
questionnaire/questionnaire_0018.png,анкета,RVL-CDIP,,766,1000,210629
questionnaire/questionnaire_0019.png,анкета,RVL-CDIP,,634,1000,254024
questionnaire/questionnaire_0020.png,анкета,RVL-CDIP,,754,1000,241707
questionnaire/questionnaire_0021.png,анкета,RVL-CDIP,,754,1000,263650
questionnaire/questionnaire_0022.png,анкета,RVL-CDIP,,754,1000,267899
questionnaire/questionnaire_0023.png,анкета,RVL-CDIP,,754,1000,201334
questionnaire/questionnaire_0024.png,анкета,RVL-CDIP,,754,1000,26394
questionnaire/questionnaire_0025.png,анкета,RVL-CDIP,,754,1000,254923
questionnaire/questionnaire_0026.png,анкета,RVL-CDIP,,754,1000,218872
questionnaire/questionnaire_0027.png,анкета,RVL-CDIP,,803,1000,146418
questionnaire/questionnaire_0028.png,анкета,RVL-CDIP,,799,1000,256571
questionnaire/questionnaire_0029.png,анкета,RVL-CDIP,,778,1000,123484
questionnaire/questionnaire_0030.png,анкета,RVL-CDIP,,713,1000,214063
questionnaire/questionnaire_0031.png,анкета,RVL-CDIP,,762,1000,125721
questionnaire/questionnaire_0032.png,анкета,RVL-CDIP,,754,1000,149595
questionnaire/questionnaire_0033.png,анкета,RVL-CDIP,,754,1000,202226
questionnaire/questionnaire_0034.png,анкета,RVL-CDIP,,789,1000,124196
questionnaire/questionnaire_0035.png,анкета,RVL-CDIP,,774,1000,212058
questionnaire/questionnaire_0036.png,анкета,RVL-CDIP,,754,1000,189388
questionnaire/questionnaire_0037.png,анкета,RVL-CDIP,,754,1000,199341
questionnaire/questionnaire_0038.png,анкета,RVL-CDIP,,754,1000,228493
questionnaire/questionnaire_0039.png,анкета,RVL-CDIP,,762,1000,768093
questionnaire/questionnaire_0040.png,анкета,RVL-CDIP,,810,1000,169681
questionnaire/questionnaire_0041.png,анкета,RVL-CDIP,,794,1000,234737
questionnaire/questionnaire_0042.png,анкета,RVL-CDIP,,754,1000,200202
questionnaire/questionnaire_0043.png,анкета,RVL-CDIP,,776,1000,156802
questionnaire/questionnaire_0044.png,анкета,RVL-CDIP,,754,1000,208687
questionnaire/questionnaire_0045.png,анкета,RVL-CDIP,,802,1000,169344
questionnaire/questionnaire_0046.png,анкета,RVL-CDIP,,799,1000,221490
questionnaire/questionnaire_0047.png,анкета,RVL-CDIP,,788,1000,177236
questionnaire/questionnaire_0048.png,анкета,RVL-CDIP,,801,1000,195289
questionnaire/questionnaire_0049.png,анкета,RVL-CDIP,,762,1000,183402
questionnaire/questionnaire_0050.png,анкета,RVL-CDIP,,773,1000,222388
questionnaire/questionnaire_0051.png,анкета,RVL-CDIP,,754,1000,198235
questionnaire/questionnaire_0052.png,анкета,RVL-CDIP,,791,1000,165807
questionnaire/questionnaire_0053.png,анкета,RVL-CDIP,,754,1000,271192
questionnaire/questionnaire_0054.png,анкета,RVL-CDIP,,762,1000,178315
questionnaire/questionnaire_0055.png,анкета,RVL-CDIP,,762,1000,100655
questionnaire/questionnaire_0056.png,анкета,RVL-CDIP,,777,1000,86868
questionnaire/questionnaire_0057.png,анкета,RVL-CDIP,,810,1000,160955
questionnaire/questionnaire_0058.png,анкета,RVL-CDIP,,762,1000,374778
questionnaire/questionnaire_0059.png,анкета,RVL-CDIP,,762,1000,145245
questionnaire/questionnaire_0060.png,анкета,RVL-CDIP,,777,1000,426533
questionnaire/questionnaire_0061.png,анкета,RVL-CDIP,,762,1000,226563
questionnaire/questionnaire_0062.png,анкета,RVL-CDIP,,762,1000,96660
questionnaire/questionnaire_0063.png,анкета,RVL-CDIP,,777,1000,1440752
questionnaire/questionnaire_0064.png,анкета,RVL-CDIP,,811,1000,179283
questionnaire/questionnaire_0065.png,анкета,RVL-CDIP,,754,1000,301170
questionnaire/questionnaire_0066.png,анкета,RVL-CDIP,,788,1000,217713
questionnaire/questionnaire_0067.png,анкета,RVL-CDIP,,777,1000,180832
questionnaire/questionnaire_0068.png,анкета,RVL-CDIP,,795,1000,219610
questionnaire/questionnaire_0069.png,анкета,RVL-CDIP,,762,1000,142282
questionnaire/questionnaire_0070.png,анкета,RVL-CDIP,,828,1000,296825
questionnaire/questionnaire_0071.png,анкета,RVL-CDIP,,754,1000,210513
questionnaire/questionnaire_0072.png,анкета,RVL-CDIP,,762,1000,121601
questionnaire/questionnaire_0073.png,анкета,RVL-CDIP,,783,1000,91281
questionnaire/questionnaire_0074.png,анкета,RVL-CDIP,,625,1000,243204
questionnaire/questionnaire_0075.png,анкета,RVL-CDIP,,754,1000,238900
questionnaire/questionnaire_0076.png,анкета,RVL-CDIP,,777,1000,43779
questionnaire/questionnaire_0077.png,анкета,RVL-CDIP,,762,1000,134121
questionnaire/questionnaire_0078.png,анкета,RVL-CDIP,,754,1000,50820
questionnaire/questionnaire_0079.png,анкета,RVL-CDIP,,754,1000,252162
questionnaire/questionnaire_0080.png,анкета,RVL-CDIP,,776,1000,407731
questionnaire/questionnaire_0081.png,анкета,RVL-CDIP,,777,1000,158281
questionnaire/questionnaire_0082.png,анкета,RVL-CDIP,,767,1000,252694
questionnaire/questionnaire_0083.png,анкета,RVL-CDIP,,745,1000,137198
questionnaire/questionnaire_0084.png,анкета,RVL-CDIP,,777,1000,335499
questionnaire/questionnaire_0085.png,анкета,RVL-CDIP,,786,1000,274247
questionnaire/questionnaire_0086.png,анкета,RVL-CDIP,,778,1000,181687
questionnaire/questionnaire_0087.png,анкета,RVL-CDIP,,762,1000,166350
questionnaire/questionnaire_0088.png,анкета,RVL-CDIP,,616,1000,199024
questionnaire/questionnaire_0089.png,анкета,RVL-CDIP,,762,1000,157097
questionnaire/questionnaire_0090.png,анкета,RVL-CDIP,,785,1000,115200
questionnaire/questionnaire_0091.png,анкета,RVL-CDIP,,777,1000,1128606
questionnaire/questionnaire_0092.png,анкета,RVL-CDIP,,777,1000,134862
questionnaire/questionnaire_0093.png,анкета,RVL-CDIP,,754,1000,273462
questionnaire/questionnaire_0094.png,анкета,RVL-CDIP,,771,1000,257404
questionnaire/questionnaire_0095.png,анкета,RVL-CDIP,,777,1000,296718
questionnaire/questionnaire_0096.png,анкета,RVL-CDIP,,808,1000,289856
questionnaire/questionnaire_0097.png,анкета,RVL-CDIP,,762,1000,156372
questionnaire/questionnaire_0098.png,анкета,RVL-CDIP,,614,1000,170750
questionnaire/questionnaire_0099.png,анкета,RVL-CDIP,,762,1000,60106
questionnaire/questionnaire_0100.png,анкета,RVL-CDIP,,762,1000,210884
questionnaire/questionnaire_0101.png,анкета,RVL-CDIP,,774,1000,160036
questionnaire/questionnaire_0102.png,анкета,RVL-CDIP,,765,1000,379206
questionnaire/questionnaire_0103.png,анкета,RVL-CDIP,,777,1000,502201
questionnaire/questionnaire_0104.png,анкета,RVL-CDIP,,762,1000,156275
questionnaire/questionnaire_0105.png,анкета,RVL-CDIP,,754,1000,146593
questionnaire/questionnaire_0106.png,анкета,RVL-CDIP,,754,1000,157881
questionnaire/questionnaire_0107.png,анкета,RVL-CDIP,,784,1000,179419
questionnaire/questionnaire_0108.png,анкета,RVL-CDIP,,762,1000,161443
questionnaire/questionnaire_0109.png,анкета,RVL-CDIP,,771,1000,217936
questionnaire/questionnaire_0110.png,анкета,RVL-CDIP,,777,1000,235520
questionnaire/questionnaire_0111.png,анкета,RVL-CDIP,,777,1000,162457
questionnaire/questionnaire_0112.png,анкета,RVL-CDIP,,792,1000,64352
questionnaire/questionnaire_0113.png,анкета,RVL-CDIP,,754,1000,401708
questionnaire/questionnaire_0114.png,анкета,RVL-CDIP,,762,1000,78825
questionnaire/questionnaire_0115.png,анкета,RVL-CDIP,,762,1000,185313
questionnaire/questionnaire_0116.png,анкета,RVL-CDIP,,843,1000,192332
questionnaire/questionnaire_0117.png,анкета,RVL-CDIP,,776,1000,150565
questionnaire/questionnaire_0118.png,анкета,RVL-CDIP,,772,1000,147426
questionnaire/questionnaire_0119.png,анкета,RVL-CDIP,,742,1000,378233
questionnaire/questionnaire_0120.png,анкета,RVL-CDIP,,754,1000,54395
questionnaire/questionnaire_0121.png,анкета,RVL-CDIP,,790,1000,423790
questionnaire/questionnaire_0122.png,анкета,RVL-CDIP,,775,1000,63983
questionnaire/questionnaire_0123.png,анкета,RVL-CDIP,,762,1000,64701
questionnaire/questionnaire_0124.png,анкета,RVL-CDIP,,778,1000,151627
questionnaire/questionnaire_0125.png,анкета,RVL-CDIP,,780,1000,58843
questionnaire/questionnaire_0126.png,анкета,RVL-CDIP,,769,1000,571094
questionnaire/questionnaire_0127.png,анкета,RVL-CDIP,,762,1000,102360
questionnaire/questionnaire_0128.png,анкета,RVL-CDIP,,777,1000,434567
questionnaire/questionnaire_0129.png,анкета,RVL-CDIP,,754,1000,181110
questionnaire/questionnaire_0130.png,анкета,RVL-CDIP,,754,1000,44875
questionnaire/questionnaire_0131.png,анкета,RVL-CDIP,,786,1000,292224
questionnaire/questionnaire_0132.png,анкета,RVL-CDIP,,796,1000,141981
questionnaire/questionnaire_0133.png,анкета,RVL-CDIP,,768,1000,224305
questionnaire/questionnaire_0134.png,анкета,RVL-CDIP,,754,1000,315644
questionnaire/questionnaire_0135.png,анкета,RVL-CDIP,,766,1000,184687
questionnaire/questionnaire_0136.png,анкета,RVL-CDIP,,780,1000,155385
questionnaire/questionnaire_0137.png,анкета,RVL-CDIP,,762,1000,233518
questionnaire/questionnaire_0138.png,анкета,RVL-CDIP,,754,1000,157504
questionnaire/questionnaire_0139.png,анкета,RVL-CDIP,,762,1000,367285
questionnaire/questionnaire_0140.png,анкета,RVL-CDIP,,792,1000,218811
questionnaire/questionnaire_0141.png,анкета,RVL-CDIP,,754,1000,172583
questionnaire/questionnaire_0142.png,анкета,RVL-CDIP,,796,1000,258971
questionnaire/questionnaire_0143.png,анкета,RVL-CDIP,,788,1000,248966
questionnaire/questionnaire_0144.png,анкета,RVL-CDIP,,762,1000,115939
questionnaire/questionnaire_0145.png,анкета,RVL-CDIP,,754,1000,354274
questionnaire/questionnaire_0146.png,анкета,RVL-CDIP,,611,1000,98247
questionnaire/questionnaire_0147.png,анкета,RVL-CDIP,,779,1000,232860
questionnaire/questionnaire_0148.png,анкета,RVL-CDIP,,754,1000,250728
questionnaire/questionnaire_0149.png,анкета,RVL-CDIP,,780,1000,87702
questionnaire/questionnaire_0150.png,анкета,RVL-CDIP,,777,1000,407972
questionnaire/questionnaire_0151.png,анкета,RVL-CDIP,,754,1000,213241
questionnaire/questionnaire_0152.png,анкета,RVL-CDIP,,762,1000,164529
questionnaire/questionnaire_0153.png,анкета,RVL-CDIP,,754,1000,239522
questionnaire/questionnaire_0154.png,анкета,RVL-CDIP,,754,1000,77714
questionnaire/questionnaire_0155.png,анкета,RVL-CDIP,,780,1000,153243
questionnaire/questionnaire_0156.png,анкета,RVL-CDIP,,754,1000,244653
questionnaire/questionnaire_0157.png,анкета,RVL-CDIP,,762,1000,124900
questionnaire/questionnaire_0158.png,анкета,RVL-CDIP,,775,1000,165456
questionnaire/questionnaire_0159.png,анкета,RVL-CDIP,,850,1000,102659
questionnaire/questionnaire_0160.png,анкета,RVL-CDIP,,762,1000,159610
questionnaire/questionnaire_0161.png,анкета,RVL-CDIP,,754,1000,295500
questionnaire/questionnaire_0162.png,анкета,RVL-CDIP,,777,1000,140154
questionnaire/questionnaire_0163.png,анкета,RVL-CDIP,,754,1000,144322
questionnaire/questionnaire_0164.png,анкета,RVL-CDIP,,772,1000,147406
questionnaire/questionnaire_0165.png,анкета,RVL-CDIP,,762,1000,143088
questionnaire/questionnaire_0166.png,анкета,RVL-CDIP,,624,1000,244837
questionnaire/questionnaire_0167.png,анкета,RVL-CDIP,,754,1000,207575
questionnaire/questionnaire_0168.png,анкета,RVL-CDIP,,754,1000,120634
questionnaire/questionnaire_0169.png,анкета,RVL-CDIP,,768,1000,127854
questionnaire/questionnaire_0170.png,анкета,RVL-CDIP,,777,1000,219180
questionnaire/questionnaire_0171.png,анкета,RVL-CDIP,,776,1000,231763
questionnaire/questionnaire_0172.png,анкета,RVL-CDIP,,777,1000,223922
questionnaire/questionnaire_0173.png,анкета,RVL-CDIP,,762,1000,223254
questionnaire/questionnaire_0174.png,анкета,RVL-CDIP,,754,1000,93749
questionnaire/questionnaire_0175.png,анкета,RVL-CDIP,,754,1000,120577
questionnaire/questionnaire_0176.png,анкета,RVL-CDIP,,777,1000,366252
questionnaire/questionnaire_0177.png,анкета,RVL-CDIP,,769,1000,219284
questionnaire/questionnaire_0178.png,анкета,RVL-CDIP,,786,1000,325356
questionnaire/questionnaire_0179.png,анкета,RVL-CDIP,,762,1000,108007
questionnaire/questionnaire_0180.png,анкета,RVL-CDIP,,762,1000,113060
questionnaire/questionnaire_0181.png,анкета,RVL-CDIP,,754,1000,62762
questionnaire/questionnaire_0182.png,анкета,RVL-CDIP,,777,1000,157556
questionnaire/questionnaire_0183.png,анкета,RVL-CDIP,,777,1000,173084
questionnaire/questionnaire_0184.png,анкета,RVL-CDIP,,777,1000,171972
questionnaire/questionnaire_0185.png,анкета,RVL-CDIP,,671,1000,302003
questionnaire/questionnaire_0186.png,анкета,RVL-CDIP,,784,1000,136566
questionnaire/questionnaire_0187.png,анкета,RVL-CDIP,,762,1000,75091
questionnaire/questionnaire_0188.png,анкета,RVL-CDIP,,797,1000,802062
questionnaire/questionnaire_0189.png,анкета,RVL-CDIP,,777,1000,514663
resume/resume_0000.png,резюме,RVL-CDIP,,754,1000,211365
resume/resume_0001.png,резюме,RVL-CDIP,,754,1000,194359
resume/resume_0002.png,резюме,RVL-CDIP,,777,1000,262912
resume/resume_0003.png,резюме,RVL-CDIP,,754,1000,49939
resume/resume_0004.png,резюме,RVL-CDIP,,754,1000,427179
resume/resume_0005.png,резюме,RVL-CDIP,,754,1000,250337
resume/resume_0006.png,резюме,RVL-CDIP,,781,1000,254541
resume/resume_0007.png,резюме,RVL-CDIP,,767,1000,262572
resume/resume_0008.png,резюме,RVL-CDIP,,754,1000,122758
resume/resume_0009.png,резюме,RVL-CDIP,,754,1000,271792
resume/resume_0010.png,резюме,RVL-CDIP,,754,1000,447631
resume/resume_0011.png,резюме,RVL-CDIP,,754,1000,328280
resume/resume_0012.png,резюме,RVL-CDIP,,762,1000,538014
resume/resume_0013.png,резюме,RVL-CDIP,,754,1000,283051
resume/resume_0014.png,резюме,RVL-CDIP,,754,1000,341478
resume/resume_0015.png,резюме,RVL-CDIP,,754,1000,347025
resume/resume_0016.png,резюме,RVL-CDIP,,754,1000,160154
resume/resume_0017.png,резюме,RVL-CDIP,,771,1000,209460
resume/resume_0018.png,резюме,RVL-CDIP,,754,1000,36117
resume/resume_0019.png,резюме,RVL-CDIP,,754,1000,279827
resume/resume_0020.png,резюме,RVL-CDIP,,754,1000,442141
resume/resume_0021.png,резюме,RVL-CDIP,,754,1000,312299
resume/resume_0022.png,резюме,RVL-CDIP,,754,1000,393767
resume/resume_0023.png,резюме,RVL-CDIP,,754,1000,480225
resume/resume_0024.png,резюме,RVL-CDIP,,754,1000,334304
resume/resume_0025.png,резюме,RVL-CDIP,,754,1000,295250
resume/resume_0026.png,резюме,RVL-CDIP,,754,1000,337984
resume/resume_0027.png,резюме,RVL-CDIP,,754,1000,325042
resume/resume_0028.png,резюме,RVL-CDIP,,754,1000,324810
resume/resume_0029.png,резюме,RVL-CDIP,,754,1000,316414
resume/resume_0030.png,резюме,RVL-CDIP,,754,1000,182189
resume/resume_0031.png,резюме,RVL-CDIP,,754,1000,218453
resume/resume_0032.png,резюме,RVL-CDIP,,754,1000,521638
resume/resume_0033.png,резюме,RVL-CDIP,,754,1000,255929
resume/resume_0034.png,резюме,RVL-CDIP,,754,1000,473236
resume/resume_0035.png,резюме,RVL-CDIP,,777,1000,256798
resume/resume_0036.png,резюме,RVL-CDIP,,754,1000,393707
resume/resume_0037.png,резюме,RVL-CDIP,,754,1000,184289
resume/resume_0038.png,резюме,RVL-CDIP,,754,1000,348568
resume/resume_0039.png,резюме,RVL-CDIP,,754,1000,167392
resume/resume_0040.png,резюме,RVL-CDIP,,754,1000,316892
resume/resume_0041.png,резюме,RVL-CDIP,,754,1000,216658
resume/resume_0042.png,резюме,RVL-CDIP,,754,1000,187093
resume/resume_0043.png,резюме,RVL-CDIP,,754,1000,246552
resume/resume_0044.png,резюме,RVL-CDIP,,754,1000,337598
resume/resume_0045.png,резюме,RVL-CDIP,,754,1000,173179
resume/resume_0046.png,резюме,RVL-CDIP,,754,1000,82607
resume/resume_0047.png,резюме,RVL-CDIP,,762,1000,172562
resume/resume_0048.png,резюме,RVL-CDIP,,754,1000,359252
resume/resume_0049.png,резюме,RVL-CDIP,,754,1000,329878
resume/resume_0050.png,резюме,RVL-CDIP,,754,1000,304796
resume/resume_0051.png,резюме,RVL-CDIP,,754,1000,338763
resume/resume_0052.png,резюме,RVL-CDIP,,747,1000,189636
resume/resume_0053.png,резюме,RVL-CDIP,,754,1000,311280
resume/resume_0054.png,резюме,RVL-CDIP,,802,1000,269926
resume/resume_0055.png,резюме,RVL-CDIP,,754,1000,356778
resume/resume_0056.png,резюме,RVL-CDIP,,754,1000,415436
resume/resume_0057.png,резюме,RVL-CDIP,,772,1000,160583
resume/resume_0058.png,резюме,RVL-CDIP,,754,1000,275620
resume/resume_0059.png,резюме,RVL-CDIP,,754,1000,262034
resume/resume_0060.png,резюме,RVL-CDIP,,754,1000,188373
resume/resume_0061.png,резюме,RVL-CDIP,,754,1000,434378
resume/resume_0062.png,резюме,RVL-CDIP,,754,1000,337630
resume/resume_0063.png,резюме,RVL-CDIP,,754,1000,317253
resume/resume_0064.png,резюме,RVL-CDIP,,754,1000,203525
resume/resume_0065.png,резюме,RVL-CDIP,,754,1000,289190
resume/resume_0066.png,резюме,RVL-CDIP,,754,1000,430515
resume/resume_0067.png,резюме,RVL-CDIP,,754,1000,377699
resume/resume_0068.png,резюме,RVL-CDIP,,754,1000,288728
resume/resume_0069.png,резюме,RVL-CDIP,,754,1000,207090
resume/resume_0070.png,резюме,RVL-CDIP,,754,1000,357338
resume/resume_0071.png,резюме,RVL-CDIP,,754,1000,415523
resume/resume_0072.png,резюме,RVL-CDIP,,754,1000,370499
resume/resume_0073.png,резюме,RVL-CDIP,,754,1000,383819
resume/resume_0074.png,резюме,RVL-CDIP,,754,1000,150020
resume/resume_0075.png,резюме,RVL-CDIP,,754,1000,371427
resume/resume_0076.png,резюме,RVL-CDIP,,754,1000,352919
resume/resume_0077.png,резюме,RVL-CDIP,,754,1000,401974
resume/resume_0078.png,резюме,RVL-CDIP,,754,1000,252071
resume/resume_0079.png,резюме,RVL-CDIP,,784,1000,286870
resume/resume_0080.png,резюме,RVL-CDIP,,777,1000,127442
resume/resume_0081.png,резюме,RVL-CDIP,,754,1000,367539
resume/resume_0082.png,резюме,RVL-CDIP,,754,1000,279158
resume/resume_0083.png,резюме,RVL-CDIP,,754,1000,480677
resume/resume_0084.png,резюме,RVL-CDIP,,754,1000,347972
resume/resume_0085.png,резюме,RVL-CDIP,,754,1000,442931
resume/resume_0086.png,резюме,RVL-CDIP,,754,1000,161263
resume/resume_0087.png,резюме,RVL-CDIP,,754,1000,361512
resume/resume_0088.png,резюме,RVL-CDIP,,754,1000,182746
resume/resume_0089.png,резюме,RVL-CDIP,,754,1000,177241
resume/resume_0090.png,резюме,RVL-CDIP,,754,1000,318726
resume/resume_0091.png,резюме,RVL-CDIP,,754,1000,264386
resume/resume_0092.png,резюме,RVL-CDIP,,754,1000,401910
resume/resume_0093.png,резюме,RVL-CDIP,,754,1000,224163
resume/resume_0094.png,резюме,RVL-CDIP,,754,1000,471049
resume/resume_0095.png,резюме,RVL-CDIP,,754,1000,226932
resume/resume_0096.png,резюме,RVL-CDIP,,795,1000,447769
resume/resume_0097.png,резюме,RVL-CDIP,,754,1000,414772
resume/resume_0098.png,резюме,RVL-CDIP,,754,1000,420254
resume/resume_0099.png,резюме,RVL-CDIP,,754,1000,135745
resume/resume_0100.png,резюме,RVL-CDIP,,754,1000,365148
resume/resume_0101.png,резюме,RVL-CDIP,,754,1000,297158
resume/resume_0102.png,резюме,RVL-CDIP,,754,1000,448837
resume/resume_0103.png,резюме,RVL-CDIP,,754,1000,438663
resume/resume_0104.png,резюме,RVL-CDIP,,754,1000,156613
resume/resume_0105.png,резюме,RVL-CDIP,,754,1000,389451
resume/resume_0106.png,резюме,RVL-CDIP,,754,1000,290533
resume/resume_0107.png,резюме,RVL-CDIP,,785,1000,219988
resume/resume_0108.png,резюме,RVL-CDIP,,772,1000,433243
resume/resume_0109.png,резюме,RVL-CDIP,,754,1000,135700
resume/resume_0110.png,резюме,RVL-CDIP,,754,1000,321028
resume/resume_0111.png,резюме,RVL-CDIP,,754,1000,479633
resume/resume_0112.png,резюме,RVL-CDIP,,771,1000,357552
resume/resume_0113.png,резюме,RVL-CDIP,,767,1000,169742
resume/resume_0114.png,резюме,RVL-CDIP,,772,1000,181239
resume/resume_0115.png,резюме,RVL-CDIP,,754,1000,445090
resume/resume_0116.png,резюме,RVL-CDIP,,754,1000,150443
resume/resume_0117.png,резюме,RVL-CDIP,,754,1000,386075
resume/resume_0118.png,резюме,RVL-CDIP,,754,1000,157571
resume/resume_0119.png,резюме,RVL-CDIP,,754,1000,416488
resume/resume_0120.png,резюме,RVL-CDIP,,754,1000,382510
resume/resume_0121.png,резюме,RVL-CDIP,,754,1000,430258
resume/resume_0122.png,резюме,RVL-CDIP,,754,1000,387373
resume/resume_0123.png,резюме,RVL-CDIP,,772,1000,269827
resume/resume_0124.png,резюме,RVL-CDIP,,754,1000,299104
resume/resume_0125.png,резюме,RVL-CDIP,,754,1000,330560
resume/resume_0126.png,резюме,RVL-CDIP,,763,1000,122412
resume/resume_0127.png,резюме,RVL-CDIP,,754,1000,225952
resume/resume_0128.png,резюме,RVL-CDIP,,754,1000,449026
resume/resume_0129.png,резюме,RVL-CDIP,,754,1000,218487
resume/resume_0130.png,резюме,RVL-CDIP,,754,1000,340867
resume/resume_0131.png,резюме,RVL-CDIP,,754,1000,389289
resume/resume_0132.png,резюме,RVL-CDIP,,754,1000,201310
resume/resume_0133.png,резюме,RVL-CDIP,,754,1000,353321
resume/resume_0134.png,резюме,RVL-CDIP,,754,1000,193978
resume/resume_0135.png,резюме,RVL-CDIP,,754,1000,210966
resume/resume_0136.png,резюме,RVL-CDIP,,754,1000,278617
resume/resume_0137.png,резюме,RVL-CDIP,,754,1000,285770
resume/resume_0138.png,резюме,RVL-CDIP,,745,1000,108685
resume/resume_0139.png,резюме,RVL-CDIP,,754,1000,428746
resume/resume_0140.png,резюме,RVL-CDIP,,754,1000,438376
resume/resume_0141.png,резюме,RVL-CDIP,,754,1000,290296
resume/resume_0142.png,резюме,RVL-CDIP,,754,1000,224587
resume/resume_0143.png,резюме,RVL-CDIP,,754,1000,464771
resume/resume_0144.png,резюме,RVL-CDIP,,754,1000,545801
resume/resume_0145.png,резюме,RVL-CDIP,,762,1000,153303
resume/resume_0146.png,резюме,RVL-CDIP,,754,1000,320365
resume/resume_0147.png,резюме,RVL-CDIP,,754,1000,394846
resume/resume_0148.png,резюме,RVL-CDIP,,754,1000,250006
resume/resume_0149.png,резюме,RVL-CDIP,,754,1000,406360
resume/resume_0150.png,резюме,RVL-CDIP,,754,1000,247721
resume/resume_0151.png,резюме,RVL-CDIP,,777,1000,449083
resume/resume_0152.png,резюме,RVL-CDIP,,754,1000,168490
resume/resume_0153.png,резюме,RVL-CDIP,,754,1000,393948
resume/resume_0154.png,резюме,RVL-CDIP,,754,1000,184814
resume/resume_0155.png,резюме,RVL-CDIP,,754,1000,432889
resume/resume_0156.png,резюме,RVL-CDIP,,769,1000,244120
resume/resume_0157.png,резюме,RVL-CDIP,,754,1000,262433
resume/resume_0158.png,резюме,RVL-CDIP,,754,1000,262520
resume/resume_0159.png,резюме,RVL-CDIP,,754,1000,293312
resume/resume_0160.png,резюме,RVL-CDIP,,754,1000,274582
resume/resume_0161.png,резюме,RVL-CDIP,,754,1000,281349
resume/resume_0162.png,резюме,RVL-CDIP,,754,1000,298858
resume/resume_0163.png,резюме,RVL-CDIP,,754,1000,146263
resume/resume_0164.png,резюме,RVL-CDIP,,754,1000,75850
resume/resume_0165.png,резюме,RVL-CDIP,,754,1000,263847
resume/resume_0166.png,резюме,RVL-CDIP,,754,1000,424337
resume/resume_0167.png,резюме,RVL-CDIP,,754,1000,169137
resume/resume_0168.png,резюме,RVL-CDIP,,754,1000,245181
resume/resume_0169.png,резюме,RVL-CDIP,,772,1000,22562
resume/resume_0170.png,резюме,RVL-CDIP,,763,1000,577421
resume/resume_0171.png,резюме,RVL-CDIP,,754,1000,363998
resume/resume_0172.png,резюме,RVL-CDIP,,754,1000,264351
resume/resume_0173.png,резюме,RVL-CDIP,,754,1000,103883
resume/resume_0174.png,резюме,RVL-CDIP,,754,1000,445436
resume/resume_0175.png,резюме,RVL-CDIP,,754,1000,232207
resume/resume_0176.png,резюме,RVL-CDIP,,754,1000,266662
resume/resume_0177.png,резюме,RVL-CDIP,,754,1000,283254
resume/resume_0178.png,резюме,RVL-CDIP,,754,1000,223476
resume/resume_0179.png,резюме,RVL-CDIP,,754,1000,90658
resume/resume_0180.png,резюме,RVL-CDIP,,754,1000,225594
resume/resume_0181.png,резюме,RVL-CDIP,,754,1000,258855
resume/resume_0182.png,резюме,RVL-CDIP,,754,1000,242666
resume/resume_0183.png,резюме,RVL-CDIP,,754,1000,466517
resume/resume_0184.png,резюме,RVL-CDIP,,754,1000,380903
resume/resume_0185.png,резюме,RVL-CDIP,,754,1000,290875
resume/resume_0186.png,резюме,RVL-CDIP,,762,1000,212779
resume/resume_0187.png,резюме,RVL-CDIP,,769,1000,176018
resume/resume_0188.png,резюме,RVL-CDIP,,754,1000,204653
resume/resume_0189.png,резюме,RVL-CDIP,,754,1000,112928
memo/memo_0000.png,службова записка,RVL-CDIP,,754,1000,94573
memo/memo_0001.png,службова записка,RVL-CDIP,,773,1000,110326
memo/memo_0002.png,службова записка,RVL-CDIP,,775,1000,214040
memo/memo_0003.png,службова записка,RVL-CDIP,,779,1000,290498
memo/memo_0004.png,службова записка,RVL-CDIP,,762,1000,233068
memo/memo_0005.png,службова записка,RVL-CDIP,,762,1000,145615
memo/memo_0006.png,службова записка,RVL-CDIP,,762,1000,232273
memo/memo_0007.png,службова записка,RVL-CDIP,,754,1000,131278
memo/memo_0008.png,службова записка,RVL-CDIP,,777,1000,228696
memo/memo_0009.png,службова записка,RVL-CDIP,,774,1000,269052
memo/memo_0010.png,службова записка,RVL-CDIP,,762,1000,124473
memo/memo_0011.png,службова записка,RVL-CDIP,,754,1000,331537
memo/memo_0012.png,службова записка,RVL-CDIP,,762,1000,97548
memo/memo_0013.png,службова записка,RVL-CDIP,,762,1000,165485
memo/memo_0014.png,службова записка,RVL-CDIP,,762,1000,90582
memo/memo_0015.png,службова записка,RVL-CDIP,,861,1000,286020
memo/memo_0016.png,службова записка,RVL-CDIP,,781,1000,248429
memo/memo_0017.png,службова записка,RVL-CDIP,,774,1000,218960
memo/memo_0018.png,службова записка,RVL-CDIP,,777,1000,121951
memo/memo_0019.png,службова записка,RVL-CDIP,,842,1000,119147
memo/memo_0020.png,службова записка,RVL-CDIP,,868,1000,292198
memo/memo_0021.png,службова записка,RVL-CDIP,,754,1000,289388
memo/memo_0022.png,службова записка,RVL-CDIP,,762,1000,152319
memo/memo_0023.png,службова записка,RVL-CDIP,,792,1000,199083
memo/memo_0024.png,службова записка,RVL-CDIP,,762,1000,187578
memo/memo_0025.png,службова записка,RVL-CDIP,,777,1000,395917
memo/memo_0026.png,службова записка,RVL-CDIP,,762,1000,111621
memo/memo_0027.png,службова записка,RVL-CDIP,,762,1000,179577
memo/memo_0028.png,службова записка,RVL-CDIP,,754,1000,364991
memo/memo_0029.png,службова записка,RVL-CDIP,,762,1000,103800
memo/memo_0030.png,службова записка,RVL-CDIP,,786,1000,159185
memo/memo_0031.png,службова записка,RVL-CDIP,,762,1000,498873
memo/memo_0032.png,службова записка,RVL-CDIP,,754,1000,238904
memo/memo_0033.png,службова записка,RVL-CDIP,,762,1000,388031
memo/memo_0034.png,службова записка,RVL-CDIP,,767,1000,82746
memo/memo_0035.png,службова записка,RVL-CDIP,,771,1000,241811
memo/memo_0036.png,службова записка,RVL-CDIP,,776,1000,142283
memo/memo_0037.png,службова записка,RVL-CDIP,,777,1000,109830
memo/memo_0038.png,службова записка,RVL-CDIP,,781,1000,105931
memo/memo_0039.png,службова записка,RVL-CDIP,,762,1000,82684
memo/memo_0040.png,службова записка,RVL-CDIP,,762,1000,157993
memo/memo_0041.png,службова записка,RVL-CDIP,,762,1000,159404
memo/memo_0042.png,службова записка,RVL-CDIP,,762,1000,240062
memo/memo_0043.png,службова записка,RVL-CDIP,,777,1000,545726
memo/memo_0044.png,службова записка,RVL-CDIP,,777,1000,312337
memo/memo_0045.png,службова записка,RVL-CDIP,,754,1000,82747
memo/memo_0046.png,службова записка,RVL-CDIP,,754,1000,325674
memo/memo_0047.png,службова записка,RVL-CDIP,,796,1000,106568
memo/memo_0048.png,службова записка,RVL-CDIP,,762,1000,172003
memo/memo_0049.png,службова записка,RVL-CDIP,,777,1000,252017
memo/memo_0050.png,службова записка,RVL-CDIP,,767,1000,225213
memo/memo_0051.png,службова записка,RVL-CDIP,,762,1000,111882
memo/memo_0052.png,службова записка,RVL-CDIP,,771,1000,135441
memo/memo_0053.png,службова записка,RVL-CDIP,,770,1000,162469
memo/memo_0054.png,службова записка,RVL-CDIP,,762,1000,94338
memo/memo_0055.png,службова записка,RVL-CDIP,,847,1000,189232
memo/memo_0056.png,службова записка,RVL-CDIP,,754,1000,205077
memo/memo_0057.png,службова записка,RVL-CDIP,,777,1000,197341
memo/memo_0058.png,службова записка,RVL-CDIP,,761,1000,159803
memo/memo_0059.png,службова записка,RVL-CDIP,,786,1000,276988
memo/memo_0060.png,службова записка,RVL-CDIP,,777,1000,790009
memo/memo_0061.png,службова записка,RVL-CDIP,,754,1000,112854
memo/memo_0062.png,службова записка,RVL-CDIP,,754,1000,110650
memo/memo_0063.png,службова записка,RVL-CDIP,,768,1000,82830
memo/memo_0064.png,службова записка,RVL-CDIP,,783,1000,228206
memo/memo_0065.png,службова записка,RVL-CDIP,,773,1000,198650
memo/memo_0066.png,службова записка,RVL-CDIP,,777,1000,270741
memo/memo_0067.png,службова записка,RVL-CDIP,,762,1000,137665
memo/memo_0068.png,службова записка,RVL-CDIP,,762,1000,189384
memo/memo_0069.png,службова записка,RVL-CDIP,,762,1000,139575
memo/memo_0070.png,службова записка,RVL-CDIP,,762,1000,76633
memo/memo_0071.png,службова записка,RVL-CDIP,,777,1000,345001
memo/memo_0072.png,службова записка,RVL-CDIP,,766,1000,171070
memo/memo_0073.png,службова записка,RVL-CDIP,,762,1000,207122
memo/memo_0074.png,службова записка,RVL-CDIP,,754,1000,169010
memo/memo_0075.png,службова записка,RVL-CDIP,,781,1000,278970
memo/memo_0076.png,службова записка,RVL-CDIP,,805,1000,54361
memo/memo_0077.png,службова записка,RVL-CDIP,,762,1000,122171
memo/memo_0078.png,службова записка,RVL-CDIP,,765,1000,84900
memo/memo_0079.png,службова записка,RVL-CDIP,,762,1000,89770
memo/memo_0080.png,службова записка,RVL-CDIP,,754,1000,294894
memo/memo_0081.png,службова записка,RVL-CDIP,,777,1000,288752
memo/memo_0082.png,службова записка,RVL-CDIP,,762,1000,157027
memo/memo_0083.png,службова записка,RVL-CDIP,,762,1000,159581
memo/memo_0084.png,службова записка,RVL-CDIP,,777,1000,314794
memo/memo_0085.png,службова записка,RVL-CDIP,,754,1000,119115
memo/memo_0086.png,службова записка,RVL-CDIP,,781,1000,272798
memo/memo_0087.png,службова записка,RVL-CDIP,,802,1000,219997
memo/memo_0088.png,службова записка,RVL-CDIP,,762,1000,228377
memo/memo_0089.png,службова записка,RVL-CDIP,,754,1000,209978
memo/memo_0090.png,службова записка,RVL-CDIP,,754,1000,332495
memo/memo_0091.png,службова записка,RVL-CDIP,,754,1000,152764
memo/memo_0092.png,службова записка,RVL-CDIP,,762,1000,150252
memo/memo_0093.png,службова записка,RVL-CDIP,,762,1000,166364
memo/memo_0094.png,службова записка,RVL-CDIP,,827,1000,170985
memo/memo_0095.png,службова записка,RVL-CDIP,,762,1000,331895
memo/memo_0096.png,службова записка,RVL-CDIP,,810,1000,300010
memo/memo_0097.png,службова записка,RVL-CDIP,,762,1000,237706
memo/memo_0098.png,службова записка,RVL-CDIP,,754,1000,94556
memo/memo_0099.png,службова записка,RVL-CDIP,,754,1000,102284
memo/memo_0100.png,службова записка,RVL-CDIP,,762,1000,119194
memo/memo_0101.png,службова записка,RVL-CDIP,,777,1000,266883
memo/memo_0102.png,службова записка,RVL-CDIP,,762,1000,198039
memo/memo_0103.png,службова записка,RVL-CDIP,,809,1000,122013
memo/memo_0104.png,службова записка,RVL-CDIP,,773,1000,110755
memo/memo_0105.png,службова записка,RVL-CDIP,,779,1000,154072
memo/memo_0106.png,службова записка,RVL-CDIP,,777,1000,213280
memo/memo_0107.png,службова записка,RVL-CDIP,,781,1000,269926
memo/memo_0108.png,службова записка,RVL-CDIP,,762,1000,226881
memo/memo_0109.png,службова записка,RVL-CDIP,,762,1000,155386
memo/memo_0110.png,службова записка,RVL-CDIP,,762,1000,116547
memo/memo_0111.png,службова записка,RVL-CDIP,,754,1000,130052
memo/memo_0112.png,службова записка,RVL-CDIP,,762,1000,97091
memo/memo_0113.png,службова записка,RVL-CDIP,,762,1000,51482
memo/memo_0114.png,службова записка,RVL-CDIP,,777,1000,289587
memo/memo_0115.png,службова записка,RVL-CDIP,,762,1000,98661
memo/memo_0116.png,службова записка,RVL-CDIP,,754,1000,279606
memo/memo_0117.png,службова записка,RVL-CDIP,,754,1000,359917
memo/memo_0118.png,службова записка,RVL-CDIP,,762,1000,192964
memo/memo_0119.png,службова записка,RVL-CDIP,,777,1000,213095
memo/memo_0120.png,службова записка,RVL-CDIP,,772,1000,66906
memo/memo_0121.png,службова записка,RVL-CDIP,,777,1000,443294
memo/memo_0122.png,службова записка,RVL-CDIP,,786,1000,194242
memo/memo_0123.png,службова записка,RVL-CDIP,,775,1000,314593
memo/memo_0124.png,службова записка,RVL-CDIP,,762,1000,95033
memo/memo_0125.png,службова записка,RVL-CDIP,,754,1000,220693
memo/memo_0126.png,службова записка,RVL-CDIP,,777,1000,245836
memo/memo_0127.png,службова записка,RVL-CDIP,,778,1000,200544
memo/memo_0128.png,службова записка,RVL-CDIP,,762,1000,103001
memo/memo_0129.png,службова записка,RVL-CDIP,,762,1000,197364
memo/memo_0130.png,службова записка,RVL-CDIP,,762,1000,234342
memo/memo_0131.png,службова записка,RVL-CDIP,,774,1000,107455
memo/memo_0132.png,службова записка,RVL-CDIP,,754,1000,257865
memo/memo_0133.png,службова записка,RVL-CDIP,,762,1000,91782
memo/memo_0134.png,службова записка,RVL-CDIP,,754,1000,287258
memo/memo_0135.png,службова записка,RVL-CDIP,,754,1000,99334
memo/memo_0136.png,службова записка,RVL-CDIP,,754,1000,233102
memo/memo_0137.png,службова записка,RVL-CDIP,,777,1000,352289
memo/memo_0138.png,службова записка,RVL-CDIP,,777,1000,250659
memo/memo_0139.png,службова записка,RVL-CDIP,,777,1000,111816
memo/memo_0140.png,службова записка,RVL-CDIP,,777,1000,564895
memo/memo_0141.png,службова записка,RVL-CDIP,,769,1000,285693
memo/memo_0142.png,службова записка,RVL-CDIP,,754,1000,145381
memo/memo_0143.png,службова записка,RVL-CDIP,,777,1000,131022
memo/memo_0144.png,службова записка,RVL-CDIP,,762,1000,177894
memo/memo_0145.png,службова записка,RVL-CDIP,,762,1000,134561
memo/memo_0146.png,службова записка,RVL-CDIP,,861,1000,141975
memo/memo_0147.png,службова записка,RVL-CDIP,,754,1000,231479
memo/memo_0148.png,службова записка,RVL-CDIP,,762,1000,334072
memo/memo_0149.png,службова записка,RVL-CDIP,,777,1000,275986
memo/memo_0150.png,службова записка,RVL-CDIP,,781,1000,109369
memo/memo_0151.png,службова записка,RVL-CDIP,,762,1000,80835
memo/memo_0152.png,службова записка,RVL-CDIP,,846,1000,229811
memo/memo_0153.png,службова записка,RVL-CDIP,,762,1000,225240
memo/memo_0154.png,службова записка,RVL-CDIP,,777,1000,341904
memo/memo_0155.png,службова записка,RVL-CDIP,,754,1000,150502
memo/memo_0156.png,службова записка,RVL-CDIP,,775,1000,299242
memo/memo_0157.png,службова записка,RVL-CDIP,,777,1000,330135
memo/memo_0158.png,службова записка,RVL-CDIP,,777,1000,283402
memo/memo_0159.png,службова записка,RVL-CDIP,,762,1000,93997
memo/memo_0160.png,службова записка,RVL-CDIP,,802,1000,141195
memo/memo_0161.png,службова записка,RVL-CDIP,,779,1000,151748
memo/memo_0162.png,службова записка,RVL-CDIP,,754,1000,288148
memo/memo_0163.png,службова записка,RVL-CDIP,,762,1000,123617
memo/memo_0164.png,службова записка,RVL-CDIP,,762,1000,155159
memo/memo_0165.png,службова записка,RVL-CDIP,,772,1000,139457
memo/memo_0166.png,службова записка,RVL-CDIP,,791,1000,232233
memo/memo_0167.png,службова записка,RVL-CDIP,,762,1000,148496
memo/memo_0168.png,службова записка,RVL-CDIP,,777,1000,335181
memo/memo_0169.png,службова записка,RVL-CDIP,,785,1000,198102
memo/memo_0170.png,службова записка,RVL-CDIP,,777,1000,185766
memo/memo_0171.png,службова записка,RVL-CDIP,,777,1000,243740
memo/memo_0172.png,службова записка,RVL-CDIP,,777,1000,258429
memo/memo_0173.png,службова записка,RVL-CDIP,,777,1000,1198642
memo/memo_0174.png,службова записка,RVL-CDIP,,754,1000,106380
memo/memo_0175.png,службова записка,RVL-CDIP,,777,1000,305763
memo/memo_0176.png,службова записка,RVL-CDIP,,762,1000,108013
memo/memo_0177.png,службова записка,RVL-CDIP,,762,1000,290616
memo/memo_0178.png,службова записка,RVL-CDIP,,754,1000,215159
memo/memo_0179.png,службова записка,RVL-CDIP,,762,1000,156969
memo/memo_0180.png,службова записка,RVL-CDIP,,778,1000,71954
memo/memo_0181.png,службова записка,RVL-CDIP,,762,1000,66170
memo/memo_0182.png,службова записка,RVL-CDIP,,754,1000,161084
memo/memo_0183.png,службова записка,RVL-CDIP,,848,1000,306776
memo/memo_0184.png,службова записка,RVL-CDIP,,754,1000,140813
memo/memo_0185.png,службова записка,RVL-CDIP,,762,1000,46086
memo/memo_0186.png,службова записка,RVL-CDIP,,754,1000,59453
memo/memo_0187.png,службова записка,RVL-CDIP,,762,1000,177004
memo/memo_0188.png,службова записка,RVL-CDIP,,754,1000,58983
memo/memo_0189.png,службова записка,RVL-CDIP,,762,1000,199184
kvitanciya/kvitanciya_0000.png,квитанція,SROIE/CORD,genuine,864,1296,1397344
kvitanciya/kvitanciya_0001.png,квитанція,SROIE/CORD,genuine,864,1296,1611221
kvitanciya/kvitanciya_0002.png,квитанція,SROIE/CORD,genuine,720,1280,250769
kvitanciya/kvitanciya_0003.png,квитанція,SROIE/CORD,genuine,1108,1478,1355039
kvitanciya/kvitanciya_0004.png,квитанція,SROIE/CORD,genuine,864,1296,1006448
kvitanciya/kvitanciya_0005.png,квитанція,SROIE/CORD,genuine,2304,4096,4480602
kvitanciya/kvitanciya_0006.png,квитанція,SROIE/CORD,genuine,864,1296,1333228
kvitanciya/kvitanciya_0007.png,квитанція,SROIE/CORD,genuine,864,1296,1111001
kvitanciya/kvitanciya_0008.png,квитанція,SROIE/CORD,genuine,864,1296,1479932
kvitanciya/kvitanciya_0009.png,квитанція,SROIE/CORD,genuine,864,1296,1354853
kvitanciya/kvitanciya_0010.png,квитанція,SROIE/CORD,genuine,432,648,380391
kvitanciya/kvitanciya_0011.png,квитанція,SROIE/CORD,genuine,864,1296,1679672
kvitanciya/kvitanciya_0012.png,квитанція,SROIE/CORD,genuine,576,864,733863
kvitanciya/kvitanciya_0013.png,квитанція,SROIE/CORD,genuine,2304,4096,4787624
kvitanciya/kvitanciya_0014.png,квитанція,SROIE/CORD,genuine,576,864,714013
kvitanciya/kvitanciya_0015.png,квитанція,SROIE/CORD,genuine,2304,4096,4815924
kvitanciya/kvitanciya_0016.png,квитанція,SROIE/CORD,genuine,864,1296,955856
kvitanciya/kvitanciya_0017.png,квитанція,SROIE/CORD,genuine,576,864,821872
kvitanciya/kvitanciya_0018.png,квитанція,SROIE/CORD,genuine,864,1296,1148593
kvitanciya/kvitanciya_0019.png,квитанція,SROIE/CORD,genuine,960,1280,1208454
kvitanciya/kvitanciya_0020.png,квитанція,SROIE/CORD,genuine,2304,4096,5644789
kvitanciya/kvitanciya_0021.png,квитанція,SROIE/CORD,genuine,576,864,702264
kvitanciya/kvitanciya_0022.png,квитанція,SROIE/CORD,genuine,864,1296,1232891
kvitanciya/kvitanciya_0023.png,квитанція,SROIE/CORD,genuine,576,864,762506
kvitanciya/kvitanciya_0024.png,квитанція,SROIE/CORD,genuine,576,864,784337
kvitanciya/kvitanciya_0025.png,квитанція,SROIE/CORD,genuine,864,1296,964421
kvitanciya/kvitanciya_0026.png,квитанція,SROIE/CORD,genuine,1108,1478,1952635
kvitanciya/kvitanciya_0027.png,квитанція,SROIE/CORD,genuine,864,1296,1948638
kvitanciya/kvitanciya_0028.png,квитанція,SROIE/CORD,genuine,864,1296,1154542
kvitanciya/kvitanciya_0029.png,квитанція,SROIE/CORD,genuine,576,864,433248
kvitanciya/kvitanciya_0030.png,квитанція,SROIE/CORD,genuine,864,1296,1425163
kvitanciya/kvitanciya_0031.png,квитанція,SROIE/CORD,genuine,576,864,756167
kvitanciya/kvitanciya_0032.png,квитанція,SROIE/CORD,genuine,576,864,664713
kvitanciya/kvitanciya_0033.png,квитанція,SROIE/CORD,genuine,576,864,752413
kvitanciya/kvitanciya_0034.png,квитанція,SROIE/CORD,genuine,576,864,657231
kvitanciya/kvitanciya_0035.png,квитанція,SROIE/CORD,genuine,576,864,697036
kvitanciya/kvitanciya_0036.png,квитанція,SROIE/CORD,genuine,960,1280,1032956
kvitanciya/kvitanciya_0037.png,квитанція,SROIE/CORD,genuine,864,1296,1174265
kvitanciya/kvitanciya_0038.png,квитанція,SROIE/CORD,genuine,864,1296,1303646
kvitanciya/kvitanciya_0039.png,квитанція,SROIE/CORD,genuine,1108,1478,1082832
kvitanciya/kvitanciya_0040.png,квитанція,SROIE/CORD,genuine,576,864,674275
kvitanciya/kvitanciya_0041.png,квитанція,SROIE/CORD,genuine,576,864,787065
kvitanciya/kvitanciya_0042.png,квитанція,SROIE/CORD,genuine,576,864,676593
kvitanciya/kvitanciya_0043.png,квитанція,SROIE/CORD,genuine,864,1296,1644256
kvitanciya/kvitanciya_0044.png,квитанція,SROIE/CORD,genuine,432,648,389931
kvitanciya/kvitanciya_0045.png,квитанція,SROIE/CORD,genuine,2304,4096,5163834
kvitanciya/kvitanciya_0046.png,квитанція,SROIE/CORD,genuine,864,1296,1245428
kvitanciya/kvitanciya_0047.png,квитанція,SROIE/CORD,genuine,864,1296,1150999
kvitanciya/kvitanciya_0048.png,квитанція,SROIE/CORD,genuine,660,1394,461090
kvitanciya/kvitanciya_0049.png,квитанція,SROIE/CORD,genuine,576,864,671468
kvitanciya/kvitanciya_0050.png,квитанція,SROIE/CORD,genuine,864,1296,1329808
kvitanciya/kvitanciya_0051.png,квитанція,SROIE/CORD,genuine,1108,1478,1426781
kvitanciya/kvitanciya_0052.png,квитанція,SROIE/CORD,genuine,576,864,676947
kvitanciya/kvitanciya_0053.png,квитанція,SROIE/CORD,genuine,960,1280,707988
kvitanciya/kvitanciya_0054.png,квитанція,SROIE/CORD,genuine,576,864,770985
kvitanciya/kvitanciya_0055.png,квитанція,SROIE/CORD,genuine,2304,4096,5057637
kvitanciya/kvitanciya_0056.png,квитанція,SROIE/CORD,genuine,1836,3264,2508009
kvitanciya/kvitanciya_0057.png,квитанція,SROIE/CORD,genuine,576,864,483308
kvitanciya/kvitanciya_0058.png,квитанція,SROIE/CORD,genuine,864,1296,1144429
kvitanciya/kvitanciya_0059.png,квитанція,SROIE/CORD,genuine,864,1296,1438378
kvitanciya/kvitanciya_0060.png,квитанція,SROIE/CORD,genuine,576,864,719780
kvitanciya/kvitanciya_0061.png,квитанція,SROIE/CORD,genuine,576,864,643098
kvitanciya/kvitanciya_0062.png,квитанція,SROIE/CORD,genuine,960,1706,1210345
kvitanciya/kvitanciya_0063.png,квитанція,SROIE/CORD,genuine,576,864,762728
kvitanciya/kvitanciya_0064.png,квитанція,SROIE/CORD,genuine,930,1280,899728
kvitanciya/kvitanciya_0065.png,квитанція,SROIE/CORD,genuine,720,1280,1283248
kvitanciya/kvitanciya_0066.png,квитанція,SROIE/CORD,genuine,2304,4096,6951343
kvitanciya/kvitanciya_0067.png,квитанція,SROIE/CORD,genuine,960,1280,857896
kvitanciya/kvitanciya_0068.png,квитанція,SROIE/CORD,genuine,960,1280,932468
kvitanciya/kvitanciya_0069.png,квитанція,SROIE/CORD,genuine,720,1280,673831
kvitanciya/kvitanciya_0070.png,квитанція,SROIE/CORD,genuine,2304,4096,6193329
kvitanciya/kvitanciya_0071.png,квитанція,SROIE/CORD,genuine,864,1296,1073558
kvitanciya/kvitanciya_0072.png,квитанція,SROIE/CORD,genuine,864,1296,1445934
kvitanciya/kvitanciya_0073.png,квитанція,SROIE/CORD,genuine,432,648,363864
kvitanciya/kvitanciya_0074.png,квитанція,SROIE/CORD,genuine,576,864,689074
kvitanciya/kvitanciya_0075.png,квитанція,SROIE/CORD,genuine,576,864,756377
kvitanciya/kvitanciya_0076.png,квитанція,SROIE/CORD,genuine,864,1296,1256046
kvitanciya/kvitanciya_0077.png,квитанція,SROIE/CORD,genuine,960,1280,1010366
kvitanciya/kvitanciya_0078.png,квитанція,SROIE/CORD,genuine,864,1296,1983639
kvitanciya/kvitanciya_0079.png,квитанція,SROIE/CORD,genuine,576,864,803153
kvitanciya/kvitanciya_0080.png,квитанція,SROIE/CORD,genuine,2304,4096,4784799
kvitanciya/kvitanciya_0081.png,квитанція,SROIE/CORD,genuine,864,1296,1823663
kvitanciya/kvitanciya_0082.png,квитанція,SROIE/CORD,genuine,576,864,617389
kvitanciya/kvitanciya_0083.png,квитанція,SROIE/CORD,genuine,1108,1478,1285791
kvitanciya/kvitanciya_0084.png,квитанція,SROIE/CORD,genuine,576,864,650898
kvitanciya/kvitanciya_0085.png,квитанція,SROIE/CORD,genuine,960,1280,951683
kvitanciya/kvitanciya_0086.png,квитанція,SROIE/CORD,genuine,720,1280,763952
kvitanciya/kvitanciya_0087.png,квитанція,SROIE/CORD,genuine,864,1296,1468616
kvitanciya/kvitanciya_0088.png,квитанція,SROIE/CORD,genuine,576,864,680039
kvitanciya/kvitanciya_0089.png,квитанція,SROIE/CORD,genuine,864,1296,1227506
kvitanciya/kvitanciya_0090.png,квитанція,SROIE/CORD,genuine,864,1296,1400329
kvitanciya/kvitanciya_0091.png,квитанція,SROIE/CORD,genuine,576,864,773455
kvitanciya/kvitanciya_0092.png,квитанція,SROIE/CORD,genuine,864,1296,961622
kvitanciya/kvitanciya_0093.png,квитанція,SROIE/CORD,genuine,576,864,673799
kvitanciya/kvitanciya_0094.png,квитанція,SROIE/CORD,genuine,864,1296,1013256
kvitanciya/kvitanciya_0095.png,квитанція,SROIE/CORD,genuine,576,864,746555
kvitanciya/kvitanciya_0096.png,квитанція,SROIE/CORD,genuine,864,1296,1400584
kvitanciya/kvitanciya_0097.png,квитанція,SROIE/CORD,genuine,576,864,746040
kvitanciya/kvitanciya_0098.png,квитанція,SROIE/CORD,genuine,720,1280,1153060
kvitanciya/kvitanciya_0099.png,квитанція,SROIE/CORD,genuine,576,864,712115
kvitanciya/kvitanciya_0100.png,квитанція,SROIE/CORD,genuine,2304,4096,7113266
kvitanciya/kvitanciya_0101.png,квитанція,SROIE/CORD,genuine,720,1280,664698
kvitanciya/kvitanciya_0102.png,квитанція,SROIE/CORD,genuine,864,1296,1436157
kvitanciya/kvitanciya_0103.png,квитанція,SROIE/CORD,genuine,960,1280,1145969
kvitanciya/kvitanciya_0104.png,квитанція,SROIE/CORD,genuine,1108,1478,1406084
kvitanciya/kvitanciya_0105.png,квитанція,SROIE/CORD,genuine,576,864,446455
kvitanciya/kvitanciya_0106.png,квитанція,SROIE/CORD,genuine,576,864,603337
kvitanciya/kvitanciya_0107.png,квитанція,SROIE/CORD,genuine,576,864,686393
kvitanciya/kvitanciya_0108.png,квитанція,SROIE/CORD,genuine,2304,4096,4009371
kvitanciya/kvitanciya_0109.png,квитанція,SROIE/CORD,genuine,864,1296,1144429
kvitanciya/kvitanciya_0110.png,квитанція,SROIE/CORD,genuine,2304,4096,5128462
kvitanciya/kvitanciya_0111.png,квитанція,SROIE/CORD,genuine,960,1280,878653
kvitanciya/kvitanciya_0112.png,квитанція,SROIE/CORD,genuine,1536,2730,3066584
kvitanciya/kvitanciya_0113.png,квитанція,SROIE/CORD,genuine,864,1296,2055638
kvitanciya/kvitanciya_0114.png,квитанція,SROIE/CORD,genuine,864,1296,1390460
kvitanciya/kvitanciya_0115.png,квитанція,SROIE/CORD,genuine,576,864,712059
kvitanciya/kvitanciya_0116.png,квитанція,SROIE/CORD,genuine,1080,1920,1255658
kvitanciya/kvitanciya_0117.png,квитанція,SROIE/CORD,genuine,576,864,689753
kvitanciya/kvitanciya_0118.png,квитанція,SROIE/CORD,genuine,576,864,708338
kvitanciya/kvitanciya_0119.png,квитанція,SROIE/CORD,genuine,864,1296,1249168
kvitanciya/kvitanciya_0120.png,квитанція,SROIE/CORD,genuine,864,1296,1029921
kvitanciya/kvitanciya_0121.png,квитанція,SROIE/CORD,genuine,864,1296,1361741
kvitanciya/kvitanciya_0122.png,квитанція,SROIE/CORD,genuine,720,1280,484254
kvitanciya/kvitanciya_0123.png,квитанція,SROIE/CORD,genuine,576,864,649382
kvitanciya/kvitanciya_0124.png,квитанція,SROIE/CORD,genuine,1108,1478,1441671
kvitanciya/kvitanciya_0125.png,квитанція,SROIE/CORD,genuine,864,1296,1782432
kvitanciya/kvitanciya_0126.png,квитанція,SROIE/CORD,genuine,960,1280,955089
kvitanciya/kvitanciya_0127.png,квитанція,SROIE/CORD,genuine,864,1296,1725308
kvitanciya/kvitanciya_0128.png,квитанція,SROIE/CORD,genuine,864,1296,1592323
kvitanciya/kvitanciya_0129.png,квитанція,SROIE/CORD,genuine,2304,4096,2984516
kvitanciya/kvitanciya_0130.png,квитанція,SROIE/CORD,genuine,576,864,442354
kvitanciya/kvitanciya_0131.png,квитанція,SROIE/CORD,genuine,864,1296,1515229
kvitanciya/kvitanciya_0132.png,квитанція,SROIE/CORD,genuine,2304,4096,5475141
kvitanciya/kvitanciya_0133.png,квитанція,SROIE/CORD,genuine,864,1296,1547497
kvitanciya/kvitanciya_0134.png,квитанція,SROIE/CORD,genuine,432,648,381973
kvitanciya/kvitanciya_0135.png,квитанція,SROIE/CORD,genuine,864,1296,1368204
kvitanciya/kvitanciya_0136.png,квитанція,SROIE/CORD,genuine,864,1296,1901754
kvitanciya/kvitanciya_0137.png,квитанція,SROIE/CORD,genuine,2304,4096,6382361
kvitanciya/kvitanciya_0138.png,квитанція,SROIE/CORD,genuine,1836,3264,4471836
kvitanciya/kvitanciya_0139.png,квитанція,SROIE/CORD,genuine,1108,1478,1179420
kvitanciya/kvitanciya_0140.png,квитанція,SROIE/CORD,genuine,576,864,768795
kvitanciya/kvitanciya_0141.png,квитанція,SROIE/CORD,genuine,1080,1920,1428208
kvitanciya/kvitanciya_0142.png,квитанція,SROIE/CORD,genuine,864,1296,1536458
kvitanciya/kvitanciya_0143.png,квитанція,SROIE/CORD,genuine,1108,1478,1195949
kvitanciya/kvitanciya_0144.png,квитанція,SROIE/CORD,genuine,2304,4096,4409593
kvitanciya/kvitanciya_0145.png,квитанція,SROIE/CORD,genuine,864,1296,1124225
kvitanciya/kvitanciya_0146.png,квитанція,SROIE/CORD,genuine,864,1296,1669370
kvitanciya/kvitanciya_0147.png,квитанція,SROIE/CORD,genuine,1152,1728,2347943
kvitanciya/kvitanciya_0148.png,квитанція,SROIE/CORD,genuine,576,864,658025
kvitanciya/kvitanciya_0149.png,квитанція,SROIE/CORD,genuine,576,864,616790
kvitanciya/kvitanciya_0150.png,квитанція,SROIE/CORD,genuine,1836,3264,2035975
kvitanciya/kvitanciya_0151.png,квитанція,SROIE/CORD,genuine,576,864,988993
kvitanciya/kvitanciya_0152.png,квитанція,SROIE/CORD,genuine,1024,1198,677354
kvitanciya/kvitanciya_0153.png,квитанція,SROIE/CORD,genuine,864,1296,1268531
kvitanciya/kvitanciya_0154.png,квитанція,SROIE/CORD,genuine,1536,2730,3064537
kvitanciya/kvitanciya_0155.png,квитанція,SROIE/CORD,genuine,576,864,663718
kvitanciya/kvitanciya_0156.png,квитанція,SROIE/CORD,genuine,576,864,757879
kvitanciya/kvitanciya_0157.png,квитанція,SROIE/CORD,genuine,864,1296,1218965
kvitanciya/kvitanciya_0158.png,квитанція,SROIE/CORD,genuine,864,1296,1398604
kvitanciya/kvitanciya_0159.png,квитанція,SROIE/CORD,genuine,2304,4096,6193730
kvitanciya/kvitanciya_0160.png,квитанція,SROIE/CORD,genuine,576,864,832306
kvitanciya/kvitanciya_0161.png,квитанція,SROIE/CORD,genuine,1080,1920,779775
kvitanciya/kvitanciya_0162.png,квитанція,SROIE/CORD,genuine,642,1900,826987
kvitanciya/kvitanciya_0163.png,квитанція,SROIE/CORD,genuine,960,1280,879939
kvitanciya/kvitanciya_0164.png,квитанція,SROIE/CORD,genuine,2304,4096,4778877
kvitanciya/kvitanciya_0165.png,квитанція,SROIE/CORD,genuine,278,586,106945
kvitanciya/kvitanciya_0166.png,квитанція,SROIE/CORD,genuine,864,1296,926243
kvitanciya/kvitanciya_0167.png,квитанція,SROIE/CORD,genuine,2304,4096,5599155
kvitanciya/kvitanciya_0168.png,квитанція,SROIE/CORD,genuine,864,1296,1061104
kvitanciya/kvitanciya_0169.png,квитанція,SROIE/CORD,genuine,864,1296,1513434
kvitanciya/kvitanciya_0170.png,квитанція,SROIE/CORD,genuine,864,1296,1179969
kvitanciya/kvitanciya_0171.png,квитанція,SROIE/CORD,genuine,864,1296,1501856
kvitanciya/kvitanciya_0172.png,квитанція,SROIE/CORD,genuine,2304,4096,5613946
kvitanciya/kvitanciya_0173.png,квитанція,SROIE/CORD,genuine,2304,4096,2220599
kvitanciya/kvitanciya_0174.png,квитанція,SROIE/CORD,genuine,1108,1478,1151338
kvitanciya/kvitanciya_0175.png,квитанція,SROIE/CORD,genuine,576,864,754602
kvitanciya/kvitanciya_0176.png,квитанція,SROIE/CORD,genuine,1108,1478,1155042
kvitanciya/kvitanciya_0177.png,квитанція,SROIE/CORD,genuine,1108,1478,1024818
kvitanciya/kvitanciya_0178.png,квитанція,SROIE/CORD,genuine,864,1296,1127630
kvitanciya/kvitanciya_0179.png,квитанція,SROIE/CORD,genuine,864,1296,1499265
kvitanciya/kvitanciya_0180.png,квитанція,SROIE/CORD,genuine,1152,1728,1909203
kvitanciya/kvitanciya_0181.png,квитанція,SROIE/CORD,genuine,2304,4096,3507128
kvitanciya/kvitanciya_0182.png,квитанція,SROIE/CORD,genuine,576,864,784788
kvitanciya/kvitanciya_0183.png,квитанція,SROIE/CORD,genuine,2304,4096,4096424
kvitanciya/kvitanciya_0184.png,квитанція,SROIE/CORD,genuine,576,864,537000
kvitanciya/kvitanciya_0185.png,квитанція,SROIE/CORD,genuine,1836,3264,2901705
kvitanciya/kvitanciya_0186.png,квитанція,SROIE/CORD,genuine,2304,4096,5670888
kvitanciya/kvitanciya_0187.png,квитанція,SROIE/CORD,genuine,2304,4096,5899731
kvitanciya/kvitanciya_0188.png,квитанція,SROIE/CORD,genuine,1080,1920,1270148
kvitanciya/kvitanciya_0189.png,квитанція,SROIE/CORD,genuine,2304,4096,2359383
kvitanciya/kvitanciya_0190.png,квитанція,SROIE/CORD,genuine,2304,4096,3963187
kvitanciya/kvitanciya_0191.png,квитанція,SROIE/CORD,genuine,960,1280,1006100
kvitanciya/kvitanciya_0192.png,квитанція,SROIE/CORD,genuine,864,1296,935427
kvitanciya/kvitanciya_0193.png,квитанція,SROIE/CORD,genuine,681,1280,913973
kvitanciya/kvitanciya_0194.png,квитанція,SROIE/CORD,genuine,1016,1280,1196391
kvitanciya/kvitanciya_0195.png,квитанція,SROIE/CORD,genuine,432,648,352169
kvitanciya/kvitanciya_0196.png,квитанція,SROIE/CORD,genuine,864,1296,1787847
kvitanciya/kvitanciya_0197.png,квитанція,SROIE/CORD,genuine,576,864,890356
kvitanciya/kvitanciya_0198.png,квитанція,SROIE/CORD,genuine,576,864,655479
kvitanciya/kvitanciya_0199.png,квитанція,SROIE/CORD,genuine,1836,3264,4535463
pasport/pasport_0000.png,паспорт,Synthetic Passports Dataset (Kaggle),genuine,666,1000,1380130
pasport/pasport_0001.png,паспорт,Synthetic Passports Dataset (Kaggle),genuine,707,1000,616261
pasport/pasport_0002.png,паспорт,Synthetic Passports Dataset (Kaggle),genuine,707,1000,615487
pasport/pasport_0003.png,паспорт,Synthetic Passports Dataset (Kaggle),genuine,707,1000,614736
pasport/pasport_0004.png,паспорт,Synthetic Passports Dataset (Kaggle),genuine,707,1000,616035
pasport/pasport_0005.png,паспорт,Synthetic Passports Dataset (Kaggle),genuine,707,1000,615569
pasport/pasport_0006.png,паспорт,Synthetic Passports Dataset (Kaggle),genuine,707,1000,616573
pasport/pasport_0007.png,паспорт,Synthetic Passports Dataset (Kaggle),genuine,1000,666,1091657
pasport/pasport_0008.png,паспорт,Synthetic Passports Dataset (Kaggle),genuine,1000,588,1054393
pasport/pasport_0009.png,паспорт,Synthetic Passports Dataset (Kaggle),genuine,1000,666,1101235
pasport/pasport_0010.png,паспорт,Synthetic Passports Dataset (Kaggle),genuine,1000,666,615866
pasport/pasport_0011.png,паспорт,Synthetic Passports Dataset (Kaggle),genuine,707,1000,615006
pasport/pasport_0012.png,паспорт,Synthetic Passports Dataset (Kaggle),genuine,707,1000,616516
pasport/pasport_0013.png,паспорт,Synthetic Passports Dataset (Kaggle),genuine,707,1000,615203
pasport/pasport_0014.png,паспорт,Synthetic Passports Dataset (Kaggle),genuine,707,1000,615621
pasport/pasport_0015.png,паспорт,Synthetic Passports Dataset (Kaggle),genuine,721,1000,1579531
pasport/pasport_0016.png,паспорт,Synthetic Passports Dataset (Kaggle),genuine,721,1000,1579169
pasport/pasport_0017.png,паспорт,Synthetic Passports Dataset (Kaggle),genuine,721,1000,1577413
pasport/pasport_0018.png,паспорт,Synthetic Passports Dataset (Kaggle),genuine,721,1000,1579365
pasport/pasport_0019.png,паспорт,Synthetic Passports Dataset (Kaggle),genuine,721,1000,1578680
pasport/pasport_0020.png,паспорт,Synthetic Passports Dataset (Kaggle),genuine,721,1000,1589161
pasport/pasport_0021.png,паспорт,Synthetic Passports Dataset (Kaggle),genuine,721,1000,1569948
pasport/pasport_0022.png,паспорт,Synthetic Passports Dataset (Kaggle),genuine,721,1000,1573196
pasport/pasport_0023.png,паспорт,Synthetic Passports Dataset (Kaggle),genuine,721,1000,1579076
pasport/pasport_0024.png,паспорт,Synthetic Passports Dataset (Kaggle),genuine,721,1000,1584625
pasport/pasport_0025.png,паспорт,Synthetic Passports Dataset (Kaggle),genuine,721,1000,1582841
pasport/pasport_0026.png,паспорт,Synthetic Passports Dataset (Kaggle),genuine,721,1000,1581997
pasport/pasport_0027.png,паспорт,Synthetic Passports Dataset (Kaggle),genuine,721,1000,1573472
pasport/pasport_0028.png,паспорт,Synthetic Passports Dataset (Kaggle),genuine,721,1000,1580536
pasport/pasport_0029.png,паспорт,Synthetic Passports Dataset (Kaggle),genuine,721,1000,1584851
pasport/pasport_0030.png,паспорт,Synthetic Passports Dataset (Kaggle),genuine,721,1000,1581035
pasport/pasport_0031.png,паспорт,Synthetic Passports Dataset (Kaggle),genuine,721,1000,1584869
pasport/pasport_0032.png,паспорт,Synthetic Passports Dataset (Kaggle),genuine,721,1000,1568910
pasport/pasport_0033.png,паспорт,Synthetic Passports Dataset (Kaggle),genuine,721,1000,1586825
pasport/pasport_0034.png,паспорт,Synthetic Passports Dataset (Kaggle),genuine,721,1000,1581037
pasport/pasport_0035.png,паспорт,Synthetic Passports Dataset (Kaggle),genuine,721,1000,1563884
pasport/pasport_0036.png,паспорт,Synthetic Passports Dataset (Kaggle),genuine,721,1000,1586072
pasport/pasport_0037.png,паспорт,Synthetic Passports Dataset (Kaggle),genuine,1000,750,1324212
pasport/pasport_0038.png,паспорт,Synthetic Passports Dataset (Kaggle),genuine,1000,750,1298799
pasport/pasport_0039.png,паспорт,Synthetic Passports Dataset (Kaggle),genuine,1000,750,1334562
pasport/pasport_0040.png,паспорт,Synthetic Passports Dataset (Kaggle),genuine,1000,750,1375897
pasport/pasport_0041.png,паспорт,Synthetic Passports Dataset (Kaggle),genuine,1000,750,1314958
pasport/pasport_0042.png,паспорт,Synthetic Passports Dataset (Kaggle),genuine,1000,750,1241021
pasport/pasport_0043.png,паспорт,Synthetic Passports Dataset (Kaggle),genuine,1000,750,1357740
pasport/pasport_0044.png,паспорт,Synthetic Passports Dataset (Kaggle),genuine,1000,750,1405906
pasport/pasport_0045.png,паспорт,Synthetic Passports Dataset (Kaggle),genuine,1000,750,1447549
pasport/pasport_0046.png,паспорт,Synthetic Passports Dataset (Kaggle),genuine,1000,750,1420592
pasport/pasport_0047.png,паспорт,Synthetic Passports Dataset (Kaggle),genuine,1000,750,1425857
pasport/pasport_0048.png,паспорт,Synthetic Passports Dataset (Kaggle),genuine,1000,750,1356219
pasport/pasport_0049.png,паспорт,Synthetic Passports Dataset (Kaggle),genuine,1000,750,1231867
pasport/pasport_0050.png,паспорт,Synthetic Passports Dataset (Kaggle),genuine,1000,750,1207810
pasport/pasport_0051.png,паспорт,Synthetic Passports Dataset (Kaggle),genuine,1000,750,1232550
pasport/pasport_0052.png,паспорт,Synthetic Passports Dataset (Kaggle),genuine,1000,750,1226923
pasport/pasport_0053.png,паспорт,Synthetic Passports Dataset (Kaggle),genuine,1000,750,1174820
pasport/pasport_0054.png,паспорт,Synthetic Passports Dataset (Kaggle),genuine,1000,750,1123626
pasport/pasport_0055.png,паспорт,Synthetic Passports Dataset (Kaggle),genuine,1000,750,1305643
pasport/pasport_0056.png,паспорт,Synthetic Passports Dataset (Kaggle),genuine,1000,750,1342719
pasport/pasport_0057.png,паспорт,Synthetic Passports Dataset (Kaggle),genuine,1000,750,1430753
pasport/pasport_0058.png,паспорт,Synthetic Passports Dataset (Kaggle),genuine,1000,750,1430175
pasport/pasport_0059.png,паспорт,Synthetic Passports Dataset (Kaggle),genuine,1000,750,1373566
pasport/pasport_0060.png,паспорт,Synthetic Passports Dataset (Kaggle),genuine,1000,750,1393198
pasport/pasport_0061.png,паспорт,Synthetic Passports Dataset (Kaggle),genuine,1000,750,1259219
pasport/pasport_0062.png,паспорт,Synthetic Passports Dataset (Kaggle),genuine,1000,750,1155050
pasport/pasport_0063.png,паспорт,Synthetic Passports Dataset (Kaggle),genuine,1000,750,1146598
pasport/pasport_0064.png,паспорт,Synthetic Passports Dataset (Kaggle),genuine,1000,750,1069159
pasport/pasport_0065.png,паспорт,Synthetic Passports Dataset (Kaggle),genuine,1000,750,1146600
pasport/pasport_0066.png,паспорт,Synthetic Passports Dataset (Kaggle),genuine,1000,750,957615
pasport/pasport_0067.png,паспорт,Synthetic Passports Dataset (Kaggle),genuine,1000,750,1318333
pasport/pasport_0068.png,паспорт,Synthetic Passports Dataset (Kaggle),genuine,1000,750,1362192
pasport/pasport_0069.png,паспорт,Synthetic Passports Dataset (Kaggle),genuine,1000,750,1400477
pasport/pasport_0070.png,паспорт,Synthetic Passports Dataset (Kaggle),genuine,1000,750,1367156
pasport/pasport_0071.png,паспорт,Synthetic Passports Dataset (Kaggle),genuine,1000,750,1308329
pasport/pasport_0072.png,паспорт,Synthetic Passports Dataset (Kaggle),genuine,1000,750,1361175
pasport/pasport_0073.png,паспорт,Synthetic Passports Dataset (Kaggle),genuine,1000,750,1210802
pasport/pasport_0074.png,паспорт,Synthetic Passports Dataset (Kaggle),genuine,1000,750,1206548
pasport/pasport_0075.png,паспорт,Synthetic Passports Dataset (Kaggle),genuine,1000,750,1200463
pasport/pasport_0076.png,паспорт,Synthetic Passports Dataset (Kaggle),genuine,1000,750,1117819
pasport/pasport_0077.png,паспорт,Synthetic Passports Dataset (Kaggle),genuine,1000,750,1163142
pasport/pasport_0078.png,паспорт,Synthetic Passports Dataset (Kaggle),genuine,1000,750,1114582
pasport/pasport_0079.png,паспорт,Synthetic Passports Dataset (Kaggle),genuine,1000,750,1265850
pasport/pasport_0080.png,паспорт,Synthetic Passports Dataset (Kaggle),genuine,1000,750,1298985
pasport/pasport_0081.png,паспорт,Synthetic Passports Dataset (Kaggle),genuine,1000,750,1356673
pasport/pasport_0082.png,паспорт,Synthetic Passports Dataset (Kaggle),genuine,1000,750,1319785
pasport/pasport_0083.png,паспорт,Synthetic Passports Dataset (Kaggle),genuine,1000,750,1300944
pasport/pasport_0084.png,паспорт,Synthetic Passports Dataset (Kaggle),genuine,1000,750,1279705
pasport/pasport_0085.png,паспорт,Synthetic Passports Dataset (Kaggle),genuine,1000,750,1216685
pasport/pasport_0086.png,паспорт,Synthetic Passports Dataset (Kaggle),genuine,1000,750,1136062
pasport/pasport_0087.png,паспорт,Synthetic Passports Dataset (Kaggle),genuine,1000,750,1211297
pasport/pasport_0088.png,паспорт,Synthetic Passports Dataset (Kaggle),genuine,1000,750,1130420
pasport/pasport_0089.png,паспорт,Synthetic Passports Dataset (Kaggle),genuine,1000,750,1145173
pasport/pasport_0090.png,паспорт,Synthetic Passports Dataset (Kaggle),genuine,1000,750,1097936
pasport/pasport_0091.png,паспорт,Synthetic Passports Dataset (Kaggle),genuine,1000,750,1344476
pasport/pasport_0092.png,паспорт,Synthetic Passports Dataset (Kaggle),genuine,1000,750,1396104
pasport/pasport_0093.png,паспорт,Synthetic Passports Dataset (Kaggle),genuine,1000,750,1432052
pasport/pasport_0094.png,паспорт,Synthetic Passports Dataset (Kaggle),genuine,1000,750,1380991
pasport/pasport_0095.png,паспорт,Synthetic Passports Dataset (Kaggle),genuine,1000,750,1351157
pasport/pasport_0096.png,паспорт,Synthetic Passports Dataset (Kaggle),genuine,1000,750,1408292
pasport/pasport_0097.png,паспорт,Synthetic Passports Dataset (Kaggle),genuine,1000,750,1306868
pasport/pasport_0098.png,паспорт,Synthetic Passports Dataset (Kaggle),genuine,1000,750,1252406
pasport/pasport_0099.png,паспорт,Synthetic Passports Dataset (Kaggle),genuine,1000,750,1272934
pasport/pasport_0100.png,паспорт,Synthetic Passports Dataset (Kaggle),genuine,1000,750,1184606
pasport/pasport_0101.png,паспорт,Synthetic Passports Dataset (Kaggle),genuine,1000,750,1216007
pasport/pasport_0102.png,паспорт,Synthetic Passports Dataset (Kaggle),genuine,1000,750,1132481
pasport/pasport_0103.png,паспорт,Synthetic Passports Dataset (Kaggle),genuine,1000,750,1291343
pasport/pasport_0104.png,паспорт,Synthetic Passports Dataset (Kaggle),genuine,1000,750,1312112
pasport/pasport_0105.png,паспорт,Synthetic Passports Dataset (Kaggle),genuine,1000,750,1393886
pasport/pasport_0106.png,паспорт,Synthetic Passports Dataset (Kaggle),genuine,1000,750,1392153
pasport/pasport_0107.png,паспорт,Synthetic Passports Dataset (Kaggle),genuine,1000,750,1391675
pasport/pasport_0108.png,паспорт,Synthetic Passports Dataset (Kaggle),genuine,1000,750,1420175
pasport/pasport_0109.png,паспорт,Synthetic Passports Dataset (Kaggle),genuine,1000,750,1091123
pasport/pasport_0110.png,паспорт,Synthetic Passports Dataset (Kaggle),genuine,1000,750,894862
pasport/pasport_0111.png,паспорт,Synthetic Passports Dataset (Kaggle),genuine,1000,750,1036638
pasport/pasport_0112.png,паспорт,Synthetic Passports Dataset (Kaggle),genuine,1000,750,878187
pasport/pasport_0113.png,паспорт,Synthetic Passports Dataset (Kaggle),genuine,1000,750,942044
pasport/pasport_0114.png,паспорт,Synthetic Passports Dataset (Kaggle),genuine,1000,750,805825
pasport/pasport_0115.png,паспорт,Synthetic Passports Dataset (Kaggle),genuine,1000,750,1104894
pasport/pasport_0116.png,паспорт,Synthetic Passports Dataset (Kaggle),genuine,1000,750,1158815
pasport/pasport_0117.png,паспорт,Synthetic Passports Dataset (Kaggle),genuine,1000,750,1167286
pasport/pasport_0118.png,паспорт,Synthetic Passports Dataset (Kaggle),genuine,1000,750,1220047
pasport/pasport_0119.png,паспорт,Synthetic Passports Dataset (Kaggle),genuine,1000,750,1145276
pasport/pasport_0120.png,паспорт,Synthetic Passports Dataset (Kaggle),genuine,1000,750,1087500
pasport/pasport_0121.png,паспорт,Synthetic Passports Dataset (Kaggle),genuine,1000,750,1030929
pasport/pasport_0122.png,паспорт,Synthetic Passports Dataset (Kaggle),genuine,1000,750,948198
pasport/pasport_0123.png,паспорт,Synthetic Passports Dataset (Kaggle),genuine,1000,750,967883
pasport/pasport_0124.png,паспорт,Synthetic Passports Dataset (Kaggle),genuine,1000,750,895525
pasport/pasport_0125.png,паспорт,Synthetic Passports Dataset (Kaggle),genuine,1000,750,965037
pasport/pasport_0126.png,паспорт,Synthetic Passports Dataset (Kaggle),genuine,1000,750,884395
pasport/pasport_0127.png,паспорт,Synthetic Passports Dataset (Kaggle),genuine,1000,750,1080548
pasport/pasport_0128.png,паспорт,Synthetic Passports Dataset (Kaggle),genuine,1000,750,1140702
pasport/pasport_0129.png,паспорт,Synthetic Passports Dataset (Kaggle),genuine,1000,750,1221398
pasport/pasport_0130.png,паспорт,Synthetic Passports Dataset (Kaggle),genuine,1000,750,1205982
pasport/pasport_0131.png,паспорт,Synthetic Passports Dataset (Kaggle),genuine,1000,750,951576
pasport/pasport_0132.png,паспорт,Synthetic Passports Dataset (Kaggle),genuine,1000,750,1255395
id_card/id_card_0000.png,ID-картка,Dummy KTP Indonesia (Kaggle),,720,463,390051
id_card/id_card_0001.png,ID-картка,Dummy KTP Indonesia (Kaggle),,720,463,395764
id_card/id_card_0002.png,ID-картка,Dummy KTP Indonesia (Kaggle),,720,463,392171
id_card/id_card_0003.png,ID-картка,Dummy KTP Indonesia (Kaggle),,720,463,391163
id_card/id_card_0004.png,ID-картка,Dummy KTP Indonesia (Kaggle),,720,463,400024
id_card/id_card_0005.png,ID-картка,Dummy KTP Indonesia (Kaggle),,720,463,385581
id_card/id_card_0006.png,ID-картка,Dummy KTP Indonesia (Kaggle),,720,463,388948
id_card/id_card_0007.png,ID-картка,Dummy KTP Indonesia (Kaggle),,720,463,396660
id_card/id_card_0008.png,ID-картка,Dummy KTP Indonesia (Kaggle),,720,463,394484
id_card/id_card_0009.png,ID-картка,Dummy KTP Indonesia (Kaggle),,720,463,389013
id_card/id_card_0010.png,ID-картка,Dummy KTP Indonesia (Kaggle),,720,463,395321
id_card/id_card_0011.png,ID-картка,Dummy KTP Indonesia (Kaggle),,720,463,384820
id_card/id_card_0012.png,ID-картка,Dummy KTP Indonesia (Kaggle),,720,463,379000
id_card/id_card_0013.png,ID-картка,Dummy KTP Indonesia (Kaggle),,720,463,397908
id_card/id_card_0014.png,ID-картка,Dummy KTP Indonesia (Kaggle),,720,463,386950
id_card/id_card_0015.png,ID-картка,Dummy KTP Indonesia (Kaggle),,720,463,382598
id_card/id_card_0016.png,ID-картка,Dummy KTP Indonesia (Kaggle),,720,463,391777
id_card/id_card_0017.png,ID-картка,Dummy KTP Indonesia (Kaggle),,720,463,394775
id_card/id_card_0018.png,ID-картка,Dummy KTP Indonesia (Kaggle),,720,463,388363
id_card/id_card_0019.png,ID-картка,Dummy KTP Indonesia (Kaggle),,720,463,391801
id_card/id_card_0020.png,ID-картка,Dummy KTP Indonesia (Kaggle),,720,463,392722
id_card/id_card_0021.png,ID-картка,Dummy KTP Indonesia (Kaggle),,720,463,391103
id_card/id_card_0022.png,ID-картка,Dummy KTP Indonesia (Kaggle),,720,463,390142
id_card/id_card_0023.png,ID-картка,Dummy KTP Indonesia (Kaggle),,720,463,388323
id_card/id_card_0024.png,ID-картка,Dummy KTP Indonesia (Kaggle),,720,463,401006
id_card/id_card_0025.png,ID-картка,Dummy KTP Indonesia (Kaggle),,720,463,391011
id_card/id_card_0026.png,ID-картка,Dummy KTP Indonesia (Kaggle),,720,463,395932
id_card/id_card_0027.png,ID-картка,Dummy KTP Indonesia (Kaggle),,720,463,399190
id_card/id_card_0028.png,ID-картка,Dummy KTP Indonesia (Kaggle),,720,463,391281
id_card/id_card_0029.png,ID-картка,Dummy KTP Indonesia (Kaggle),,720,463,382457
id_card/id_card_0030.png,ID-картка,Dummy KTP Indonesia (Kaggle),,720,463,399016
id_card/id_card_0031.png,ID-картка,Dummy KTP Indonesia (Kaggle),,720,463,395456
id_card/id_card_0032.png,ID-картка,Dummy KTP Indonesia (Kaggle),,720,463,398180
id_card/id_card_0033.png,ID-картка,Dummy KTP Indonesia (Kaggle),,720,463,386333
id_card/id_card_0034.png,ID-картка,Dummy KTP Indonesia (Kaggle),,720,463,386581
id_card/id_card_0035.png,ID-картка,Dummy KTP Indonesia (Kaggle),,720,463,391887
id_card/id_card_0036.png,ID-картка,Dummy KTP Indonesia (Kaggle),,720,463,390914
id_card/id_card_0037.png,ID-картка,Dummy KTP Indonesia (Kaggle),,720,463,387440
id_card/id_card_0038.png,ID-картка,Dummy KTP Indonesia (Kaggle),,720,463,385159
id_card/id_card_0039.png,ID-картка,Dummy KTP Indonesia (Kaggle),,720,463,398350
id_card/id_card_0040.png,ID-картка,Dummy KTP Indonesia (Kaggle),,720,463,395465
id_card/id_card_0041.png,ID-картка,Dummy KTP Indonesia (Kaggle),,720,463,393670
id_card/id_card_0042.png,ID-картка,Dummy KTP Indonesia (Kaggle),,720,463,394224
id_card/id_card_0043.png,ID-картка,Dummy KTP Indonesia (Kaggle),,720,463,390033
id_card/id_card_0044.png,ID-картка,Dummy KTP Indonesia (Kaggle),,720,463,392158
id_card/id_card_0045.png,ID-картка,Dummy KTP Indonesia (Kaggle),,720,463,382746
id_card/id_card_0046.png,ID-картка,Dummy KTP Indonesia (Kaggle),,720,463,391355
id_card/id_card_0047.png,ID-картка,Dummy KTP Indonesia (Kaggle),,720,463,394146
id_card/id_card_0048.png,ID-картка,Dummy KTP Indonesia (Kaggle),,720,463,394336
id_card/id_card_0049.png,ID-картка,Dummy KTP Indonesia (Kaggle),,720,463,387767
id_card/id_card_0050.png,ID-картка,Dummy KTP Indonesia (Kaggle),,720,463,389429
id_card/id_card_0051.png,ID-картка,Dummy KTP Indonesia (Kaggle),,720,463,392943
id_card/id_card_0052.png,ID-картка,Dummy KTP Indonesia (Kaggle),,720,463,390830
id_card/id_card_0053.png,ID-картка,Dummy KTP Indonesia (Kaggle),,720,463,386112
id_card/id_card_0054.png,ID-картка,Dummy KTP Indonesia (Kaggle),,720,463,387120
id_card/id_card_0055.png,ID-картка,Dummy KTP Indonesia (Kaggle),,720,463,391495
id_card/id_card_0056.png,ID-картка,Dummy KTP Indonesia (Kaggle),,720,463,388494
id_card/id_card_0057.png,ID-картка,Dummy KTP Indonesia (Kaggle),,720,463,392683
id_card/id_card_0058.png,ID-картка,Dummy KTP Indonesia (Kaggle),,720,463,381845
id_card/id_card_0059.png,ID-картка,Dummy KTP Indonesia (Kaggle),,720,463,388992
id_card/id_card_0060.png,ID-картка,Dummy KTP Indonesia (Kaggle),,720,463,390042
id_card/id_card_0061.png,ID-картка,Dummy KTP Indonesia (Kaggle),,720,463,386998
id_card/id_card_0062.png,ID-картка,Dummy KTP Indonesia (Kaggle),,720,463,394803
id_card/id_card_0063.png,ID-картка,Dummy KTP Indonesia (Kaggle),,720,463,391223
id_card/id_card_0064.png,ID-картка,Dummy KTP Indonesia (Kaggle),,720,463,393504
id_card/id_card_0065.png,ID-картка,Dummy KTP Indonesia (Kaggle),,720,463,391070
id_card/id_card_0066.png,ID-картка,Dummy KTP Indonesia (Kaggle),,720,463,391702
id_card/id_card_0067.png,ID-картка,Dummy KTP Indonesia (Kaggle),,720,463,395771
id_card/id_card_0068.png,ID-картка,Dummy KTP Indonesia (Kaggle),,720,463,392086
id_card/id_card_0069.png,ID-картка,Dummy KTP Indonesia (Kaggle),,720,463,398182
id_card/id_card_0070.png,ID-картка,Dummy KTP Indonesia (Kaggle),,720,463,400600
id_card/id_card_0071.png,ID-картка,Dummy KTP Indonesia (Kaggle),,720,463,385028
id_card/id_card_0072.png,ID-картка,Dummy KTP Indonesia (Kaggle),,720,463,388721
id_card/id_card_0073.png,ID-картка,Dummy KTP Indonesia (Kaggle),,720,463,387810
id_card/id_card_0074.png,ID-картка,Dummy KTP Indonesia (Kaggle),,720,463,384344
id_card/id_card_0075.png,ID-картка,Dummy KTP Indonesia (Kaggle),,720,463,390014
id_card/id_card_0076.png,ID-картка,Dummy KTP Indonesia (Kaggle),,720,463,391470
id_card/id_card_0077.png,ID-картка,Dummy KTP Indonesia (Kaggle),,720,463,393092
id_card/id_card_0078.png,ID-картка,Dummy KTP Indonesia (Kaggle),,720,463,389023
id_card/id_card_0079.png,ID-картка,Dummy KTP Indonesia (Kaggle),,720,463,395685
id_card/id_card_0080.png,ID-картка,Dummy KTP Indonesia (Kaggle),,720,463,393729
id_card/id_card_0081.png,ID-картка,Dummy KTP Indonesia (Kaggle),,720,463,396908
id_card/id_card_0082.png,ID-картка,Dummy KTP Indonesia (Kaggle),,720,463,389746
id_card/id_card_0083.png,ID-картка,Dummy KTP Indonesia (Kaggle),,720,463,390073
id_card/id_card_0084.png,ID-картка,Dummy KTP Indonesia (Kaggle),,720,463,387808
id_card/id_card_0085.png,ID-картка,Dummy KTP Indonesia (Kaggle),,720,463,389834
id_card/id_card_0086.png,ID-картка,Dummy KTP Indonesia (Kaggle),,720,463,389327
id_card/id_card_0087.png,ID-картка,Dummy KTP Indonesia (Kaggle),,720,463,393006
id_card/id_card_0088.png,ID-картка,Dummy KTP Indonesia (Kaggle),,720,463,389987
id_card/id_card_0089.png,ID-картка,Dummy KTP Indonesia (Kaggle),,720,463,390619
id_card/id_card_0090.png,ID-картка,Dummy KTP Indonesia (Kaggle),,720,463,390678
id_card/id_card_0091.png,ID-картка,Dummy KTP Indonesia (Kaggle),,720,463,391569
id_card/id_card_0092.png,ID-картка,Dummy KTP Indonesia (Kaggle),,720,463,396893
id_card/id_card_0093.png,ID-картка,Dummy KTP Indonesia (Kaggle),,720,463,385164
id_card/id_card_0094.png,ID-картка,Dummy KTP Indonesia (Kaggle),,720,463,394993
id_card/id_card_0095.png,ID-картка,Dummy KTP Indonesia (Kaggle),,720,463,399860
id_card/id_card_0096.png,ID-картка,Dummy KTP Indonesia (Kaggle),,720,463,399585
id_card/id_card_0097.png,ID-картка,Dummy KTP Indonesia (Kaggle),,720,463,388875
id_card/id_card_0098.png,ID-картка,Dummy KTP Indonesia (Kaggle),,720,463,391322
id_card/id_card_0099.png,ID-картка,Dummy KTP Indonesia (Kaggle),,720,463,393554
drvlic/drvlic_0000.png,посвідчення водія,"MIDV-500 (Wikimedia Commons, FTP smartengines.com)",,424,265,197815
drvlic/drvlic_0001.png,посвідчення водія,"MIDV-500 (Wikimedia Commons, FTP smartengines.com)",,562,1000,908341
drvlic/drvlic_0002.png,посвідчення водія,"MIDV-500 (Wikimedia Commons, FTP smartengines.com)",,562,1000,897782
drvlic/drvlic_0003.png,посвідчення водія,"MIDV-500 (Wikimedia Commons, FTP smartengines.com)",,562,1000,905003
drvlic/drvlic_0004.png,посвідчення водія,"MIDV-500 (Wikimedia Commons, FTP smartengines.com)",,562,1000,887446
drvlic/drvlic_0005.png,посвідчення водія,"MIDV-500 (Wikimedia Commons, FTP smartengines.com)",,562,1000,832225
drvlic/drvlic_0006.png,посвідчення водія,"MIDV-500 (Wikimedia Commons, FTP smartengines.com)",,562,1000,849801
drvlic/drvlic_0007.png,посвідчення водія,"MIDV-500 (Wikimedia Commons, FTP smartengines.com)",,562,1000,803696
drvlic/drvlic_0008.png,посвідчення водія,"MIDV-500 (Wikimedia Commons, FTP smartengines.com)",,562,1000,811274
drvlic/drvlic_0009.png,посвідчення водія,"MIDV-500 (Wikimedia Commons, FTP smartengines.com)",,562,1000,858240
drvlic/drvlic_0010.png,посвідчення водія,"MIDV-500 (Wikimedia Commons, FTP smartengines.com)",,562,1000,846429
drvlic/drvlic_0011.png,посвідчення водія,"MIDV-500 (Wikimedia Commons, FTP smartengines.com)",,562,1000,857505
drvlic/drvlic_0012.png,посвідчення водія,"MIDV-500 (Wikimedia Commons, FTP smartengines.com)",,562,1000,836775
drvlic/drvlic_0013.png,посвідчення водія,"MIDV-500 (Wikimedia Commons, FTP smartengines.com)",,562,1000,789289
drvlic/drvlic_0014.png,посвідчення водія,"MIDV-500 (Wikimedia Commons, FTP smartengines.com)",,562,1000,799445
drvlic/drvlic_0015.png,посвідчення водія,"MIDV-500 (Wikimedia Commons, FTP smartengines.com)",,562,1000,858124
drvlic/drvlic_0016.png,посвідчення водія,"MIDV-500 (Wikimedia Commons, FTP smartengines.com)",,562,1000,906317
drvlic/drvlic_0017.png,посвідчення водія,"MIDV-500 (Wikimedia Commons, FTP smartengines.com)",,562,1000,894597
drvlic/drvlic_0018.png,посвідчення водія,"MIDV-500 (Wikimedia Commons, FTP smartengines.com)",,562,1000,897322
drvlic/drvlic_0019.png,посвідчення водія,"MIDV-500 (Wikimedia Commons, FTP smartengines.com)",,562,1000,858541
drvlic/drvlic_0020.png,посвідчення водія,"MIDV-500 (Wikimedia Commons, FTP smartengines.com)",,562,1000,815579
drvlic/drvlic_0021.png,посвідчення водія,"MIDV-500 (Wikimedia Commons, FTP smartengines.com)",,562,1000,821567
drvlic/drvlic_0022.png,посвідчення водія,"MIDV-500 (Wikimedia Commons, FTP smartengines.com)",,562,1000,873958
drvlic/drvlic_0023.png,посвідчення водія,"MIDV-500 (Wikimedia Commons, FTP smartengines.com)",,562,1000,852259
drvlic/drvlic_0024.png,посвідчення водія,"MIDV-500 (Wikimedia Commons, FTP smartengines.com)",,562,1000,821523
drvlic/drvlic_0025.png,посвідчення водія,"MIDV-500 (Wikimedia Commons, FTP smartengines.com)",,562,1000,854138
drvlic/drvlic_0026.png,посвідчення водія,"MIDV-500 (Wikimedia Commons, FTP smartengines.com)",,562,1000,866444
drvlic/drvlic_0027.png,посвідчення водія,"MIDV-500 (Wikimedia Commons, FTP smartengines.com)",,562,1000,833207
drvlic/drvlic_0028.png,посвідчення водія,"MIDV-500 (Wikimedia Commons, FTP smartengines.com)",,562,1000,819726
drvlic/drvlic_0029.png,посвідчення водія,"MIDV-500 (Wikimedia Commons, FTP smartengines.com)",,562,1000,883658
drvlic/drvlic_0030.png,посвідчення водія,"MIDV-500 (Wikimedia Commons, FTP smartengines.com)",,562,1000,908743
drvlic/drvlic_0031.png,посвідчення водія,"MIDV-500 (Wikimedia Commons, FTP smartengines.com)",,562,1000,692493
drvlic/drvlic_0032.png,посвідчення водія,"MIDV-500 (Wikimedia Commons, FTP smartengines.com)",,562,1000,719008
drvlic/drvlic_0033.png,посвідчення водія,"MIDV-500 (Wikimedia Commons, FTP smartengines.com)",,562,1000,727365
drvlic/drvlic_0034.png,посвідчення водія,"MIDV-500 (Wikimedia Commons, FTP smartengines.com)",,562,1000,776690
drvlic/drvlic_0035.png,посвідчення водія,"MIDV-500 (Wikimedia Commons, FTP smartengines.com)",,562,1000,853437
drvlic/drvlic_0036.png,посвідчення водія,"MIDV-500 (Wikimedia Commons, FTP smartengines.com)",,562,1000,832612
drvlic/drvlic_0037.png,посвідчення водія,"MIDV-500 (Wikimedia Commons, FTP smartengines.com)",,562,1000,853752
drvlic/drvlic_0038.png,посвідчення водія,"MIDV-500 (Wikimedia Commons, FTP smartengines.com)",,562,1000,867116
drvlic/drvlic_0039.png,посвідчення водія,"MIDV-500 (Wikimedia Commons, FTP smartengines.com)",,562,1000,821822
drvlic/drvlic_0040.png,посвідчення водія,"MIDV-500 (Wikimedia Commons, FTP smartengines.com)",,562,1000,810903
drvlic/drvlic_0041.png,посвідчення водія,"MIDV-500 (Wikimedia Commons, FTP smartengines.com)",,562,1000,849060
drvlic/drvlic_0042.png,посвідчення водія,"MIDV-500 (Wikimedia Commons, FTP smartengines.com)",,562,1000,851320
drvlic/drvlic_0043.png,посвідчення водія,"MIDV-500 (Wikimedia Commons, FTP smartengines.com)",,562,1000,768293
drvlic/drvlic_0044.png,посвідчення водія,"MIDV-500 (Wikimedia Commons, FTP smartengines.com)",,562,1000,775366
drvlic/drvlic_0045.png,посвідчення водія,"MIDV-500 (Wikimedia Commons, FTP smartengines.com)",,562,1000,810206
drvlic/drvlic_0046.png,посвідчення водія,"MIDV-500 (Wikimedia Commons, FTP smartengines.com)",,562,1000,827397
drvlic/drvlic_0047.png,посвідчення водія,"MIDV-500 (Wikimedia Commons, FTP smartengines.com)",,562,1000,829935
drvlic/drvlic_0048.png,посвідчення водія,"MIDV-500 (Wikimedia Commons, FTP smartengines.com)",,562,1000,837109
drvlic/drvlic_0049.png,посвідчення водія,"MIDV-500 (Wikimedia Commons, FTP smartengines.com)",,562,1000,866612
drvlic/drvlic_0050.png,посвідчення водія,"MIDV-500 (Wikimedia Commons, FTP smartengines.com)",,562,1000,848692
drvlic/drvlic_0051.png,посвідчення водія,"MIDV-500 (Wikimedia Commons, FTP smartengines.com)",,562,1000,786046
drvlic/drvlic_0052.png,посвідчення водія,"MIDV-500 (Wikimedia Commons, FTP smartengines.com)",,562,1000,777811
drvlic/drvlic_0053.png,посвідчення водія,"MIDV-500 (Wikimedia Commons, FTP smartengines.com)",,562,1000,773829
drvlic/drvlic_0054.png,посвідчення водія,"MIDV-500 (Wikimedia Commons, FTP smartengines.com)",,562,1000,787258
drvlic/drvlic_0055.png,посвідчення водія,"MIDV-500 (Wikimedia Commons, FTP smartengines.com)",,562,1000,761595
drvlic/drvlic_0056.png,посвідчення водія,"MIDV-500 (Wikimedia Commons, FTP smartengines.com)",,562,1000,738396
drvlic/drvlic_0057.png,посвідчення водія,"MIDV-500 (Wikimedia Commons, FTP smartengines.com)",,562,1000,723187
drvlic/drvlic_0058.png,посвідчення водія,"MIDV-500 (Wikimedia Commons, FTP smartengines.com)",,562,1000,786525
drvlic/drvlic_0059.png,посвідчення водія,"MIDV-500 (Wikimedia Commons, FTP smartengines.com)",,562,1000,819977
drvlic/drvlic_0060.png,посвідчення водія,"MIDV-500 (Wikimedia Commons, FTP smartengines.com)",,562,1000,818103
drvlic/drvlic_0061.png,посвідчення водія,"MIDV-500 (Wikimedia Commons, FTP smartengines.com)",,562,1000,499588
drvlic/drvlic_0062.png,посвідчення водія,"MIDV-500 (Wikimedia Commons, FTP smartengines.com)",,562,1000,493633
drvlic/drvlic_0063.png,посвідчення водія,"MIDV-500 (Wikimedia Commons, FTP smartengines.com)",,562,1000,504303
drvlic/drvlic_0064.png,посвідчення водія,"MIDV-500 (Wikimedia Commons, FTP smartengines.com)",,562,1000,554265
drvlic/drvlic_0065.png,посвідчення водія,"MIDV-500 (Wikimedia Commons, FTP smartengines.com)",,562,1000,580352
drvlic/drvlic_0066.png,посвідчення водія,"MIDV-500 (Wikimedia Commons, FTP smartengines.com)",,562,1000,593376
drvlic/drvlic_0067.png,посвідчення водія,"MIDV-500 (Wikimedia Commons, FTP smartengines.com)",,562,1000,596584
drvlic/drvlic_0068.png,посвідчення водія,"MIDV-500 (Wikimedia Commons, FTP smartengines.com)",,562,1000,572667
drvlic/drvlic_0069.png,посвідчення водія,"MIDV-500 (Wikimedia Commons, FTP smartengines.com)",,562,1000,591066
drvlic/drvlic_0070.png,посвідчення водія,"MIDV-500 (Wikimedia Commons, FTP smartengines.com)",,562,1000,571982
drvlic/drvlic_0071.png,посвідчення водія,"MIDV-500 (Wikimedia Commons, FTP smartengines.com)",,562,1000,603694
drvlic/drvlic_0072.png,посвідчення водія,"MIDV-500 (Wikimedia Commons, FTP smartengines.com)",,562,1000,601883
drvlic/drvlic_0073.png,посвідчення водія,"MIDV-500 (Wikimedia Commons, FTP smartengines.com)",,562,1000,571265
drvlic/drvlic_0074.png,посвідчення водія,"MIDV-500 (Wikimedia Commons, FTP smartengines.com)",,562,1000,578025
drvlic/drvlic_0075.png,посвідчення водія,"MIDV-500 (Wikimedia Commons, FTP smartengines.com)",,562,1000,600548
drvlic/drvlic_0076.png,посвідчення водія,"MIDV-500 (Wikimedia Commons, FTP smartengines.com)",,562,1000,597500
drvlic/drvlic_0077.png,посвідчення водія,"MIDV-500 (Wikimedia Commons, FTP smartengines.com)",,562,1000,599309
drvlic/drvlic_0078.png,посвідчення водія,"MIDV-500 (Wikimedia Commons, FTP smartengines.com)",,562,1000,568269
drvlic/drvlic_0079.png,посвідчення водія,"MIDV-500 (Wikimedia Commons, FTP smartengines.com)",,562,1000,569629
drvlic/drvlic_0080.png,посвідчення водія,"MIDV-500 (Wikimedia Commons, FTP smartengines.com)",,562,1000,552361
drvlic/drvlic_0081.png,посвідчення водія,"MIDV-500 (Wikimedia Commons, FTP smartengines.com)",,562,1000,566010
drvlic/drvlic_0082.png,посвідчення водія,"MIDV-500 (Wikimedia Commons, FTP smartengines.com)",,562,1000,585975
drvlic/drvlic_0083.png,посвідчення водія,"MIDV-500 (Wikimedia Commons, FTP smartengines.com)",,562,1000,544068
drvlic/drvlic_0084.png,посвідчення водія,"MIDV-500 (Wikimedia Commons, FTP smartengines.com)",,562,1000,557457
drvlic/drvlic_0085.png,посвідчення водія,"MIDV-500 (Wikimedia Commons, FTP smartengines.com)",,562,1000,589676
drvlic/drvlic_0086.png,посвідчення водія,"MIDV-500 (Wikimedia Commons, FTP smartengines.com)",,562,1000,604119
drvlic/drvlic_0087.png,посвідчення водія,"MIDV-500 (Wikimedia Commons, FTP smartengines.com)",,562,1000,616685
drvlic/drvlic_0088.png,посвідчення водія,"MIDV-500 (Wikimedia Commons, FTP smartengines.com)",,562,1000,625099
drvlic/drvlic_0089.png,посвідчення водія,"MIDV-500 (Wikimedia Commons, FTP smartengines.com)",,562,1000,616703
drvlic/drvlic_0090.png,посвідчення водія,"MIDV-500 (Wikimedia Commons, FTP smartengines.com)",,562,1000,563057
drvlic/drvlic_0091.png,посвідчення водія,"MIDV-500 (Wikimedia Commons, FTP smartengines.com)",,562,1000,518191
drvlic/drvlic_0092.png,посвідчення водія,"MIDV-500 (Wikimedia Commons, FTP smartengines.com)",,562,1000,547457
drvlic/drvlic_0093.png,посвідчення водія,"MIDV-500 (Wikimedia Commons, FTP smartengines.com)",,562,1000,596300
drvlic/drvlic_0094.png,посвідчення водія,"MIDV-500 (Wikimedia Commons, FTP smartengines.com)",,562,1000,662639
drvlic/drvlic_0095.png,посвідчення водія,"MIDV-500 (Wikimedia Commons, FTP smartengines.com)",,562,1000,655446
drvlic/drvlic_0096.png,посвідчення водія,"MIDV-500 (Wikimedia Commons, FTP smartengines.com)",,562,1000,665477
drvlic/drvlic_0097.png,посвідчення водія,"MIDV-500 (Wikimedia Commons, FTP smartengines.com)",,562,1000,637699
drvlic/drvlic_0098.png,посвідчення водія,"MIDV-500 (Wikimedia Commons, FTP smartengines.com)",,562,1000,616348
drvlic/drvlic_0099.png,посвідчення водія,"MIDV-500 (Wikimedia Commons, FTP smartengines.com)",,562,1000,625416
drvlic/drvlic_0100.png,посвідчення водія,"MIDV-500 (Wikimedia Commons, FTP smartengines.com)",,562,1000,632992
drvlic/drvlic_0101.png,посвідчення водія,"MIDV-500 (Wikimedia Commons, FTP smartengines.com)",,562,1000,634154
drvlic/drvlic_0102.png,посвідчення водія,"MIDV-500 (Wikimedia Commons, FTP smartengines.com)",,562,1000,653464
drvlic/drvlic_0103.png,посвідчення водія,"MIDV-500 (Wikimedia Commons, FTP smartengines.com)",,562,1000,643183
drvlic/drvlic_0104.png,посвідчення водія,"MIDV-500 (Wikimedia Commons, FTP smartengines.com)",,562,1000,669301
drvlic/drvlic_0105.png,посвідчення водія,"MIDV-500 (Wikimedia Commons, FTP smartengines.com)",,562,1000,679848
drvlic/drvlic_0106.png,посвідчення водія,"MIDV-500 (Wikimedia Commons, FTP smartengines.com)",,562,1000,690482
drvlic/drvlic_0107.png,посвідчення водія,"MIDV-500 (Wikimedia Commons, FTP smartengines.com)",,562,1000,669682
drvlic/drvlic_0108.png,посвідчення водія,"MIDV-500 (Wikimedia Commons, FTP smartengines.com)",,562,1000,667625
drvlic/drvlic_0109.png,посвідчення водія,"MIDV-500 (Wikimedia Commons, FTP smartengines.com)",,562,1000,691213
drvlic/drvlic_0110.png,посвідчення водія,"MIDV-500 (Wikimedia Commons, FTP smartengines.com)",,562,1000,674821
drvlic/drvlic_0111.png,посвідчення водія,"MIDV-500 (Wikimedia Commons, FTP smartengines.com)",,562,1000,680458
drvlic/drvlic_0112.png,посвідчення водія,"MIDV-500 (Wikimedia Commons, FTP smartengines.com)",,562,1000,683792
drvlic/drvlic_0113.png,посвідчення водія,"MIDV-500 (Wikimedia Commons, FTP smartengines.com)",,562,1000,637170
drvlic/drvlic_0114.png,посвідчення водія,"MIDV-500 (Wikimedia Commons, FTP smartengines.com)",,562,1000,660895
drvlic/drvlic_0115.png,посвідчення водія,"MIDV-500 (Wikimedia Commons, FTP smartengines.com)",,562,1000,654409
drvlic/drvlic_0116.png,посвідчення водія,"MIDV-500 (Wikimedia Commons, FTP smartengines.com)",,562,1000,654511
drvlic/drvlic_0117.png,посвідчення водія,"MIDV-500 (Wikimedia Commons, FTP smartengines.com)",,562,1000,641728
drvlic/drvlic_0118.png,посвідчення водія,"MIDV-500 (Wikimedia Commons, FTP smartengines.com)",,562,1000,611301
drvlic/drvlic_0119.png,посвідчення водія,"MIDV-500 (Wikimedia Commons, FTP smartengines.com)",,562,1000,617195
drvlic/drvlic_0120.png,посвідчення водія,"MIDV-500 (Wikimedia Commons, FTP smartengines.com)",,562,1000,606250
drvlic/drvlic_0121.png,посвідчення водія,"MIDV-500 (Wikimedia Commons, FTP smartengines.com)",,562,1000,658896
drvlic/drvlic_0122.png,посвідчення водія,"MIDV-500 (Wikimedia Commons, FTP smartengines.com)",,562,1000,594844
drvlic/drvlic_0123.png,посвідчення водія,"MIDV-500 (Wikimedia Commons, FTP smartengines.com)",,562,1000,605702
drvlic/drvlic_0124.png,посвідчення водія,"MIDV-500 (Wikimedia Commons, FTP smartengines.com)",,562,1000,653811
drvlic/drvlic_0125.png,посвідчення водія,"MIDV-500 (Wikimedia Commons, FTP smartengines.com)",,562,1000,622323
drvlic/drvlic_0126.png,посвідчення водія,"MIDV-500 (Wikimedia Commons, FTP smartengines.com)",,562,1000,626389
drvlic/drvlic_0127.png,посвідчення водія,"MIDV-500 (Wikimedia Commons, FTP smartengines.com)",,562,1000,616354
drvlic/drvlic_0128.png,посвідчення водія,"MIDV-500 (Wikimedia Commons, FTP smartengines.com)",,562,1000,646380
drvlic/drvlic_0129.png,посвідчення водія,"MIDV-500 (Wikimedia Commons, FTP smartengines.com)",,562,1000,646113
drvlic/drvlic_0130.png,посвідчення водія,"MIDV-500 (Wikimedia Commons, FTP smartengines.com)",,562,1000,622388
drvlic/drvlic_0131.png,посвідчення водія,"MIDV-500 (Wikimedia Commons, FTP smartengines.com)",,562,1000,610283
drvlic/drvlic_0132.png,посвідчення водія,"MIDV-500 (Wikimedia Commons, FTP smartengines.com)",,562,1000,645375
drvlic/drvlic_0133.png,посвідчення водія,"MIDV-500 (Wikimedia Commons, FTP smartengines.com)",,562,1000,588741
drvlic/drvlic_0134.png,посвідчення водія,"MIDV-500 (Wikimedia Commons, FTP smartengines.com)",,562,1000,642885
drvlic/drvlic_0135.png,посвідчення водія,"MIDV-500 (Wikimedia Commons, FTP smartengines.com)",,562,1000,660478
drvlic/drvlic_0136.png,посвідчення водія,"MIDV-500 (Wikimedia Commons, FTP smartengines.com)",,562,1000,626116
drvlic/drvlic_0137.png,посвідчення водія,"MIDV-500 (Wikimedia Commons, FTP smartengines.com)",,562,1000,657154
drvlic/drvlic_0138.png,посвідчення водія,"MIDV-500 (Wikimedia Commons, FTP smartengines.com)",,562,1000,497517
drvlic/drvlic_0139.png,посвідчення водія,"MIDV-500 (Wikimedia Commons, FTP smartengines.com)",,562,1000,577829
drvlic/drvlic_0140.png,посвідчення водія,"MIDV-500 (Wikimedia Commons, FTP smartengines.com)",,562,1000,611597
drvlic/drvlic_0141.png,посвідчення водія,"MIDV-500 (Wikimedia Commons, FTP smartengines.com)",,562,1000,623487
drvlic/drvlic_0142.png,посвідчення водія,"MIDV-500 (Wikimedia Commons, FTP smartengines.com)",,562,1000,582917
drvlic/drvlic_0143.png,посвідчення водія,"MIDV-500 (Wikimedia Commons, FTP smartengines.com)",,562,1000,615840
drvlic/drvlic_0144.png,посвідчення водія,"MIDV-500 (Wikimedia Commons, FTP smartengines.com)",,562,1000,609385
drvlic/drvlic_0145.png,посвідчення водія,"MIDV-500 (Wikimedia Commons, FTP smartengines.com)",,562,1000,569928
drvlic/drvlic_0146.png,посвідчення водія,"MIDV-500 (Wikimedia Commons, FTP smartengines.com)",,562,1000,640908
drvlic/drvlic_0147.png,посвідчення водія,"MIDV-500 (Wikimedia Commons, FTP smartengines.com)",,562,1000,618829
drvlic/drvlic_0148.png,посвідчення водія,"MIDV-500 (Wikimedia Commons, FTP smartengines.com)",,562,1000,629472
drvlic/drvlic_0149.png,посвідчення водія,"MIDV-500 (Wikimedia Commons, FTP smartengines.com)",,562,1000,630038
drvlic/drvlic_0150.png,посвідчення водія,"MIDV-500 (Wikimedia Commons, FTP smartengines.com)",,562,1000,562682
drvlic/drvlic_0151.png,посвідчення водія,"MIDV-500 (Wikimedia Commons, FTP smartengines.com)",,562,1000,502538
drvlic/drvlic_0152.png,посвідчення водія,"MIDV-500 (Wikimedia Commons, FTP smartengines.com)",,562,1000,532905
drvlic/drvlic_0153.png,посвідчення водія,"MIDV-500 (Wikimedia Commons, FTP smartengines.com)",,562,1000,585998
drvlic/drvlic_0154.png,посвідчення водія,"MIDV-500 (Wikimedia Commons, FTP smartengines.com)",,562,1000,595626
drvlic/drvlic_0155.png,посвідчення водія,"MIDV-500 (Wikimedia Commons, FTP smartengines.com)",,562,1000,632110
drvlic/drvlic_0156.png,посвідчення водія,"MIDV-500 (Wikimedia Commons, FTP smartengines.com)",,562,1000,642829
drvlic/drvlic_0157.png,посвідчення водія,"MIDV-500 (Wikimedia Commons, FTP smartengines.com)",,562,1000,649550
drvlic/drvlic_0158.png,посвідчення водія,"MIDV-500 (Wikimedia Commons, FTP smartengines.com)",,562,1000,666802
drvlic/drvlic_0159.png,посвідчення водія,"MIDV-500 (Wikimedia Commons, FTP smartengines.com)",,562,1000,696039
drvlic/drvlic_0160.png,посвідчення водія,"MIDV-500 (Wikimedia Commons, FTP smartengines.com)",,562,1000,705396
drvlic/drvlic_0161.png,посвідчення водія,"MIDV-500 (Wikimedia Commons, FTP smartengines.com)",,562,1000,685477
drvlic/drvlic_0162.png,посвідчення водія,"MIDV-500 (Wikimedia Commons, FTP smartengines.com)",,562,1000,670427
drvlic/drvlic_0163.png,посвідчення водія,"MIDV-500 (Wikimedia Commons, FTP smartengines.com)",,562,1000,567999
drvlic/drvlic_0164.png,посвідчення водія,"MIDV-500 (Wikimedia Commons, FTP smartengines.com)",,562,1000,621108
drvlic/drvlic_0165.png,посвідчення водія,"MIDV-500 (Wikimedia Commons, FTP smartengines.com)",,562,1000,634575
drvlic/drvlic_0166.png,посвідчення водія,"MIDV-500 (Wikimedia Commons, FTP smartengines.com)",,562,1000,637473
drvlic/drvlic_0167.png,посвідчення водія,"MIDV-500 (Wikimedia Commons, FTP smartengines.com)",,562,1000,646282
drvlic/drvlic_0168.png,посвідчення водія,"MIDV-500 (Wikimedia Commons, FTP smartengines.com)",,562,1000,663251
drvlic/drvlic_0169.png,посвідчення водія,"MIDV-500 (Wikimedia Commons, FTP smartengines.com)",,562,1000,651077
drvlic/drvlic_0170.png,посвідчення водія,"MIDV-500 (Wikimedia Commons, FTP smartengines.com)",,562,1000,634023
drvlic/drvlic_0171.png,посвідчення водія,"MIDV-500 (Wikimedia Commons, FTP smartengines.com)",,562,1000,672125
drvlic/drvlic_0172.png,посвідчення водія,"MIDV-500 (Wikimedia Commons, FTP smartengines.com)",,562,1000,660676
drvlic/drvlic_0173.png,посвідчення водія,"MIDV-500 (Wikimedia Commons, FTP smartengines.com)",,562,1000,594861
drvlic/drvlic_0174.png,посвідчення водія,"MIDV-500 (Wikimedia Commons, FTP smartengines.com)",,562,1000,628894
drvlic/drvlic_0175.png,посвідчення водія,"MIDV-500 (Wikimedia Commons, FTP smartengines.com)",,562,1000,594887
drvlic/drvlic_0176.png,посвідчення водія,"MIDV-500 (Wikimedia Commons, FTP smartengines.com)",,562,1000,631007
drvlic/drvlic_0177.png,посвідчення водія,"MIDV-500 (Wikimedia Commons, FTP smartengines.com)",,562,1000,675342
drvlic/drvlic_0178.png,посвідчення водія,"MIDV-500 (Wikimedia Commons, FTP smartengines.com)",,562,1000,640393
drvlic/drvlic_0179.png,посвідчення водія,"MIDV-500 (Wikimedia Commons, FTP smartengines.com)",,562,1000,632325
